instance_number,clingo,clingo api,clingo api heu,dlv2,incr heu,no remodel,no switch,std incr
0,0.01,0.002182,0.002134,0.007902,0.010788,0.0071,0.010825,0.009458
1,0.008,0.001732,0.022343,0.007814,0.001613,0.001251,0.001684,0.001589
2,0.008,0.001801,0.022886,0.007658,0.001241,0.000976,0.001326,0.001254
3,0.009,0.001867,0.022485,0.007936,0.001227,0.000981,0.001052,0.001032
4,0.009,0.00192,0.022819,0.007948,0.000992,0.000983,0.001008,0.00103
5,0.011,0.002018,0.022714,0.006287,0.001048,0.001001,0.001015,0.001012
6,0.009,0.002066,0.023157,0.006324,0.005844,0.005643,0.005965,0.005355
7,0.011,0.00213,0.022798,0.006324,0.001478,0.001437,0.001534,0.001361
8,0.012,0.002243,0.023657,0.006347,0.001358,0.001363,0.001392,0.00129
9,0.012,0.002294,0.023407,0.006439,0.001422,0.001387,0.001493,0.001266
10,0.01,0.002406,0.02368,0.006313,0.00142,0.001385,0.001373,0.00128
11,0.012,0.002441,0.023449,0.006422,0.001408,0.001442,0.001443,0.001313
12,0.01,0.002539,0.023951,0.006458,0.006097,0.005897,0.006259,0.005399
13,0.01,0.002563,0.024077,0.006388,0.001643,0.001692,0.001725,0.00156
14,0.01,0.002703,0.024277,0.006568,0.001624,0.001606,0.001622,0.001379
15,0.011,0.002692,0.024196,0.006477,0.001597,0.001601,0.001695,0.001489
16,0.011,0.002776,0.024578,0.006592,0.001633,0.001626,0.001751,0.001442
17,0.011,0.002877,0.024786,0.006442,0.001623,0.001604,0.001581,0.001418
18,0.011,0.002953,0.024757,0.006558,0.001612,0.001632,0.001718,0.001505
19,0.014,0.003035,0.024817,0.006629,0.001634,0.001646,0.001726,0.00142
20,0.012,0.003098,0.025062,0.006518,0.001635,0.001636,0.001613,0.001525
21,0.012,0.003142,0.025159,0.006632,0.001645,0.001632,0.001745,0.001483
22,0.014,0.003281,0.025125,0.005754,0.001715,0.001624,0.001687,0.00149
23,0.012,0.003341,0.025476,0.005802,0.001665,0.001648,0.001739,0.001489
24,0.015,0.003422,0.026108,0.006569,0.001721,0.001687,0.001736,0.001492
25,0.012,0.003612,0.025699,0.006636,0.001688,0.001628,0.001692,0.00151
26,0.013,0.003565,0.026114,0.006686,0.00165,0.001661,0.00166,0.001479
27,0.015,0.003572,0.025691,0.006732,0.001665,0.001687,0.001738,0.00151
28,0.013,0.003657,0.026177,0.005785,0.001659,0.00168,0.001754,0.001468
29,0.015,0.003732,0.026468,0.005868,0.001681,0.001646,0.001645,0.001532
30,0.013,0.003836,0.026211,0.005781,0.001623,0.001657,0.001691,0.001462
31,0.013,0.003883,0.026419,0.005858,0.001651,0.00165,0.001674,0.001487
32,0.016,0.003937,0.026488,0.005956,0.001643,0.001661,0.00165,0.001506
33,0.014,0.004008,0.027003,0.005859,0.001657,0.001652,0.001689,0.001502
34,0.016,0.004124,0.02693,0.005781,0.001668,0.001612,0.001737,0.001519
35,0.014,0.004126,0.027191,0.006795,0.001669,0.001625,0.001759,0.001486
36,0.014,0.004292,0.027171,0.006913,0.00167,0.001606,0.001628,0.00152
37,0.014,0.005043,0.027199,0.006942,0.001723,0.001642,0.001637,0.001481
38,0.014,0.004374,0.027625,0.006785,0.001668,0.001578,0.001706,0.001486
39,0.017,0.004452,0.027546,0.006909,0.001651,0.001629,0.001724,0.001504
40,0.014,0.004585,0.027627,0.00688,0.001709,0.001656,0.001698,0.001482
41,0.015,0.004564,0.027691,0.006948,0.001681,0.001663,0.001749,0.001534
42,0.015,0.004699,0.027804,0.00696,0.001669,0.001652,0.001749,0.00151
43,0.018,0.004718,0.027799,0.006986,0.001684,0.001709,0.001776,0.001488
44,0.018,0.004875,0.028234,0.007109,0.001689,0.001674,0.001668,0.001543
45,0.015,0.005024,0.028667,0.007009,0.001684,0.001677,0.001662,0.001571
46,0.017,0.004938,0.028509,0.009209,0.001661,0.001708,0.00172,0.001522
47,0.015,0.005254,0.028514,0.007106,0.001678,0.001677,0.001762,0.001575
48,0.018,0.005388,0.028953,0.006913,0.001681,0.001673,0.00179,0.001525
49,0.018,0.005454,0.028703,0.007029,0.001734,0.001657,0.001787,0.001547
50,0.016,0.005377,0.029295,0.007175,0.001663,0.001697,0.001711,0.001509
51,0.019,0.005303,0.029212,0.006981,0.001695,0.001694,0.001816,0.001527
52,0.016,0.005398,0.02948,0.007183,0.001691,0.001672,0.001742,0.001557
53,0.016,0.005618,0.029665,0.00717,0.001705,0.001673,0.001724,0.001515
54,0.014,0.005517,0.029501,0.007135,0.00171,0.001682,0.001689,0.001517
55,0.019,0.005589,0.029685,0.007157,0.001704,0.001672,0.00172,0.001534
56,0.017,0.00565,0.02976,0.007227,0.00166,0.001685,0.001672,0.001552
57,0.017,0.00591,0.030072,0.007192,0.001702,0.001681,0.001785,0.001514
58,0.015,0.00598,0.030432,0.00715,0.001673,0.001685,0.001689,0.001529
59,0.015,0.006184,0.030207,0.007291,0.001697,0.001682,0.001701,0.001542
60,0.02,0.00616,0.030406,0.007173,0.001662,0.001693,0.001723,0.001594
61,0.018,0.006079,0.030411,0.007404,0.001675,0.001707,0.001739,0.00152
62,0.015,0.006112,0.030718,0.007222,0.001749,0.001693,0.001785,0.001517
63,0.02,0.006201,0.030588,0.007219,0.001706,0.0017,0.001661,0.001538
64,0.017,0.006816,0.031098,0.007306,0.001655,0.00169,0.001672,0.001559
65,0.021,0.00639,0.031437,0.007343,0.001706,0.001702,0.00171,0.001559
66,0.02,0.006414,0.031311,0.007339,0.001699,0.001693,0.001814,0.001537
67,0.021,0.006433,0.032104,0.007275,0.001703,0.001733,0.001783,0.00153
68,0.016,0.006627,0.031895,0.007249,0.001699,0.00168,0.001716,0.001547
69,0.021,0.006591,0.03143,0.007367,0.001708,0.001705,0.00171,0.001555
70,0.016,0.006674,0.031572,0.007354,0.001681,0.0017,0.001692,0.001518
71,0.014,0.006729,0.03196,0.007399,0.001685,0.001695,0.001735,0.00152
72,0.022,0.006939,0.031882,0.007477,0.001702,0.001718,0.001836,0.001538
73,0.016,0.008287,0.03229,0.007467,0.00167,0.001683,0.001753,0.001521
74,0.022,0.007232,0.032188,0.007408,0.001687,0.001719,0.0017,0.001537
75,0.015,0.00703,0.032355,0.007459,0.001702,0.001698,0.001687,0.001573
76,0.022,0.007192,0.032554,0.007608,0.001675,0.001688,0.001726,0.001539
77,0.022,0.007163,0.033106,0.007492,0.001739,0.001695,0.001824,0.001576
78,0.018,0.00764,0.032729,0.007442,0.001776,0.001656,0.001704,0.001536
79,0.023,0.007648,0.032651,0.007508,0.00169,0.001766,0.001741,0.001573
80,0.017,0.007387,0.033041,0.009718,0.00172,0.001684,0.001803,0.001548
81,0.023,0.007769,0.033153,0.007757,0.001723,0.001748,0.00173,0.001541
82,0.018,0.008118,0.033578,0.007592,0.001759,0.001725,0.00184,0.001549
83,0.023,0.007629,0.033744,0.007593,0.001713,0.001721,0.001907,0.001547
84,0.023,0.007744,0.033653,0.007563,0.001733,0.001754,0.001765,0.00155
85,0.018,0.007777,0.033661,0.007612,0.001797,0.001706,0.001728,0.001564
86,0.015,0.007882,0.033852,0.007654,0.001791,0.001747,0.001742,0.001575
87,0.016,0.007919,0.034546,0.007658,0.001724,0.001717,0.001725,0.001557
88,0.024,0.008505,0.034153,0.007819,0.001716,0.001741,0.001804,0.001563
89,0.018,0.009398,0.034536,0.007822,0.001727,0.001731,0.001764,0.001631
90,0.025,0.008294,0.034442,0.007663,0.001728,0.001732,0.001724,0.001584
91,0.019,0.008226,0.034545,0.00767,0.001733,0.001736,0.00175,0.001579
92,0.016,0.00823,0.03477,0.0077,0.001747,0.001708,0.001745,0.001613
93,0.024,0.008353,0.034888,0.007735,0.001718,0.001677,0.00173,0.001581
94,0.019,0.008507,0.034907,0.007854,0.001739,0.001737,0.001745,0.001597
95,0.016,0.00841,0.0348,0.007788,0.001736,0.001741,0.001774,0.00157
96,0.016,0.008724,0.035115,0.007744,0.001833,0.001713,0.001772,0.001575
97,0.017,0.008637,0.035229,0.007784,0.001767,0.001685,0.001769,0.001603
98,0.016,0.009099,0.035498,0.007636,0.001727,0.001756,0.001747,0.001608
99,0.025,0.008758,0.035526,0.007968,0.001728,0.001744,0.001764,0.001561
100,0.019,0.008822,0.035872,0.007902,0.001772,0.001714,0.001763,0.001622
101,0.025,0.009351,0.036971,0.007778,0.001807,0.001757,0.001741,0.001591
102,0.026,0.009091,0.036384,0.007781,0.00181,0.001745,0.00176,0.001584
103,0.026,0.009126,0.036043,0.007833,0.001774,0.001734,0.001798,0.001607
104,0.018,0.009399,0.03646,0.007933,0.001768,0.00178,0.001778,0.001567
105,0.026,0.009191,0.036463,0.007954,0.001741,0.001737,0.00174,0.00158
106,0.026,0.009616,0.036482,0.007902,0.001743,0.001733,0.001762,0.001626
107,0.02,0.009245,0.037039,0.007948,0.001778,0.001763,0.001775,0.001591
108,0.018,0.009736,0.037124,0.008113,0.001765,0.001731,0.001766,0.001597
109,0.017,0.009523,0.037031,0.007935,0.001869,0.001788,0.001813,0.001594
110,0.022,0.009647,0.03691,0.00797,0.001875,0.001745,0.001793,0.001616
111,0.026,0.009993,0.037511,0.008097,0.001781,0.001732,0.001795,0.001618
112,0.027,0.01001,0.037554,0.008268,0.001773,0.001747,0.001778,0.00162
113,0.018,0.009897,0.037654,0.008117,0.001756,0.001748,0.001767,0.001595
114,0.027,0.009884,0.037678,0.008053,0.001746,0.001742,0.001767,0.001642
115,0.018,0.010165,0.03776,0.008128,0.001764,0.001798,0.001881,0.001676
116,0.027,0.010156,0.037864,0.008147,0.00174,0.001776,0.001746,0.001626
117,0.027,0.010449,0.037839,0.008109,0.001784,0.001751,0.001863,0.001634
118,0.027,0.010615,0.038098,0.008027,0.00179,0.001771,0.00192,0.001572
119,0.018,0.010561,0.038403,0.008165,0.001772,0.001761,0.00179,0.001616
120,0.027,0.010366,0.03869,0.008178,0.001807,0.001787,0.001819,0.001626
121,0.019,0.0103,0.038748,0.008081,0.001797,0.001776,0.001812,0.001606
122,0.019,0.010466,0.038547,0.008214,0.001804,0.001783,0.001894,0.001664
123,0.019,0.010513,0.039322,0.008182,0.001792,0.001785,0.001855,0.00162
124,0.028,0.010846,0.038905,0.008116,0.001836,0.001767,0.001802,0.001607
125,0.019,0.010593,0.039124,0.008257,0.001807,0.001792,0.001816,0.001596
126,0.019,0.011907,0.039287,0.008256,0.001803,0.001746,0.001822,0.001647
127,0.019,0.010704,0.03943,0.008166,0.001847,0.001805,0.001855,0.001587
128,0.028,0.011273,0.039617,0.010864,0.001776,0.001749,0.001809,0.001605
129,0.029,0.011056,0.039572,0.008347,0.001764,0.001799,0.001881,0.001584
130,0.019,0.011106,0.040168,0.008482,0.001735,0.001842,0.001752,0.001607
131,0.02,0.011024,0.040007,0.008511,0.001772,0.001789,0.001796,0.001567
132,0.029,0.011269,0.040153,0.008325,0.001756,0.001796,0.001759,0.001645
133,0.02,0.011269,0.040279,0.008321,0.001782,0.001879,0.001751,0.001629
134,0.02,0.011505,0.040362,0.008401,0.001795,0.001803,0.001801,0.001609
135,0.018,0.011459,0.040241,0.0084,0.001781,0.001757,0.001812,0.001633
136,0.018,0.011789,0.040777,0.008541,0.001796,0.001792,0.001844,0.001593
137,0.029,0.011522,0.04048,0.008387,0.001798,0.001798,0.001818,0.001598
138,0.029,0.011614,0.041263,0.008387,0.001864,0.001762,0.001793,0.001682
139,0.029,0.0118,0.040879,0.008627,0.001844,0.00181,0.001794,0.001616
140,0.03,0.011741,0.041309,0.008528,0.001757,0.001818,0.001765,0.001616
141,0.029,0.011858,0.041111,0.008688,0.001785,0.001782,0.001807,0.001591
142,0.026,0.012037,0.041454,0.008437,0.001765,0.001808,0.001784,0.001599
143,0.03,0.011899,0.041798,0.00846,0.001792,0.001773,0.001796,0.00167
144,0.025,0.012107,0.042437,0.008419,0.001822,0.001789,0.001826,0.001606
145,0.03,0.012143,0.041619,0.008606,0.00176,0.001793,0.001788,0.001611
146,0.029,0.012219,0.041878,0.008597,0.001804,0.001756,0.001783,0.001597
147,0.021,0.012373,0.041939,0.008526,0.001786,0.00175,0.001806,0.001613
148,0.021,0.013831,0.042306,0.008607,0.001818,0.001768,0.001845,0.001686
149,0.03,0.012281,0.042096,0.008547,0.001778,0.001785,0.00181,0.001673
150,0.03,0.012705,0.042601,0.008532,0.001801,0.001748,0.00181,0.0017
151,0.021,0.012555,0.042102,0.008726,0.0018,0.001754,0.001832,0.001659
152,0.021,0.0126,0.042716,0.008642,0.001892,0.001785,0.001878,0.001641
153,0.031,0.012793,0.043037,0.008681,0.001831,0.001787,0.001906,0.001671
154,0.031,0.012765,0.043167,0.007472,0.001789,0.001804,0.00189,0.001648
155,0.031,0.012893,0.043039,0.008678,0.001825,0.001833,0.001857,0.001617
156,0.022,0.012961,0.043332,0.008674,0.001797,0.00179,0.001947,0.001639
157,0.029,0.012944,0.043308,0.008734,0.001822,0.001819,0.001933,0.001757
158,0.031,0.013222,0.043631,0.008809,0.001813,0.001801,0.001908,0.001723
159,0.027,0.013156,0.04346,0.008755,0.001831,0.001816,0.001917,0.001695
160,0.024,0.013253,0.044084,0.008907,0.001812,0.001787,0.001885,0.001823
161,0.023,0.013208,0.043957,0.008926,0.001827,0.001796,0.001839,0.001718
162,0.028,0.013482,0.043905,0.007641,0.00182,0.001822,0.001944,0.001736
163,0.033,0.013746,0.044831,0.007658,0.001835,0.001829,0.001872,0.001689
164,0.022,0.013738,0.044443,0.006444,0.001821,0.001798,0.001843,0.001625
165,0.023,0.014114,0.044341,0.006381,0.001828,0.001813,0.001868,0.001618
166,0.032,0.01379,0.045163,0.007693,0.001796,0.00182,0.001925,0.001659
167,0.031,0.013911,0.044847,0.008996,0.001844,0.001797,0.001924,0.001636
168,0.023,0.013684,0.045051,0.008973,0.00182,0.00191,0.001912,0.001667
169,0.023,0.013724,0.044775,0.008965,0.001818,0.001813,0.001904,0.001652
170,0.023,0.014025,0.045009,0.009158,0.001896,0.001851,0.001904,0.00168
171,0.024,0.013978,0.045405,0.009002,0.00182,0.001832,0.001866,0.001641
172,0.023,0.014573,0.045141,0.008937,0.001837,0.001905,0.00202,0.001713
173,0.033,0.014132,0.045214,0.00903,0.001846,0.001831,0.001987,0.001655
174,0.033,0.014543,0.045491,0.009229,0.001835,0.001792,0.001983,0.001646
175,0.032,0.014575,0.046027,0.007763,0.001799,0.001856,0.001837,0.001646
176,0.032,0.014468,0.046225,0.009175,0.001914,0.001878,0.001958,0.001718
177,0.024,0.014446,0.046383,0.009152,0.00195,0.001875,0.002008,0.001713
178,0.033,0.01465,0.046921,0.007939,0.001852,0.00183,0.002046,0.00165
179,0.024,0.01493,0.046604,0.00905,0.00188,0.001845,0.00193,0.00166
180,0.032,0.015062,0.046443,0.009261,0.001839,0.001843,0.001947,0.001684
181,0.025,0.015082,0.046873,0.00907,0.001927,0.001889,0.001898,0.001655
182,0.033,0.014779,0.048683,0.009251,0.001811,0.001911,0.001928,0.001701
183,0.025,0.014931,0.046334,0.009297,0.001923,0.001859,0.001934,0.001703
184,0.033,0.015943,0.046993,0.00932,0.00187,0.001846,0.002,0.001691
185,0.033,0.014984,0.046897,0.009267,0.001922,0.001852,0.00191,0.001667
186,0.025,0.015279,0.047086,0.009441,0.001874,0.001859,0.001869,0.001654
187,0.033,0.015394,0.047537,0.009264,0.001916,0.001977,0.001851,0.001629
188,0.033,0.015311,0.047509,0.009174,0.001834,0.001897,0.001894,0.001713
189,0.034,0.015875,0.047249,0.009418,0.001944,0.001836,0.001891,0.001671
190,0.033,0.01579,0.048441,0.009262,0.002002,0.001854,0.001893,0.001653
191,0.024,0.015709,0.048562,0.009297,0.001968,0.001936,0.001925,0.001677
192,0.033,0.015653,0.048902,0.008008,0.001987,0.001897,0.001969,0.001725
193,0.025,0.015581,0.048141,0.009473,0.001991,0.001897,0.002132,0.001644
194,0.034,0.015828,0.048129,0.009387,0.001967,0.001876,0.001911,0.001687
195,0.026,0.015788,0.04847,0.009424,0.001898,0.001887,0.00188,0.00166
196,0.034,0.016366,0.048617,0.009489,0.001914,0.001978,0.001887,0.001711
197,0.026,0.016337,0.048739,0.008207,0.001917,0.001963,0.001891,0.001688
198,0.035,0.015939,0.048575,0.008104,0.001899,0.001955,0.001901,0.001737
199,0.026,0.015963,0.048711,0.009421,0.001914,0.00195,0.002047,0.001721
200,0.026,0.017261,0.050126,0.009338,0.001933,0.001978,0.001961,0.001675
201,0.035,0.016113,0.049504,0.009577,0.001862,0.001925,0.001862,0.001677
202,0.026,0.01626,0.050034,0.008289,0.001911,0.001873,0.001923,0.00169
203,0.035,0.016537,0.049442,0.008179,0.001901,0.001879,0.001965,0.001642
204,0.035,0.016366,0.049422,0.009579,0.001915,0.00195,0.001895,0.001711
205,0.035,0.016491,0.050278,0.009485,0.001952,0.001918,0.001958,0.001742
206,0.036,0.017174,0.050138,0.009475,0.001862,0.001901,0.001995,0.001676
207,0.036,0.017038,0.049902,0.009576,0.001893,0.001883,0.001921,0.001749
208,0.036,0.01666,0.050526,0.012296,0.001915,0.001883,0.00194,0.001693
209,0.036,0.016648,0.050097,0.009545,0.001904,0.001963,0.001904,0.001736
210,0.037,0.017275,0.050382,0.009652,0.001912,0.001965,0.001908,0.001714
211,0.029,0.01817,0.050275,0.009862,0.001953,0.001978,0.00196,0.001724
212,0.027,0.017063,0.050561,0.00964,0.001905,0.001855,0.001901,0.001749
213,0.037,0.017013,0.050844,0.009649,0.001912,0.001887,0.001929,0.001697
214,0.028,0.017096,0.051834,0.009633,0.001986,0.001862,0.002033,0.001746
215,0.037,0.017009,0.051073,0.009654,0.001911,0.001871,0.001943,0.001689
216,0.028,0.017185,0.051501,0.009641,0.001888,0.001887,0.001899,0.001717
217,0.037,0.017217,0.05212,0.009706,0.001916,0.001858,0.001946,0.001722
218,0.028,0.017368,0.051532,0.009791,0.001902,0.001939,0.001915,0.001662
219,0.038,0.017415,0.051784,0.009712,0.001925,0.001905,0.001976,0.001711
220,0.035,0.017819,0.052305,0.009672,0.001893,0.001944,0.001926,0.001636
221,0.028,0.017525,0.051642,0.009829,0.001937,0.001973,0.001959,0.001742
222,0.037,0.017696,0.051952,0.009719,0.001962,0.001897,0.001978,0.001646
223,0.038,0.017634,0.051762,0.008387,0.00192,0.001899,0.001923,0.001661
224,0.028,0.018179,0.052316,0.009657,0.001969,0.001896,0.001959,0.001657
225,0.038,0.017981,0.052726,0.009792,0.001971,0.001927,0.00195,0.001639
226,0.028,0.018422,0.052857,0.009757,0.001915,0.001973,0.001919,0.001727
227,0.037,0.018287,0.053189,0.009924,0.001864,0.001954,0.001881,0.00178
228,0.03,0.018173,0.055057,0.009832,0.001895,0.001911,0.001948,0.001714
229,0.035,0.018103,0.052582,0.012343,0.001901,0.001931,0.001909,0.001646
230,0.038,0.019201,0.053034,0.009925,0.001896,0.001968,0.001923,0.00174
231,0.03,0.0187,0.053149,0.010061,0.001902,0.001953,0.001952,0.001636
232,0.037,0.018396,0.053095,0.009982,0.001859,0.001927,0.001877,0.001677
233,0.038,0.018674,0.053532,0.008626,0.001878,0.001957,0.001891,0.001635
234,0.03,0.018948,0.053707,0.00991,0.001885,0.001913,0.001935,0.001715
235,0.039,0.018812,0.053703,0.010063,0.001912,0.001918,0.00192,0.001702
236,0.03,0.018927,0.05434,0.010045,0.001881,0.001935,0.001931,0.001717
237,0.039,0.018876,0.054072,0.010103,0.001897,0.001944,0.001939,0.001643
238,0.03,0.019311,0.05437,0.012648,0.001924,0.001946,0.001946,0.001732
239,0.03,0.018908,0.054336,0.010142,0.002026,0.001907,0.002045,0.001642
240,0.039,0.01933,0.05591,0.01012,0.001897,0.001909,0.002005,0.001654
241,0.038,0.019999,0.054611,0.010146,0.001917,0.001887,0.002011,0.00171
242,0.039,0.019479,0.054875,0.010217,0.001931,0.001875,0.00196,0.001655
243,0.039,0.019627,0.054623,0.010148,0.001905,0.001866,0.002038,0.001638
244,0.03,0.019257,0.054794,0.010076,0.001895,0.001944,0.001998,0.001728
245,0.03,0.020044,0.055228,0.010154,0.001918,0.0019,0.001991,0.001731
246,0.04,0.020014,0.055145,0.010144,0.0019,0.001913,0.002009,0.001691
247,0.031,0.019381,0.05531,0.010508,0.001909,0.002002,0.002016,0.001698
248,0.031,0.019856,0.055511,0.008724,0.001885,0.00192,0.002005,0.001677
249,0.031,0.019737,0.055468,0.008724,0.001892,0.001919,0.001959,0.001767
250,0.031,0.02027,0.056171,0.010187,0.001896,0.001922,0.001927,0.001709
251,0.031,0.020265,0.055772,0.008854,0.001915,0.001924,0.001965,0.001739
252,0.031,0.020115,0.059664,0.007359,0.00189,0.001943,0.001898,0.001768
253,0.04,0.01995,0.055877,0.008789,0.001922,0.001928,0.00194,0.001691
254,0.038,0.020836,0.0565,0.0127,0.001922,0.00195,0.00197,0.001705
255,0.04,0.020723,0.056104,0.010269,0.001922,0.001908,0.001966,0.001734
256,0.041,0.02048,0.057197,0.012909,0.001879,0.001922,0.001893,0.001689
257,0.041,0.021299,0.056527,0.008832,0.001997,0.002112,0.001974,0.001671
258,0.032,0.021104,0.057018,0.008837,0.001909,0.001882,0.001969,0.001702
259,0.032,0.020743,0.057535,0.007419,0.00191,0.001937,0.001925,0.001647
260,0.041,0.02038,0.058303,0.009043,0.001884,0.001903,0.001878,0.001706
261,0.032,0.020869,0.057223,0.009182,0.001912,0.001894,0.001936,0.001646
262,0.032,0.020826,0.057063,0.008859,0.001916,0.001882,0.001944,0.001719
263,0.041,0.020521,0.057047,0.008915,0.001948,0.001862,0.001907,0.001706
264,0.041,0.021305,0.057544,0.00891,0.001931,0.001866,0.001991,0.001761
265,0.041,0.020991,0.057716,0.007525,0.001856,0.001891,0.001912,0.001621
266,0.042,0.021479,0.057775,0.008923,0.00194,0.001888,0.001939,0.001685
267,0.042,0.021093,0.058277,0.00751,0.001902,0.001855,0.001951,0.001713
268,0.036,0.021211,0.058652,0.009172,0.00193,0.001932,0.001948,0.001659
269,0.042,0.021949,0.058339,0.007645,0.001932,0.001864,0.00192,0.001643
270,0.034,0.021204,0.059366,0.009047,0.001891,0.001871,0.001922,0.001719
271,0.033,0.021199,0.058667,0.009024,0.001923,0.001884,0.001979,0.001635
272,0.042,0.021522,0.058801,0.009096,0.001909,0.00189,0.001937,0.001717
273,0.042,0.02128,0.058568,0.00755,0.001965,0.001831,0.00201,0.001643
274,0.033,0.022241,0.059226,0.009001,0.001931,0.001883,0.001951,0.001727
275,0.042,0.021642,0.059335,0.00743,0.001932,0.001872,0.001956,0.001696
276,0.034,0.021842,0.059595,0.006217,0.00198,0.001911,0.002052,0.001724
277,0.043,0.021688,0.059492,0.007618,0.001971,0.001927,0.001983,0.001639
278,0.042,0.022311,0.059295,0.00603,0.001968,0.001928,0.00199,0.001693
279,0.041,0.022157,0.059927,0.006212,0.001962,0.001921,0.001956,0.001649
280,0.043,0.022316,0.059296,0.007775,0.001968,0.001967,0.001967,0.001694
281,0.04,0.021814,0.059853,0.007818,0.00195,0.001886,0.001972,0.001673
282,0.036,0.021979,0.060066,0.007685,0.001942,0.00193,0.001984,0.001771
283,0.034,0.021933,0.060837,0.009127,0.002013,0.001959,0.001983,0.001682
284,0.043,0.022539,0.060467,0.007758,0.001998,0.001956,0.002031,0.001692
285,0.043,0.022052,0.060317,0.009202,0.001988,0.001906,0.001997,0.001631
286,0.034,0.022173,0.060928,0.009233,0.001938,0.001893,0.001957,0.001698
287,0.042,0.022567,0.060515,0.009215,0.00193,0.001898,0.002008,0.001755
288,0.044,0.022557,0.065464,0.009173,0.001932,0.001923,0.001955,0.001697
289,0.043,0.022698,0.061134,0.007702,0.001934,0.001948,0.001974,0.001706
290,0.043,0.022867,0.061654,0.009254,0.001899,0.001938,0.001914,0.001771
291,0.044,0.02273,0.061736,0.00925,0.001955,0.001936,0.00198,0.001705
292,0.035,0.022957,0.062976,0.009217,0.001915,0.001919,0.001939,0.001677
293,0.044,0.022808,0.061538,0.007815,0.001943,0.001932,0.001979,0.001687
294,0.035,0.023542,0.064125,0.009284,0.001939,0.001958,0.001971,0.00171
295,0.035,0.02295,0.061489,0.0093,0.001974,0.001915,0.001978,0.001676
296,0.044,0.023364,0.061369,0.013379,0.001944,0.001912,0.001969,0.001694
297,0.044,0.02358,0.061617,0.010861,0.002008,0.001903,0.001967,0.001703
298,0.045,0.023425,0.062011,0.010954,0.001948,0.001905,0.001947,0.001743
299,0.044,0.023212,0.062285,0.010916,0.001944,0.001956,0.001953,0.001682
300,0.035,0.023663,0.06266,0.010942,0.001903,0.001942,0.001936,0.001768
301,0.044,0.023665,0.062371,0.009404,0.001971,0.001858,0.002003,0.001799
302,0.044,0.023452,0.06285,0.009427,0.001929,0.001868,0.001957,0.001727
303,0.045,0.023384,0.062786,0.009365,0.001925,0.001902,0.001941,0.001769
304,0.037,0.024088,0.062593,0.009331,0.00192,0.001894,0.001943,0.001732
305,0.045,0.023588,0.063731,0.009411,0.001945,0.001936,0.002045,0.001725
306,0.036,0.023805,0.063602,0.009421,0.001923,0.001944,0.002141,0.001727
307,0.037,0.024371,0.065368,0.008005,0.001951,0.001908,0.002137,0.001778
308,0.045,0.024602,0.063424,0.009522,0.001926,0.00195,0.002152,0.001716
309,0.045,0.024881,0.063974,0.009473,0.001986,0.001908,0.002064,0.001761
310,0.037,0.024621,0.063911,0.009619,0.001971,0.001926,0.002069,0.001719
311,0.046,0.023926,0.063759,0.009527,0.001937,0.001889,0.002063,0.001744
312,0.047,0.024037,0.064511,0.013655,0.001954,0.001937,0.00208,0.001762
313,0.045,0.025058,0.066612,0.011299,0.001954,0.001905,0.001977,0.001728
314,0.037,0.024959,0.064514,0.011161,0.001962,0.001875,0.001966,0.001783
315,0.047,0.024392,0.064265,0.011314,0.001998,0.001875,0.002007,0.001748
316,0.036,0.02447,0.064903,0.011288,0.001973,0.001876,0.001976,0.001795
317,0.038,0.024385,0.065187,0.011261,0.001917,0.001877,0.001956,0.001731
318,0.039,0.024662,0.065024,0.013697,0.001925,0.001946,0.001955,0.00179
319,0.039,0.025053,0.064924,0.009546,0.001941,0.001942,0.001951,0.001724
320,0.048,0.024674,0.065184,0.00956,0.001975,0.001905,0.00196,0.001753
321,0.046,0.024848,0.065295,0.00969,0.001989,0.001924,0.002003,0.001751
322,0.039,0.02507,0.065689,0.013549,0.00197,0.001927,0.002063,0.001798
323,0.038,0.025656,0.065605,0.011264,0.001989,0.001937,0.001997,0.0017
324,0.039,0.025312,0.065349,0.011341,0.001965,0.001963,0.001983,0.001742
325,0.047,0.026217,0.065512,0.011227,0.001941,0.001971,0.001996,0.001774
326,0.042,0.025589,0.06608,0.011284,0.001984,0.002008,0.00197,0.001725
327,0.047,0.02604,0.065779,0.009793,0.00201,0.001928,0.001948,0.001825
328,0.038,0.025577,0.065778,0.009705,0.00187,0.001868,0.001919,0.001731
329,0.039,0.025729,0.069345,0.009741,0.001949,0.001914,0.001974,0.001789
330,0.039,0.025883,0.067181,0.009848,0.001956,0.001952,0.001994,0.001802
331,0.048,0.025535,0.067211,0.008304,0.001946,0.001995,0.00198,0.001729
332,0.043,0.025516,0.066587,0.014,0.001911,0.001999,0.001939,0.001769
333,0.038,0.025426,0.066594,0.011375,0.001979,0.001994,0.00198,0.001724
334,0.042,0.025754,0.066715,0.01142,0.001945,0.001968,0.001979,0.001813
335,0.048,0.026127,0.067173,0.011707,0.001952,0.002028,0.002028,0.001799
336,0.048,0.025912,0.067363,0.010188,0.001972,0.00197,0.001999,0.001809
337,0.036,0.026327,0.067352,0.009916,0.00195,0.002022,0.001984,0.001772
338,0.049,0.025882,0.067778,0.009914,0.001931,0.001968,0.001953,0.001786
339,0.048,0.026327,0.067208,0.008287,0.00196,0.001998,0.002078,0.001758
340,0.047,0.027047,0.070726,0.008358,0.001968,0.001972,0.002038,0.001745
341,0.039,0.026181,0.067572,0.014091,0.001895,0.002053,0.00194,0.001786
342,0.049,0.026589,0.067724,0.01012,0.001984,0.001966,0.002074,0.001823
343,0.049,0.026322,0.06818,0.009921,0.002002,0.002049,0.002057,0.001768
344,0.04,0.026885,0.06831,0.008403,0.001942,0.002065,0.002,0.001843
345,0.041,0.0264,0.071303,0.010305,0.001929,0.002045,0.001965,0.001801
346,0.049,0.026535,0.07144,0.00879,0.001962,0.002047,0.002024,0.001852
347,0.049,0.026917,0.069201,0.010214,0.001988,0.002032,0.001994,0.001829
348,0.04,0.027011,0.070274,0.008761,0.002048,0.002067,0.002175,0.001876
349,0.048,0.02729,0.068774,0.006922,0.002022,0.002026,0.002089,0.001819
350,0.049,0.027056,0.072635,0.006994,0.001995,0.002014,0.002059,0.001802
351,0.042,0.027336,0.06958,0.007009,0.001979,0.002061,0.00199,0.001762
352,0.051,0.026974,0.06893,0.006882,0.001909,0.001964,0.00199,0.001758
353,0.049,0.027349,0.069244,0.006993,0.00197,0.002026,0.002007,0.001848
354,0.049,0.027572,0.069374,0.008621,0.001962,0.002019,0.002007,0.001798
355,0.041,0.027786,0.069484,0.010293,0.001935,0.002115,0.002054,0.00188
356,0.05,0.027455,0.069727,0.009623,0.002038,0.002013,0.002306,0.001889
357,0.05,0.027918,0.069646,0.008726,0.002014,0.002024,0.002115,0.001756
358,0.049,0.027565,0.06987,0.008625,0.001975,0.001923,0.001996,0.001808
359,0.04,0.028155,0.071007,0.008675,0.0021,0.001939,0.002019,0.001828
360,0.053,0.028835,0.070183,0.006885,0.001973,0.001947,0.001994,0.001823
361,0.042,0.027565,0.070312,0.006973,0.00207,0.001975,0.002026,0.001808
362,0.051,0.028366,0.070505,0.007031,0.002028,0.001991,0.002083,0.001821
363,0.041,0.028146,0.070656,0.008645,0.001968,0.002048,0.002413,0.001829
364,0.051,0.028177,0.07094,0.010485,0.001924,0.001962,0.002449,0.001858
365,0.05,0.028005,0.070959,0.00881,0.002029,0.001978,0.002371,0.001812
366,0.042,0.02814,0.070875,0.008869,0.002026,0.002042,0.002352,0.001779
367,0.042,0.02819,0.071096,0.008802,0.002105,0.001938,0.002394,0.001824
368,0.051,0.028061,0.071293,0.008769,0.002025,0.002028,0.002499,0.001815
369,0.051,0.028206,0.071205,0.008976,0.002007,0.002037,0.002458,0.001848
370,0.051,0.028612,0.07162,0.009198,0.002011,0.001966,0.002542,0.001843
371,0.042,0.028573,0.072034,0.007123,0.002039,0.001969,0.00249,0.001826
372,0.043,0.030381,0.071969,0.00718,0.002036,0.001949,0.00256,0.001827
373,0.051,0.028579,0.072438,0.007224,0.002037,0.001952,0.002474,0.001838
374,0.043,0.028729,0.073666,0.007114,0.002037,0.001918,0.002409,0.001868
375,0.044,0.029498,0.072489,0.007142,0.002093,0.002015,0.00323,0.001782
376,0.052,0.033172,0.074301,0.007205,0.001977,0.002037,0.002272,0.001929
377,0.042,0.02873,0.074869,0.006973,0.002037,0.001959,0.002228,0.001818
378,0.044,0.028955,0.072678,0.00718,0.002027,0.001965,0.002221,0.001893
379,0.052,0.029192,0.072583,0.007265,0.002023,0.002036,0.002145,0.001796
380,0.042,0.029063,0.072763,0.009065,0.002026,0.002023,0.002223,0.001841
381,0.053,0.028883,0.076628,0.007267,0.002063,0.002047,0.002243,0.001803
382,0.043,0.02935,0.073377,0.007163,0.002052,0.001979,0.002225,0.001814
383,0.044,0.029931,0.072979,0.008978,0.00204,0.001999,0.002207,0.001883
384,0.053,0.029581,0.073532,0.00895,0.002077,0.001993,0.002324,0.001837
385,0.052,0.03053,0.073617,0.007348,0.002011,0.00202,0.002324,0.001851
386,0.052,0.029571,0.073741,0.007086,0.002059,0.002015,0.00239,0.001816
387,0.044,0.029728,0.073968,0.007166,0.002024,0.002025,0.002061,0.001835
388,0.053,0.029786,0.074388,0.007296,0.002049,0.001996,0.002079,0.001948
389,0.052,0.029655,0.074269,0.00737,0.002031,0.001986,0.002156,0.00188
390,0.053,0.030074,0.07447,0.007301,0.002023,0.002056,0.002062,0.001932
391,0.052,0.030023,0.074079,0.00738,0.002016,0.002045,0.002076,0.001874
392,0.044,0.030117,0.075385,0.0073,0.002041,0.001993,0.002109,0.001888
393,0.045,0.030289,0.074698,0.007301,0.002055,0.001975,0.002108,0.00186
394,0.052,0.030006,0.07479,0.007338,0.002058,0.002004,0.002089,0.0019
395,0.044,0.03101,0.074529,0.007371,0.002079,0.002027,0.00209,0.001886
396,0.046,0.030818,0.075755,0.007386,0.002032,0.002055,0.002067,0.001908
397,0.054,0.030997,0.075066,0.007357,0.002033,0.002002,0.002315,0.001935
398,0.045,0.030716,0.076029,0.007315,0.002072,0.002078,0.002188,0.001853
399,0.046,0.030493,0.075816,0.009149,0.002043,0.002054,0.002091,0.001845
400,0.053,0.0311,0.075099,0.007427,0.002086,0.002012,0.002121,0.001867
401,0.053,0.031096,0.075783,0.007321,0.002048,0.002044,0.002093,0.001922
402,0.054,0.031381,0.078398,0.007371,0.002086,0.001982,0.00214,0.001908
403,0.044,0.031137,0.076278,0.007517,0.00207,0.002039,0.002104,0.001873
404,0.047,0.030976,0.07645,0.007437,0.002103,0.002097,0.002152,0.001919
405,0.055,0.031056,0.076098,0.007493,0.002082,0.002039,0.002165,0.001904
406,0.046,0.031915,0.078046,0.007508,0.002104,0.002018,0.002199,0.001886
407,0.054,0.030912,0.076229,0.007444,0.002058,0.002044,0.002111,0.001957
408,0.046,0.031323,0.077002,0.00931,0.002033,0.001964,0.002087,0.001906
409,0.045,0.030978,0.0766,0.007459,0.002068,0.002002,0.00217,0.001916
410,0.055,0.031404,0.077309,0.007408,0.002072,0.002035,0.00214,0.001971
411,0.047,0.032266,0.081098,0.007465,0.002009,0.001989,0.002103,0.001908
412,0.055,0.032408,0.076936,0.009229,0.002125,0.001987,0.002089,0.001937
413,0.046,0.031445,0.077951,0.009311,0.002041,0.001967,0.002098,0.001966
414,0.046,0.031437,0.077423,0.007433,0.00206,0.002011,0.002076,0.00196
415,0.054,0.03396,0.077584,0.007529,0.002126,0.002031,0.002165,0.00194
416,0.055,0.032211,0.078054,0.007507,0.002073,0.002016,0.002155,0.002027
417,0.055,0.031478,0.077747,0.009335,0.002048,0.002049,0.002157,0.002021
418,0.046,0.031947,0.078707,0.007583,0.002032,0.001978,0.002069,0.001947
419,0.046,0.033076,0.078021,0.007561,0.002071,0.002054,0.002142,0.001985
420,0.057,0.032376,0.078222,0.007498,0.002058,0.002027,0.002114,0.001998
421,0.046,0.032013,0.078283,0.007817,0.002167,0.002059,0.002256,0.001983
422,0.047,0.032267,0.078685,0.00764,0.002082,0.002041,0.002178,0.002053
423,0.047,0.032225,0.078423,0.007652,0.002084,0.001982,0.002176,0.002
424,0.046,0.032623,0.078594,0.007572,0.002069,0.002058,0.0021,0.001958
425,0.057,0.03256,0.078814,0.00769,0.002013,0.002075,0.002064,0.001996
426,0.048,0.032298,0.07915,0.007645,0.002068,0.00208,0.002139,0.001998
427,0.05,0.03382,0.079935,0.00764,0.002087,0.002071,0.002193,0.001949
428,0.047,0.033307,0.080052,0.007593,0.002094,0.002077,0.002186,0.001996
429,0.057,0.032922,0.080153,0.007612,0.002082,0.002067,0.002151,0.002006
430,0.056,0.032449,0.079225,0.007387,0.002094,0.002022,0.00211,0.00197
431,0.056,0.03282,0.079312,0.009482,0.002044,0.002068,0.002119,0.002009
432,0.049,0.033106,0.080003,0.007479,0.002107,0.002006,0.002183,0.002001
433,0.047,0.03303,0.080002,0.007729,0.002132,0.002001,0.002187,0.00202
434,0.048,0.032998,0.080351,0.009534,0.002129,0.002001,0.002172,0.002016
435,0.055,0.032871,0.080571,0.015604,0.002072,0.002035,0.002153,0.001969
436,0.057,0.034283,0.08213,0.012957,0.002115,0.002043,0.002133,0.001956
437,0.057,0.033073,0.0804,0.011555,0.00208,0.002027,0.00213,0.001995
438,0.059,0.033617,0.080721,0.011267,0.002089,0.002064,0.002112,0.002041
439,0.048,0.033574,0.08062,0.01133,0.002126,0.00209,0.00222,0.002005
440,0.049,0.03362,0.081072,0.009617,0.002101,0.001996,0.002178,0.002016
441,0.049,0.03418,0.081808,0.009536,0.002096,0.002117,0.002185,0.001948
442,0.053,0.033604,0.08137,0.009506,0.002089,0.002067,0.002115,0.002044
443,0.048,0.033816,0.083896,0.009541,0.002121,0.002036,0.002222,0.002023
444,0.049,0.034508,0.082188,0.007771,0.002107,0.002049,0.002139,0.002073
445,0.057,0.033392,0.081144,0.007789,0.002098,0.002014,0.002184,0.001986
446,0.057,0.034844,0.087909,0.007602,0.002103,0.002043,0.002194,0.00204
447,0.058,0.034151,0.081874,0.015728,0.002128,0.002073,0.002138,0.002046
448,0.055,0.034797,0.081871,0.015615,0.002105,0.002086,0.002125,0.002025
449,0.052,0.034183,0.081819,0.013431,0.002097,0.002103,0.002172,0.002026
450,0.052,0.035379,0.088601,0.009658,0.002187,0.002077,0.002225,0.002091
451,0.052,0.035487,0.082557,0.009806,0.002154,0.002034,0.002179,0.002071
452,0.052,0.034264,0.082208,0.00762,0.002117,0.002095,0.002205,0.002067
453,0.053,0.03489,0.082741,0.007592,0.002131,0.002067,0.002142,0.002004
454,0.052,0.034344,0.082821,0.007934,0.002113,0.002083,0.002182,0.002029
455,0.059,0.034724,0.083011,0.007878,0.002113,0.002059,0.002158,0.002083
456,0.054,0.036279,0.082987,0.007908,0.002085,0.002063,0.00211,0.002111
457,0.053,0.035432,0.083507,0.008004,0.002148,0.002167,0.002155,0.002004
458,0.053,0.035359,0.083635,0.007886,0.002163,0.002082,0.002187,0.00204
459,0.055,0.03719,0.08893,0.009729,0.002116,0.002066,0.002191,0.002035
460,0.053,0.03541,0.083796,0.008022,0.002127,0.002107,0.002191,0.002043
461,0.055,0.035305,0.084116,0.007922,0.002173,0.00213,0.002239,0.002042
462,0.053,0.035426,0.084094,0.009868,0.002138,0.00209,0.002189,0.00202
463,0.054,0.035003,0.084004,0.008021,0.002148,0.002093,0.002168,0.002033
464,0.054,0.035303,0.08577,0.007981,0.002096,0.002145,0.002155,0.002012
465,0.054,0.035129,0.084031,0.008109,0.002149,0.002083,0.002192,0.002029
466,0.053,0.035336,0.084774,0.007995,0.002118,0.002092,0.00216,0.002079
467,0.054,0.035361,0.084577,0.009946,0.002137,0.002065,0.002172,0.002055
468,0.054,0.035414,0.08468,0.009801,0.0021,0.002086,0.002167,0.002104
469,0.055,0.035409,0.084998,0.008073,0.002145,0.00207,0.002195,0.002056
470,0.053,0.036811,0.085136,0.007891,0.002159,0.002117,0.00216,0.002076
471,0.054,0.035626,0.0848,0.008043,0.002124,0.002046,0.002147,0.002075
472,0.054,0.036147,0.085833,0.007997,0.002149,0.002099,0.002175,0.002106
473,0.053,0.035907,0.085624,0.01007,0.002165,0.002027,0.002187,0.002074
474,0.055,0.035661,0.086359,0.009913,0.002182,0.002115,0.002194,0.002082
475,0.06,0.036439,0.087651,0.008089,0.002163,0.002158,0.002189,0.002046
476,0.054,0.036234,0.085585,0.008145,0.00217,0.002085,0.002186,0.002087
477,0.055,0.037629,0.085724,0.00816,0.002153,0.002079,0.002192,0.002128
478,0.055,0.036195,0.087065,0.008195,0.002123,0.002087,0.002208,0.002052
479,0.054,0.036689,0.086244,0.008093,0.002217,0.002116,0.002232,0.00209
480,0.055,0.036714,0.086085,0.010083,0.002143,0.002131,0.002175,0.00202
481,0.054,0.036625,0.085756,0.008058,0.002164,0.002115,0.002227,0.002046
482,0.054,0.036086,0.086819,0.0101,0.002169,0.002078,0.002179,0.002125
483,0.056,0.03689,0.087096,0.008158,0.002164,0.002077,0.002192,0.002033
484,0.055,0.037313,0.087189,0.008133,0.002176,0.002116,0.002205,0.002065
485,0.055,0.039354,0.087515,0.008133,0.002094,0.002136,0.002171,0.002058
486,0.056,0.036958,0.087744,0.009977,0.002212,0.002094,0.002287,0.002113
487,0.055,0.039988,0.086967,0.010053,0.002122,0.002104,0.002178,0.002074
488,0.056,0.037276,0.088076,0.010069,0.002146,0.002121,0.002163,0.002109
489,0.057,0.037094,0.086932,0.008113,0.002111,0.002069,0.002162,0.002022
490,0.056,0.036968,0.087849,0.008172,0.002149,0.00214,0.00219,0.002111
491,0.056,0.037463,0.088223,0.008211,0.002149,0.002093,0.002195,0.002137
492,0.056,0.037078,0.087879,0.010162,0.002176,0.002075,0.002203,0.002114
493,0.056,0.037473,0.088032,0.008248,0.002158,0.002073,0.002272,0.002088
494,0.055,0.037183,0.088469,0.010229,0.002138,0.002165,0.002203,0.002138
495,0.056,0.037091,0.087976,0.010123,0.002214,0.002176,0.002232,0.002122
496,0.064,0.039024,0.088822,0.008245,0.002171,0.002172,0.002279,0.002122
497,0.061,0.037587,0.088182,0.008029,0.00211,0.002087,0.002201,0.002101
498,0.06,0.037499,0.088813,0.010221,0.002153,0.002101,0.002236,0.002144
499,0.062,0.037349,0.089029,0.008337,0.002179,0.002153,0.002189,0.002078
500,0.061,0.038028,0.089205,0.008293,0.002204,0.002148,0.002245,0.002143
501,0.06,0.038385,0.088739,0.016547,0.002149,0.00218,0.002176,0.002131
502,0.059,0.03843,0.088907,0.012265,0.002202,0.00221,0.002249,0.002125
503,0.061,0.038351,0.08938,0.012358,0.002198,0.002154,0.002237,0.002131
504,0.062,0.038638,0.089132,0.010418,0.002184,0.002101,0.002217,0.002114
505,0.059,0.038153,0.089637,0.010327,0.002231,0.002159,0.002236,0.002188
506,0.063,0.03854,0.090195,0.010308,0.002185,0.002145,0.002249,0.002151
507,0.058,0.038193,0.090132,0.01049,0.002204,0.002121,0.002312,0.002117
508,0.062,0.038168,0.090223,0.010512,0.002202,0.002139,0.002215,0.002099
509,0.063,0.038193,0.090408,0.008516,0.002215,0.002125,0.002307,0.002106
510,0.064,0.038189,0.090208,0.010408,0.002162,0.00218,0.002234,0.002096
511,0.06,0.039176,0.09079,0.010551,0.002155,0.002143,0.002249,0.00217
512,0.063,0.039068,0.091806,0.008369,0.002259,0.002138,0.002258,0.002134
513,0.063,0.03864,0.090766,0.008456,0.002252,0.002102,0.002274,0.00213
514,0.064,0.03901,0.090648,0.008466,0.002203,0.002112,0.002236,0.002215
515,0.064,0.039782,0.09097,0.008478,0.002188,0.002168,0.00222,0.002093
516,0.064,0.038905,0.091719,0.008359,0.00219,0.002181,0.002292,0.002165
517,0.061,0.038873,0.091554,0.010419,0.002239,0.0022,0.002304,0.00211
518,0.062,0.038657,0.097605,0.00844,0.002272,0.002202,0.002262,0.002229
519,0.063,0.039296,0.09119,0.00849,0.002166,0.002235,0.002279,0.002143
520,0.064,0.039805,0.091573,0.008458,0.002187,0.002171,0.002217,0.002151
521,0.063,0.039101,0.092326,0.010539,0.002213,0.00214,0.002272,0.002123
522,0.065,0.039717,0.09215,0.009067,0.002225,0.002173,0.00238,0.0021
523,0.064,0.039382,0.091924,0.008428,0.002223,0.002114,0.00229,0.002099
524,0.062,0.039683,0.092954,0.010385,0.002228,0.002188,0.002336,0.002195
525,0.064,0.039724,0.09255,0.016511,0.002231,0.002197,0.002256,0.002196
526,0.064,0.039835,0.092552,0.01233,0.002228,0.00213,0.002304,0.002177
527,0.059,0.040277,0.094048,0.008567,0.002244,0.002172,0.002289,0.002182
528,0.066,0.04042,0.092788,0.010611,0.002206,0.002201,0.002271,0.002175
529,0.06,0.039642,0.092351,0.008509,0.002235,0.002165,0.002352,0.002221
530,0.059,0.040347,0.093262,0.010547,0.002276,0.002171,0.002298,0.00226
531,0.06,0.040617,0.093232,0.010959,0.002261,0.002227,0.002345,0.002189
532,0.062,0.04062,0.092886,0.008543,0.002271,0.002222,0.002337,0.002244
533,0.061,0.040655,0.093436,0.01073,0.002215,0.002204,0.00229,0.002139
534,0.061,0.039989,0.093289,0.008556,0.002275,0.00219,0.002371,0.002232
535,0.062,0.040251,0.092885,0.008763,0.002271,0.002233,0.002324,0.002179
536,0.061,0.041278,0.09337,0.008584,0.002248,0.002185,0.002309,0.002191
537,0.067,0.040456,0.093538,0.008656,0.002288,0.00221,0.002402,0.002246
538,0.061,0.0417,0.09426,0.008637,0.002272,0.002205,0.00238,0.002219
539,0.062,0.040342,0.093907,0.008526,0.002241,0.002272,0.002331,0.002213
540,0.061,0.041557,0.094614,0.008594,0.002299,0.002208,0.002357,0.002201
541,0.06,0.040609,0.094859,0.010692,0.002221,0.002209,0.002342,0.002221
542,0.066,0.045038,0.094754,0.01068,0.002187,0.002167,0.002316,0.002211
543,0.065,0.041152,0.09728,0.010761,0.002243,0.002202,0.002304,0.00223
544,0.065,0.041662,0.094825,0.008705,0.002239,0.002252,0.002363,0.002184
545,0.066,0.041517,0.095121,0.010698,0.002212,0.002177,0.002336,0.002178
546,0.067,0.040969,0.095655,0.010687,0.002199,0.002234,0.002257,0.00225
547,0.068,0.04087,0.094958,0.010753,0.002253,0.00221,0.002375,0.002161
548,0.066,0.041915,0.096243,0.00859,0.002267,0.002179,0.002342,0.002211
549,0.067,0.041785,0.096534,0.00866,0.002236,0.002265,0.002272,0.002153
550,0.07,0.041682,0.095891,0.010824,0.002259,0.002177,0.002321,0.00215
551,0.068,0.041558,0.095824,0.010743,0.002258,0.002163,0.00237,0.00216
552,0.067,0.042396,0.095363,0.008715,0.002214,0.002269,0.002317,0.002195
553,0.067,0.041759,0.095875,0.008767,0.002239,0.002201,0.002302,0.002122
554,0.067,0.041589,0.096238,0.008763,0.002216,0.002229,0.002298,0.002225
555,0.067,0.04215,0.096353,0.010805,0.002223,0.002182,0.002286,0.002238
556,0.067,0.044289,0.096213,0.008509,0.002207,0.002175,0.002266,0.002151
557,0.066,0.041769,0.096574,0.008735,0.002214,0.002248,0.002367,0.002211
558,0.068,0.041733,0.096876,0.008748,0.00226,0.002226,0.002371,0.002163
559,0.063,0.042005,0.098174,0.008793,0.002279,0.00215,0.002382,0.002194
560,0.069,0.042566,0.097093,0.008865,0.002259,0.002186,0.002405,0.002231
561,0.067,0.042472,0.09706,0.010852,0.002271,0.002143,0.00234,0.002213
562,0.066,0.04243,0.097694,0.008905,0.002322,0.002188,0.002356,0.002223
563,0.067,0.042354,0.0977,0.011123,0.002301,0.002222,0.002429,0.002207
564,0.068,0.043548,0.098301,0.010984,0.002218,0.002176,0.002301,0.002258
565,0.067,0.042567,0.099241,0.008811,0.002237,0.002214,0.002286,0.002235
566,0.069,0.04332,0.097685,0.01089,0.002242,0.002214,0.002333,0.002181
567,0.068,0.042987,0.099108,0.010948,0.002247,0.002165,0.002292,0.002198
568,0.067,0.043823,0.098126,0.008881,0.002299,0.002239,0.002304,0.002227
569,0.068,0.043,0.097893,0.011014,0.002281,0.002193,0.002368,0.002252
570,0.069,0.043015,0.101292,0.008827,0.002228,0.002225,0.002298,0.00228
571,0.068,0.043047,0.098535,0.011021,0.002254,0.002176,0.002326,0.002247
572,0.068,0.044317,0.099109,0.017177,0.002333,0.002241,0.002352,0.002332
573,0.068,0.042665,0.098348,0.012951,0.002249,0.002216,0.002368,0.002255
574,0.064,0.043005,0.098735,0.010927,0.002227,0.002233,0.00235,0.002277
575,0.063,0.043118,0.106921,0.011007,0.002276,0.00218,0.002345,0.002257
576,0.065,0.043587,0.099166,0.008627,0.002249,0.002251,0.002393,0.002278
577,0.068,0.043046,0.098912,0.011026,0.002237,0.002236,0.002287,0.002226
578,0.066,0.043957,0.099742,0.011129,0.002209,0.002194,0.002361,0.002297
579,0.065,0.043409,0.100069,0.01107,0.002248,0.002237,0.002314,0.00225
580,0.066,0.044079,0.09953,0.008972,0.002226,0.002218,0.002368,0.002293
581,0.068,0.043149,0.100291,0.008977,0.002295,0.002215,0.00238,0.002308
582,0.071,0.043806,0.099712,0.017328,0.002232,0.002206,0.002339,0.002259
583,0.068,0.044776,0.100415,0.013098,0.002317,0.002165,0.002338,0.002305
584,0.069,0.044608,0.102189,0.01104,0.002268,0.002237,0.002388,0.002249
585,0.07,0.044324,0.099895,0.009098,0.002309,0.002214,0.002373,0.002225
586,0.07,0.044084,0.100616,0.009164,0.002295,0.002235,0.002448,0.002274
587,0.069,0.044008,0.100461,0.009102,0.002337,0.002211,0.002382,0.002288
588,0.07,0.044432,0.101255,0.014693,0.0023,0.002188,0.002432,0.002292
589,0.071,0.043871,0.101422,0.012959,0.002289,0.002199,0.002311,0.002312
590,0.069,0.044261,0.100975,0.011163,0.002282,0.002231,0.002421,0.002329
591,0.071,0.044387,0.101063,0.011262,0.002305,0.002203,0.002585,0.002288
592,0.072,0.04433,0.101371,0.008971,0.002259,0.002224,0.002383,0.002256
593,0.071,0.044245,0.101706,0.009068,0.002319,0.002244,0.002366,0.002293
594,0.071,0.044609,0.103288,0.011181,0.002505,0.002283,0.00247,0.002343
595,0.07,0.044838,0.102042,0.011277,0.002349,0.00227,0.002382,0.002334
596,0.069,0.046131,0.103824,0.017162,0.00229,0.002202,0.002347,0.002349
597,0.071,0.044673,0.102237,0.013172,0.00229,0.002263,0.00239,0.00229
598,0.072,0.044664,0.101725,0.011303,0.002328,0.002236,0.002321,0.002332
599,0.072,0.044955,0.102166,0.009145,0.002308,0.002252,0.002401,0.00232
600,0.071,0.045501,0.102279,0.008834,0.00234,0.002264,0.002387,0.002311
601,0.07,0.044864,0.105661,0.011398,0.002346,0.002215,0.002466,0.002262
602,0.07,0.04478,0.102962,0.011362,0.002273,0.002201,0.002327,0.002282
603,0.074,0.047166,0.102892,0.011331,0.002281,0.002247,0.0024,0.002324
604,0.071,0.04685,0.102825,0.011283,0.002324,0.002289,0.002434,0.002332
605,0.075,0.045175,0.102764,0.011243,0.002361,0.002229,0.002458,0.002284
606,0.071,0.045452,0.105466,0.011261,0.002276,0.002249,0.002437,0.002349
607,0.07,0.046758,0.102895,0.011293,0.002296,0.002263,0.002544,0.002304
608,0.072,0.047041,0.104245,0.011461,0.002292,0.002268,0.002477,0.002355
609,0.073,0.045615,0.103587,0.011298,0.002298,0.002269,0.002468,0.002345
610,0.068,0.045821,0.103945,0.011368,0.002307,0.002247,0.002506,0.002272
611,0.073,0.046154,0.103798,0.011368,0.002353,0.002265,0.002476,0.002276
612,0.073,0.046351,0.104497,0.011311,0.002271,0.002253,0.002356,0.002303
613,0.071,0.046068,0.104182,0.011392,0.002362,0.002314,0.002551,0.002302
614,0.071,0.045988,0.104321,0.011443,0.002319,0.002287,0.002446,0.002341
615,0.068,0.050047,0.104502,0.011464,0.002302,0.002365,0.002368,0.002348
616,0.072,0.047372,0.104491,0.011425,0.002314,0.002287,0.002433,0.002363
617,0.072,0.045899,0.105259,0.011383,0.002308,0.002299,0.002403,0.002343
618,0.072,0.046279,0.105441,0.011389,0.002328,0.002228,0.002415,0.002342
619,0.071,0.045937,0.105031,0.0114,0.002306,0.002266,0.00245,0.002347
620,0.074,0.046807,0.105392,0.011561,0.002343,0.002251,0.002402,0.002309
621,0.072,0.047077,0.1048,0.008966,0.002304,0.002285,0.002386,0.002423
622,0.074,0.046401,0.104958,0.011514,0.002352,0.002249,0.002538,0.002399
623,0.072,0.046603,0.106514,0.011517,0.002363,0.002285,0.002424,0.002348
624,0.072,0.04777,0.105583,0.011559,0.002378,0.002331,0.002418,0.002322
625,0.068,0.048177,0.105242,0.015381,0.002321,0.002344,0.002522,0.002349
626,0.071,0.046665,0.105531,0.011295,0.002349,0.002288,0.00255,0.002316
627,0.069,0.047063,0.106058,0.011497,0.002354,0.002296,0.00251,0.002303
628,0.071,0.04729,0.106241,0.01196,0.002386,0.002275,0.002514,0.002327
629,0.072,0.047112,0.106074,0.011534,0.002364,0.002303,0.002434,0.002322
630,0.074,0.046832,0.106458,0.011689,0.00237,0.002326,0.002434,0.002403
631,0.073,0.04782,0.105753,0.011693,0.002398,0.002267,0.002462,0.002367
632,0.071,0.047698,0.106451,0.011601,0.002386,0.002295,0.002577,0.002314
633,0.076,0.04776,0.109539,0.009439,0.002329,0.002314,0.002468,0.002356
634,0.074,0.047467,0.109953,0.011614,0.002398,0.002303,0.00243,0.002334
635,0.069,0.047766,0.106844,0.00946,0.002362,0.002331,0.002511,0.002341
636,0.071,0.047443,0.107657,0.01179,0.002411,0.002352,0.002463,0.002369
637,0.071,0.047577,0.106939,0.011864,0.002352,0.002332,0.002416,0.002333
638,0.069,0.047611,0.107634,0.011917,0.002371,0.002339,0.002582,0.002348
639,0.065,0.049132,0.107416,0.011924,0.00245,0.00233,0.002483,0.002384
640,0.075,0.04932,0.107668,0.011663,0.002445,0.0023,0.002561,0.002351
641,0.069,0.048151,0.108457,0.011793,0.002335,0.002322,0.002895,0.002346
642,0.074,0.048366,0.108508,0.011607,0.002381,0.002293,0.002429,0.002384
643,0.069,0.048414,0.108369,0.017851,0.002359,0.002342,0.002452,0.002346
644,0.074,0.048493,0.108194,0.013549,0.002395,0.002341,0.002537,0.002465
645,0.074,0.047809,0.108804,0.011782,0.002349,0.002302,0.002456,0.002385
646,0.073,0.048136,0.108062,0.011931,0.002397,0.002331,0.002422,0.002474
647,0.085,0.04917,0.110546,0.011857,0.002346,0.002299,0.002399,0.002361
648,0.075,0.049177,0.108908,0.011916,0.002347,0.002319,0.002514,0.002407
649,0.07,0.048391,0.108885,0.01579,0.002433,0.002369,0.0026,0.002381
650,0.075,0.048408,0.108978,0.018045,0.002368,0.002319,0.002469,0.002402
651,0.071,0.048445,0.110452,0.013946,0.002353,0.002339,0.002423,0.002354
652,0.074,0.049539,0.10984,0.009215,0.002414,0.002285,0.002519,0.002408
653,0.07,0.049493,0.110376,0.011746,0.00241,0.002277,0.002481,0.002409
654,0.079,0.048713,0.110303,0.011744,0.0024,0.002291,0.002491,0.002424
655,0.071,0.048832,0.109644,0.011943,0.00245,0.002335,0.002536,0.002381
656,0.071,0.049509,0.109359,0.011819,0.002443,0.002314,0.00265,0.002496
657,0.077,0.048943,0.110041,0.011805,0.002464,0.002386,0.002501,0.002385
658,0.071,0.050957,0.110784,0.011884,0.002465,0.002365,0.002479,0.002413
659,0.071,0.051637,0.110457,0.011911,0.002363,0.00234,0.002551,0.002352
660,0.072,0.049733,0.110835,0.011928,0.002401,0.002336,0.002465,0.00245
661,0.074,0.050136,0.110573,0.012049,0.002433,0.002352,0.00248,0.002414
662,0.072,0.050036,0.110067,0.012014,0.002379,0.00234,0.002574,0.002446
663,0.075,0.049307,0.110583,0.012024,0.002447,0.002364,0.00249,0.00245
664,0.071,0.050102,0.112675,0.012022,0.002436,0.002419,0.002447,0.00249
665,0.076,0.050871,0.110332,0.012097,0.002391,0.002384,0.002603,0.002396
666,0.073,0.050089,0.113557,0.011962,0.002355,0.002314,0.002447,0.002475
667,0.076,0.050941,0.11061,0.011891,0.002435,0.002326,0.002535,0.002444
668,0.072,0.050282,0.115353,0.01195,0.002417,0.002318,0.002615,0.002446
669,0.077,0.049606,0.111697,0.012055,0.00242,0.002379,0.002557,0.00248
670,0.073,0.04977,0.111924,0.012006,0.002473,0.002337,0.002695,0.002477
671,0.073,0.051802,0.111869,0.012047,0.002471,0.002342,0.002577,0.002477
672,0.077,0.050527,0.11207,0.018311,0.002463,0.002354,0.002614,0.002507
673,0.076,0.050736,0.112797,0.013841,0.002453,0.002355,0.002665,0.002413
674,0.072,0.050113,0.111962,0.012099,0.002398,0.002341,0.00251,0.002467
675,0.075,0.050785,0.111745,0.012095,0.002445,0.002412,0.002584,0.002429
676,0.078,0.051043,0.113376,0.018078,0.002418,0.0024,0.002656,0.00242
677,0.078,0.051861,0.112486,0.013946,0.002407,0.002353,0.002576,0.002421
678,0.073,0.050874,0.11255,0.012131,0.002391,0.002453,0.002606,0.00242
679,0.08,0.050821,0.112088,0.01217,0.002414,0.002406,0.002477,0.002419
680,0.073,0.050914,0.113054,0.012102,0.002421,0.002393,0.00263,0.002461
681,0.077,0.052805,0.112325,0.012116,0.002433,0.002401,0.002508,0.002449
682,0.078,0.050662,0.113844,0.012136,0.002415,0.002358,0.002556,0.00246
683,0.077,0.050721,0.113424,0.012169,0.002479,0.002344,0.00264,0.002427
684,0.075,0.052731,0.113787,0.012145,0.002465,0.0024,0.002668,0.002425
685,0.077,0.050681,0.113449,0.012221,0.00242,0.002384,0.002583,0.00247
686,0.076,0.051292,0.11599,0.012153,0.002494,0.002398,0.002693,0.002507
687,0.075,0.051277,0.113255,0.012261,0.002471,0.002374,0.002533,0.002465
688,0.074,0.052069,0.114592,0.012299,0.002511,0.002414,0.002738,0.002464
689,0.078,0.051316,0.114033,0.012188,0.002483,0.002447,0.002587,0.002447
690,0.079,0.05252,0.114406,0.012232,0.002492,0.002469,0.002622,0.002458
691,0.079,0.051411,0.114124,0.012486,0.002427,0.002479,0.002621,0.002452
692,0.082,0.051958,0.114161,0.012204,0.002462,0.002375,0.002706,0.002582
693,0.076,0.051584,0.116222,0.012342,0.002405,0.002387,0.002625,0.002452
694,0.078,0.052693,0.114356,0.012135,0.002443,0.002467,0.002558,0.002486
695,0.082,0.052053,0.114554,0.018754,0.00245,0.002465,0.002664,0.002446
696,0.079,0.052206,0.115188,0.014181,0.002467,0.002424,0.002547,0.002487
697,0.079,0.051798,0.121654,0.012596,0.002487,0.002452,0.002655,0.002458
698,0.081,0.052831,0.116057,0.0121,0.002443,0.002339,0.002549,0.002498
699,0.08,0.052073,0.116046,0.012321,0.002432,0.002457,0.00264,0.002466
700,0.08,0.052448,0.11553,0.012426,0.002455,0.002372,0.002577,0.00259
701,0.08,0.052449,0.115919,0.012594,0.002511,0.002367,0.00261,0.002536
702,0.08,0.052631,0.115531,0.012464,0.002495,0.0024,0.002716,0.00258
703,0.079,0.052683,0.12243,0.012468,0.002455,0.002403,0.002619,0.002544
704,0.076,0.053389,0.11621,0.012527,0.002424,0.002454,0.002498,0.002595
705,0.076,0.052076,0.115946,0.012493,0.002572,0.002417,0.002753,0.002541
706,0.079,0.052681,0.118045,0.01261,0.00242,0.002401,0.002585,0.002519
707,0.077,0.052852,0.117274,0.012563,0.002421,0.002399,0.00263,0.002553
708,0.08,0.052724,0.116897,0.012463,0.002452,0.002487,0.002587,0.002557
709,0.075,0.053353,0.123978,0.012244,0.002472,0.002441,0.002744,0.002586
710,0.078,0.053017,0.117687,0.01244,0.002438,0.002479,0.002502,0.002606
711,0.078,0.05295,0.116953,0.012432,0.002481,0.002442,0.002655,0.00255
712,0.081,0.053582,0.117086,0.012472,0.002486,0.002401,0.002586,0.002556
713,0.08,0.053098,0.12536,0.012473,0.002532,0.00244,0.002764,0.002525
714,0.081,0.053734,0.117826,0.012451,0.002535,0.002411,0.002657,0.002561
715,0.082,0.053004,0.117197,0.012479,0.002462,0.002388,0.002698,0.002585
716,0.082,0.054551,0.118231,0.012512,0.002488,0.002506,0.002597,0.002544
717,0.084,0.052702,0.118704,0.012515,0.002488,0.002498,0.002708,0.002573
718,0.082,0.05453,0.117896,0.017899,0.002482,0.002417,0.002646,0.002551
719,0.083,0.053581,0.118731,0.012464,0.00253,0.002544,0.002754,0.002599
720,0.082,0.055207,0.118201,0.012382,0.002549,0.00244,0.00267,0.002672
721,0.082,0.053647,0.118325,0.012683,0.002504,0.002509,0.002714,0.00265
722,0.083,0.053596,0.118954,0.012528,0.002482,0.002436,0.002635,0.002602
723,0.079,0.053883,0.119594,0.012648,0.002493,0.002465,0.002741,0.002631
724,0.082,0.054121,0.118869,0.012429,0.002551,0.002479,0.002767,0.002631
725,0.081,0.054343,0.122613,0.012538,0.002542,0.002466,0.002662,0.002627
726,0.084,0.053422,0.118638,0.012544,0.002555,0.002433,0.002656,0.0026
727,0.083,0.053935,0.118971,0.01258,0.002549,0.0024,0.002781,0.002582
728,0.081,0.054657,0.119262,0.012654,0.002516,0.002429,0.002727,0.002602
729,0.082,0.054601,0.1214,0.012828,0.002504,0.002494,0.00263,0.002556
730,0.082,0.054657,0.120059,0.012746,0.002514,0.002453,0.002621,0.002617
731,0.083,0.056786,0.120188,0.012798,0.002502,0.002427,0.002669,0.002635
732,0.083,0.055916,0.120188,0.01301,0.002559,0.002506,0.002709,0.002651
733,0.083,0.054395,0.120059,0.012913,0.00253,0.002468,0.002771,0.002605
734,0.079,0.054697,0.119644,0.012783,0.002509,0.002401,0.002653,0.002613
735,0.083,0.054815,0.119724,0.01295,0.002614,0.002422,0.002655,0.002656
736,0.079,0.05539,0.121411,0.011235,0.002531,0.002445,0.002769,0.002587
737,0.079,0.054872,0.1208,0.012396,0.002565,0.002521,0.00268,0.002645
738,0.084,0.054463,0.121036,0.010909,0.002498,0.002445,0.002711,0.002624
739,0.079,0.054765,0.120459,0.010407,0.002571,0.002452,0.002714,0.002616
740,0.078,0.055949,0.120869,0.012397,0.002545,0.002464,0.002717,0.00259
741,0.081,0.054621,0.121049,0.012714,0.002601,0.002486,0.002855,0.002606
742,0.08,0.056017,0.120686,0.012866,0.002534,0.002527,0.002663,0.002645
743,0.079,0.055839,0.120733,0.012923,0.002588,0.002468,0.002728,0.002601
744,0.08,0.056519,0.121595,0.012844,0.002593,0.002474,0.002803,0.002614
745,0.084,0.055561,0.121213,0.012962,0.002539,0.002472,0.002679,0.002646
746,0.082,0.055611,0.121979,0.01309,0.002517,0.002466,0.002648,0.002618
747,0.08,0.060289,0.121283,0.013058,0.002595,0.002465,0.002758,0.002641
748,0.082,0.059315,0.122507,0.012955,0.002507,0.002481,0.002578,0.002688
749,0.085,0.055598,0.122598,0.013102,0.002512,0.002443,0.002658,0.00264
750,0.082,0.056773,0.122024,0.012989,0.002583,0.002479,0.002688,0.002656
751,0.08,0.055641,0.122921,0.013037,0.002483,0.002606,0.002687,0.002678
752,0.084,0.056661,0.123276,0.012838,0.002508,0.002537,0.002721,0.002659
753,0.083,0.056642,0.122049,0.013034,0.002602,0.002508,0.002742,0.002658
754,0.081,0.055934,0.123625,0.013045,0.002543,0.002462,0.00269,0.002633
755,0.085,0.055746,0.122939,0.012089,0.002543,0.002527,0.002649,0.002653
756,0.085,0.056985,0.123088,0.012335,0.002514,0.002439,0.002687,0.002646
757,0.083,0.055919,0.127329,0.012713,0.002585,0.002496,0.00273,0.002639
758,0.084,0.065934,0.122789,0.019107,0.002495,0.002531,0.002819,0.002666
759,0.082,0.056234,0.122991,0.012639,0.002603,0.002464,0.002806,0.002617
760,0.082,0.057788,0.124055,0.012424,0.0026,0.002495,0.002874,0.002718
761,0.081,0.056393,0.123575,0.012953,0.002573,0.002506,0.002807,0.002633
762,0.086,0.0571,0.124008,0.013069,0.002607,0.002516,0.002782,0.002656
763,0.081,0.05724,0.124748,0.01305,0.002564,0.002556,0.002693,0.002643
764,0.08,0.056948,0.124898,0.012947,0.002645,0.002588,0.002687,0.002695
765,0.088,0.056488,0.125173,0.012989,0.002585,0.002536,0.002731,0.002672
766,0.086,0.056836,0.124425,0.012941,0.002601,0.00255,0.002734,0.002658
767,0.081,0.057315,0.127503,0.012878,0.002547,0.002474,0.002646,0.002665
768,0.083,0.058161,0.128237,0.013005,0.002549,0.002567,0.002712,0.002722
769,0.076,0.057483,0.124542,0.013032,0.00262,0.00254,0.002722,0.00266
770,0.086,0.056892,0.125567,0.013211,0.002621,0.002525,0.002824,0.002729
771,0.084,0.065215,0.125123,0.013165,0.00256,0.002603,0.002664,0.002665
772,0.084,0.058512,0.125373,0.013051,0.002572,0.002553,0.002852,0.002674
773,0.083,0.057311,0.126052,0.013134,0.002542,0.00252,0.002632,0.002693
774,0.082,0.057393,0.128171,0.013285,0.002643,0.002583,0.00288,0.002743
775,0.082,0.057757,0.125832,0.013138,0.002659,0.002501,0.002692,0.002683
776,0.082,0.058126,0.12502,0.013214,0.002602,0.002541,0.002751,0.002675
777,0.085,0.062512,0.124955,0.013148,0.002563,0.002535,0.002633,0.002762
778,0.085,0.05784,0.131542,0.012467,0.002556,0.002545,0.002643,0.002689
779,0.082,0.057586,0.126272,0.012882,0.002624,0.002578,0.00288,0.002706
780,0.087,0.058686,0.125824,0.013074,0.002645,0.002558,0.002822,0.002727
781,0.087,0.057865,0.126002,0.013052,0.002641,0.002519,0.002837,0.002726
782,0.087,0.058479,0.131728,0.013017,0.002613,0.002527,0.002841,0.002707
783,0.089,0.058446,0.125763,0.013189,0.0026,0.002546,0.002859,0.002655
784,0.083,0.059862,0.126257,0.013286,0.002589,0.002556,0.002717,0.002726
785,0.083,0.058551,0.126844,0.01324,0.0026,0.002565,0.002778,0.002723
786,0.084,0.058089,0.129355,0.013149,0.002584,0.002555,0.00271,0.002757
787,0.086,0.058913,0.127545,0.01307,0.002649,0.002554,0.002904,0.002751
788,0.083,0.059783,0.130771,0.013176,0.002698,0.002628,0.002863,0.002754
789,0.084,0.060698,0.127402,0.013549,0.002606,0.002515,0.00282,0.002756
790,0.086,0.058172,0.12738,0.013366,0.002599,0.002748,0.002829,0.002753
791,0.084,0.061012,0.129305,0.013298,0.00265,0.002585,0.002818,0.002736
792,0.085,0.06087,0.127203,0.01329,0.002682,0.002608,0.002916,0.002735
793,0.084,0.058832,0.128008,0.013667,0.002605,0.002565,0.002774,0.002749
794,0.084,0.059024,0.130836,0.013384,0.002693,0.002532,0.002873,0.002728
795,0.085,0.059299,0.128033,0.013241,0.002702,0.002544,0.0028,0.002716
796,0.084,0.059687,0.129093,0.013213,0.002651,0.002572,0.002846,0.002779
797,0.096,0.059394,0.128735,0.013154,0.002608,0.002628,0.002839,0.002775
798,0.085,0.05966,0.128733,0.019784,0.00266,0.002546,0.002916,0.002784
799,0.084,0.059053,0.128345,0.013243,0.002658,0.002554,0.002945,0.002755
800,0.084,0.060758,0.134223,0.013426,0.002621,0.002625,0.002772,0.002813
801,0.089,0.060545,0.144506,0.013516,0.002674,0.002569,0.002782,0.002731
802,0.084,0.05957,0.129198,0.013212,0.002712,0.002526,0.002964,0.002707
803,0.085,0.059243,0.130207,0.013248,0.002613,0.002545,0.002801,0.002806
804,0.092,0.060478,0.129343,0.013286,0.002624,0.002613,0.002776,0.002759
805,0.092,0.059525,0.129929,0.013358,0.002591,0.00262,0.002849,0.002813
806,0.09,0.05949,0.134401,0.013172,0.002608,0.002548,0.002689,0.002785
807,0.093,0.060108,0.129088,0.013275,0.002706,0.002549,0.002986,0.002773
808,0.092,0.061243,0.141252,0.013469,0.002634,0.002658,0.002734,0.002785
809,0.092,0.059835,0.129643,0.013576,0.002626,0.002587,0.002804,0.00274
810,0.092,0.060201,0.13099,0.013356,0.002775,0.002643,0.002844,0.002748
811,0.091,0.060146,0.130448,0.013421,0.002652,0.002568,0.002855,0.002778
812,0.09,0.061817,0.130863,0.013225,0.002607,0.002581,0.002707,0.002769
813,0.092,0.059907,0.130832,0.013444,0.00266,0.002595,0.002839,0.002745
814,0.092,0.061007,0.131588,0.013479,0.002656,0.002628,0.002798,0.002785
815,0.092,0.060873,0.131225,0.020117,0.002651,0.002652,0.002876,0.002745
816,0.093,0.06163,0.130777,0.013526,0.002763,0.002568,0.002866,0.002776
817,0.093,0.060579,0.131295,0.013507,0.002673,0.002592,0.0029,0.002763
818,0.091,0.060926,0.131173,0.011337,0.002711,0.002652,0.002826,0.002805
819,0.093,0.060557,0.131282,0.013402,0.002655,0.002624,0.002925,0.00279
820,0.091,0.062222,0.131786,0.01349,0.002685,0.002658,0.002909,0.002854
821,0.091,0.060817,0.132519,0.013331,0.002752,0.002659,0.002898,0.002771
822,0.091,0.060882,0.131957,0.013337,0.002722,0.002653,0.002897,0.002791
823,0.092,0.061796,0.131523,0.013553,0.002733,0.00266,0.002867,0.002789
824,0.093,0.061876,0.132134,0.013308,0.002737,0.002626,0.002954,0.00283
825,0.095,0.061097,0.133766,0.013407,0.002787,0.002616,0.002883,0.002818
826,0.093,0.061319,0.132498,0.013599,0.002705,0.002628,0.002855,0.002822
827,0.095,0.061645,0.133118,0.013593,0.002731,0.002649,0.002887,0.002836
828,0.095,0.06277,0.133283,0.013682,0.002693,0.00263,0.002932,0.002811
829,0.101,0.061625,0.132321,0.013697,0.002722,0.002706,0.002963,0.00283
830,0.092,0.061537,0.132608,0.013508,0.002715,0.002663,0.002958,0.002822
831,0.095,0.061624,0.133013,0.013705,0.002861,0.002663,0.002949,0.002881
832,0.088,0.062541,0.133701,0.013768,0.002678,0.002656,0.002892,0.002839
833,0.092,0.061564,0.136142,0.013639,0.002704,0.002593,0.002927,0.002809
834,0.091,0.062015,0.13478,0.013649,0.002816,0.002657,0.003098,0.002874
835,0.093,0.066543,0.133442,0.013697,0.002812,0.00271,0.003089,0.002906
836,0.093,0.063096,0.134099,0.020523,0.002739,0.002644,0.002924,0.002883
837,0.096,0.066724,0.134382,0.01351,0.002723,0.002656,0.002944,0.002896
838,0.093,0.062315,0.133949,0.013325,0.002785,0.002626,0.002946,0.00289
839,0.091,0.063422,0.133527,0.013464,0.00279,0.00267,0.002965,0.002893
840,0.094,0.062847,0.134204,0.013787,0.002679,0.002616,0.002814,0.002839
841,0.095,0.062397,0.134346,0.013617,0.002687,0.002711,0.002929,0.002884
842,0.095,0.062635,0.145203,0.013822,0.002692,0.002637,0.002961,0.002847
843,0.095,0.062654,0.1347,0.013666,0.002663,0.002705,0.002842,0.002911
844,0.094,0.063235,0.134844,0.013552,0.00268,0.002675,0.002852,0.002845
845,0.095,0.063004,0.134035,0.013682,0.002726,0.002659,0.002841,0.002844
846,0.09,0.062725,0.134872,0.013756,0.002684,0.002691,0.002785,0.002899
847,0.093,0.063292,0.134763,0.013671,0.002675,0.00265,0.002825,0.002959
848,0.094,0.065864,0.135418,0.013723,0.002773,0.002653,0.00277,0.002863
849,0.097,0.062853,0.134815,0.013673,0.002794,0.002704,0.003054,0.00282
850,0.094,0.063127,0.135491,0.013594,0.002722,0.002707,0.002859,0.002816
851,0.095,0.063404,0.135965,0.013806,0.00273,0.002636,0.002919,0.002864
852,0.091,0.064198,0.135467,0.019588,0.002748,0.002641,0.003048,0.002877
853,0.093,0.063356,0.136343,0.020434,0.002838,0.002681,0.003054,0.002886
854,0.096,0.063374,0.136681,0.013772,0.002759,0.002614,0.002947,0.002899
855,0.095,0.063436,0.135473,0.01368,0.00273,0.002644,0.003028,0.002921
856,0.094,0.063876,0.135738,0.013627,0.002729,0.002715,0.00291,0.002932
857,0.095,0.063256,0.136094,0.013798,0.002748,0.002727,0.003011,0.002859
858,0.097,0.064248,0.136586,0.014127,0.002726,0.002689,0.00296,0.002892
859,0.095,0.064327,0.137188,0.013723,0.002864,0.002678,0.003029,0.002903
860,0.094,0.063783,0.137256,0.013813,0.002723,0.002702,0.002911,0.002903
861,0.097,0.063876,0.137443,0.013854,0.002735,0.002737,0.003035,0.002831
862,0.09,0.063905,0.13648,0.01394,0.002751,0.002709,0.00303,0.002898
863,0.09,0.063751,0.137661,0.013917,0.002766,0.002674,0.00291,0.002947
864,0.095,0.065866,0.137556,0.01375,0.002793,0.002677,0.002987,0.002886
865,0.094,0.06413,0.137726,0.013787,0.002732,0.002691,0.002968,0.002963
866,0.093,0.064342,0.137635,0.01369,0.002772,0.002661,0.002974,0.002944
867,0.094,0.064816,0.138198,0.013704,0.002734,0.002768,0.002941,0.002882
868,0.096,0.064791,0.137834,0.01395,0.002791,0.002687,0.003052,0.003004
869,0.101,0.064714,0.138112,0.014153,0.002759,0.002747,0.002998,0.00287
870,0.095,0.065084,0.138592,0.013883,0.002839,0.002743,0.002943,0.002951
871,0.096,0.064604,0.137659,0.013844,0.002761,0.002696,0.003093,0.002863
872,0.096,0.065524,0.13815,0.01416,0.002792,0.002672,0.003098,0.002939
873,0.093,0.064454,0.137787,0.014025,0.002776,0.00269,0.003062,0.002879
874,0.091,0.065133,0.138774,0.013421,0.002824,0.002708,0.003038,0.002904
875,0.096,0.064783,0.138134,0.013907,0.002843,0.00276,0.003073,0.002949
876,0.093,0.06535,0.138776,0.013882,0.00283,0.002735,0.003018,0.002923
877,0.091,0.065321,0.139391,0.013827,0.002851,0.002696,0.003062,0.002891
878,0.097,0.065313,0.139513,0.014101,0.002776,0.00273,0.003029,0.003065
879,0.097,0.065053,0.139449,0.014005,0.00278,0.002713,0.002987,0.00293
880,0.097,0.066809,0.13893,0.014133,0.002914,0.002724,0.003161,0.002935
881,0.098,0.065171,0.139338,0.013852,0.002814,0.00271,0.003034,0.00292
882,0.1,0.064739,0.140791,0.014105,0.002788,0.002733,0.003161,0.003081
883,0.098,0.066553,0.140213,0.014086,0.002817,0.002726,0.003047,0.002981
884,0.097,0.066207,0.139744,0.014112,0.002787,0.002719,0.002977,0.002996
885,0.098,0.065027,0.13975,0.01403,0.002795,0.002734,0.003012,0.002989
886,0.094,0.067031,0.139983,0.014198,0.002751,0.00276,0.002995,0.002974
887,0.093,0.066225,0.139862,0.020667,0.002809,0.002728,0.003046,0.002975
888,0.099,0.067259,0.140143,0.014236,0.002835,0.002755,0.00317,0.00298
889,0.099,0.066019,0.141328,0.020571,0.002826,0.002779,0.003149,0.002971
890,0.097,0.06626,0.140908,0.020796,0.002817,0.002805,0.00314,0.002993
891,0.104,0.066421,0.141032,0.014227,0.002883,0.002724,0.00312,0.002997
892,0.093,0.067236,0.141431,0.012718,0.002788,0.002734,0.003134,0.003051
893,0.097,0.067258,0.142172,0.013415,0.002774,0.002733,0.003083,0.003005
894,0.101,0.067049,0.141513,0.013783,0.002869,0.002767,0.003198,0.003002
895,0.099,0.067002,0.140723,0.014198,0.002824,0.002787,0.003111,0.002963
896,0.101,0.067225,0.141976,0.013994,0.002849,0.002776,0.003063,0.003051
897,0.1,0.068698,0.14162,0.014138,0.002865,0.002836,0.003153,0.002983
898,0.101,0.066788,0.141962,0.01417,0.002882,0.002733,0.003151,0.003036
899,0.098,0.066676,0.142053,0.014374,0.00282,0.002811,0.003372,0.002982
900,0.1,0.068431,0.144532,0.014194,0.002821,0.002803,0.003083,0.002968
901,0.098,0.066372,0.142996,0.014046,0.002874,0.002759,0.00322,0.003007
902,0.099,0.066062,0.142043,0.014255,0.002847,0.002714,0.00308,0.003042
903,0.101,0.068125,0.144669,0.014226,0.002899,0.002805,0.003179,0.002963
904,0.099,0.068115,0.143811,0.014304,0.002886,0.002882,0.003063,0.003037
905,0.098,0.066614,0.144392,0.014061,0.00283,0.002841,0.003208,0.003054
906,0.1,0.066896,0.142605,0.014046,0.002915,0.002754,0.003162,0.003028
907,0.099,0.067616,0.143257,0.014145,0.002842,0.002811,0.003181,0.003018
908,0.101,0.068088,0.143522,0.014174,0.00294,0.002846,0.003108,0.002991
909,0.101,0.06708,0.144102,0.014354,0.002841,0.002819,0.003099,0.003001
910,0.095,0.067639,0.144072,0.021526,0.002913,0.002805,0.003294,0.002998
911,0.098,0.069721,0.143273,0.021165,0.002888,0.002869,0.003226,0.003039
912,0.101,0.069019,0.147131,0.014722,0.002831,0.002791,0.003132,0.002983
913,0.098,0.067208,0.144038,0.014342,0.002868,0.002819,0.003142,0.00301
914,0.095,0.067507,0.144688,0.014365,0.002824,0.002763,0.003176,0.00302
915,0.1,0.068192,0.145787,0.014357,0.002893,0.002785,0.003189,0.003009
916,0.099,0.068549,0.145764,0.01425,0.002851,0.002882,0.003154,0.003003
917,0.101,0.069681,0.145335,0.014283,0.002916,0.002799,0.00319,0.003043
918,0.101,0.067682,0.144073,0.014245,0.002879,0.00277,0.003125,0.003066
919,0.099,0.067661,0.144491,0.014242,0.002911,0.002844,0.003187,0.003054
920,0.102,0.072189,0.145372,0.014594,0.002827,0.002789,0.003204,0.003018
921,0.101,0.067908,0.144592,0.014313,0.002843,0.002836,0.00312,0.003023
922,0.099,0.068054,0.146601,0.014209,0.0029,0.002817,0.003107,0.003061
923,0.101,0.06854,0.145235,0.014581,0.002878,0.002838,0.003116,0.003041
924,0.104,0.071695,0.145883,0.014202,0.002955,0.002858,0.003202,0.003051
925,0.101,0.06832,0.145024,0.014593,0.002863,0.002815,0.003177,0.00299
926,0.099,0.068196,0.145378,0.014614,0.002865,0.002809,0.00317,0.003082
927,0.098,0.06907,0.145051,0.02123,0.002901,0.002829,0.003264,0.00306
928,0.104,0.068872,0.146523,0.014242,0.002855,0.002796,0.003092,0.003062
929,0.099,0.068985,0.145373,0.014386,0.002968,0.002836,0.003147,0.00306
930,0.104,0.068512,0.14648,0.01483,0.002945,0.002794,0.003355,0.003042
931,0.1,0.068917,0.146168,0.014362,0.002969,0.002834,0.003271,0.003035
932,0.1,0.070612,0.146191,0.014367,0.0029,0.002787,0.003261,0.00305
933,0.102,0.068876,0.146723,0.014198,0.002935,0.002819,0.003163,0.003007
934,0.101,0.068951,0.146589,0.014553,0.002958,0.002837,0.003223,0.003081
935,0.101,0.068968,0.147032,0.014456,0.002965,0.002825,0.003197,0.00305
936,0.105,0.073723,0.146675,0.014156,0.002983,0.002922,0.003353,0.003092
937,0.101,0.070282,0.150966,0.014522,0.002942,0.002909,0.003242,0.003062
938,0.104,0.069106,0.147949,0.014837,0.002994,0.002798,0.003244,0.003116
939,0.1,0.06928,0.146878,0.014626,0.002943,0.002903,0.003272,0.00306
940,0.102,0.070234,0.14758,0.014385,0.002904,0.002938,0.003171,0.003092
941,0.105,0.069471,0.148217,0.014429,0.002941,0.002882,0.003313,0.003043
942,0.104,0.069686,0.147371,0.014373,0.002934,0.002882,0.003283,0.003144
943,0.098,0.06974,0.148548,0.014326,0.002944,0.002961,0.003173,0.003049
944,0.1,0.070084,0.147733,0.014371,0.002933,0.002905,0.00319,0.00309
945,0.102,0.069521,0.147969,0.014605,0.002973,0.002839,0.003322,0.003032
946,0.108,0.070551,0.148924,0.014318,0.002981,0.002842,0.003332,0.00315
947,0.104,0.073144,0.148137,0.014799,0.002944,0.002855,0.003329,0.003145
948,0.103,0.070456,0.148732,0.014564,0.002968,0.002905,0.003329,0.003153
949,0.101,0.069762,0.148412,0.014856,0.002959,0.002903,0.003251,0.003089
950,0.103,0.069526,0.149023,0.014864,0.003021,0.002896,0.003325,0.003126
951,0.108,0.070433,0.147936,0.014551,0.00297,0.003009,0.003368,0.003049
952,0.107,0.070904,0.152116,0.014797,0.002969,0.002896,0.003299,0.00309
953,0.105,0.070634,0.149686,0.014423,0.002953,0.002934,0.003252,0.003082
954,0.104,0.075777,0.149934,0.020817,0.002959,0.002853,0.00328,0.003088
955,0.102,0.072562,0.149617,0.014866,0.003038,0.002906,0.003464,0.003049
956,0.105,0.072356,0.150078,0.014624,0.002993,0.002879,0.0034,0.003122
957,0.106,0.070246,0.149989,0.014732,0.003125,0.002862,0.003435,0.003068
958,0.103,0.070925,0.149607,0.014587,0.003035,0.002838,0.003452,0.003156
959,0.104,0.070687,0.150749,0.014714,0.002995,0.002909,0.003368,0.003114
960,0.107,0.071795,0.150756,0.014634,0.003085,0.002894,0.003306,0.003183
961,0.104,0.071645,0.149841,0.014812,0.002951,0.002943,0.003281,0.003115
962,0.107,0.07106,0.150082,0.0147,0.003024,0.002926,0.003488,0.003117
963,0.107,0.071434,0.150927,0.014617,0.003106,0.002992,0.00333,0.003158
964,0.1,0.071706,0.158095,0.014744,0.003006,0.002904,0.003456,0.003086
965,0.105,0.071466,0.151065,0.014853,0.003002,0.002946,0.003398,0.003132
966,0.105,0.071653,0.152282,0.014478,0.0031,0.002975,0.003386,0.003158
967,0.104,0.071393,0.150665,0.014738,0.002966,0.00298,0.003397,0.003142
968,0.103,0.072555,0.151275,0.014569,0.003019,0.00293,0.003372,0.003202
969,0.101,0.072071,0.151075,0.015017,0.003031,0.002945,0.003379,0.003153
970,0.103,0.071131,0.152375,0.014486,0.003012,0.002918,0.00346,0.003244
971,0.104,0.071831,0.152385,0.014531,0.00305,0.002864,0.00341,0.003178
972,0.103,0.072582,0.152292,0.014853,0.002954,0.00298,0.00324,0.003143
973,0.108,0.072148,0.15178,0.014667,0.003019,0.002946,0.003387,0.00315
974,0.104,0.072628,0.1518,0.014825,0.002961,0.002936,0.003226,0.003187
975,0.107,0.072443,0.152324,0.014621,0.002937,0.002978,0.003335,0.003106
976,0.107,0.073792,0.151472,0.014611,0.002981,0.002913,0.003277,0.003173
977,0.101,0.071773,0.158115,0.014661,0.002929,0.003051,0.003276,0.003176
978,0.108,0.073861,0.153271,0.014749,0.002996,0.002927,0.003257,0.003156
979,0.104,0.072611,0.152577,0.014564,0.002991,0.002931,0.00333,0.003187
980,0.107,0.074214,0.152852,0.021796,0.002955,0.002899,0.003283,0.003114
981,0.106,0.072823,0.153876,0.013654,0.002955,0.002993,0.003252,0.00319
982,0.106,0.072352,0.154168,0.014104,0.002974,0.002959,0.003905,0.003205
983,0.106,0.072803,0.153223,0.01448,0.002994,0.002908,0.003376,0.003168
984,0.107,0.072582,0.153414,0.014777,0.002967,0.002968,0.003314,0.003227
985,0.116,0.075589,0.154137,0.014655,0.003092,0.00294,0.003536,0.0032
986,0.109,0.072533,0.153665,0.021839,0.002981,0.003098,0.003288,0.003194
987,0.108,0.073267,0.153984,0.014709,0.003075,0.003012,0.003475,0.003246
988,0.108,0.073645,0.154421,0.014708,0.003072,0.002982,0.003422,0.003146
989,0.107,0.075282,0.152851,0.014734,0.003037,0.002927,0.003384,0.003206
990,0.112,0.072798,0.155656,0.014717,0.003125,0.002908,0.003479,0.003234
991,0.108,0.073643,0.156723,0.014704,0.00301,0.002919,0.003792,0.003258
992,0.109,0.075242,0.154119,0.014757,0.003103,0.002994,0.003554,0.003212
993,0.11,0.073017,0.153521,0.021721,0.003137,0.003015,0.003536,0.00314
994,0.11,0.072742,0.154203,0.014681,0.003116,0.002992,0.003548,0.003213
995,0.109,0.076707,0.155616,0.014802,0.003064,0.002991,0.003492,0.003171
996,0.11,0.074337,0.15598,0.014897,0.00304,0.003014,0.003481,0.003201
997,0.108,0.079663,0.155337,0.015078,0.003023,0.002993,0.003415,0.003133
998,0.108,0.073429,0.155148,0.015059,0.003042,0.002987,0.003473,0.003131
999,0.11,0.077234,0.154943,0.014264,0.00316,0.002959,0.003588,0.003233
1000,0.109,0.075895,0.154621,0.014683,0.003042,0.002974,0.003505,0.003265
1001,0.109,0.074893,0.161767,0.014838,0.003061,0.002975,0.003416,0.003226
1002,0.107,0.073885,0.154993,0.014827,0.003002,0.003033,0.003392,0.003166
1003,0.109,0.075046,0.155777,0.014787,0.003092,0.00301,0.003548,0.003202
1004,0.109,0.075325,0.155671,0.014801,0.00309,0.003042,0.003505,0.003262
1005,0.109,0.073697,0.155099,0.014832,0.003101,0.002959,0.00353,0.003225
1006,0.108,0.073586,0.155741,0.014762,0.003087,0.002992,0.003484,0.003269
1007,0.11,0.074005,0.160435,0.014907,0.003095,0.00307,0.003526,0.003212
1008,0.112,0.075202,0.155458,0.014747,0.003114,0.003016,0.00347,0.003172
1009,0.108,0.073411,0.154918,0.014708,0.003098,0.003012,0.003547,0.003203
1010,0.109,0.074399,0.155959,0.021764,0.003066,0.00302,0.003401,0.003289
1011,0.109,0.074105,0.155333,0.014765,0.003126,0.003135,0.003514,0.003216
1012,0.109,0.074515,0.156612,0.014782,0.003083,0.003023,0.003566,0.003241
1013,0.108,0.073559,0.156054,0.014918,0.002159,0.002138,0.002475,0.002312
1014,0.108,0.074205,0.155765,0.021601,0.00219,0.002168,0.002519,0.002304
1015,0.107,0.075676,0.162018,0.018859,0.002212,0.002136,0.002545,0.002316
1016,0.11,0.075186,0.156548,0.014395,0.002188,0.002117,0.002571,0.002315
1017,0.109,0.073574,0.155272,0.014617,0.002202,0.002151,0.00263,0.002307
1018,0.108,0.075616,0.157716,0.014922,0.002194,0.002103,0.002619,0.002312
1019,0.11,0.079744,0.156063,0.014356,0.002212,0.002147,0.002602,0.002311
1020,0.11,0.076228,0.154815,0.014747,0.002194,0.00216,0.002714,0.002329
1021,0.109,0.077137,0.15538,0.015077,0.002201,0.002137,0.002665,0.002288
1022,0.109,0.075471,0.155591,0.014876,0.002165,0.002157,0.002536,0.002294
1023,0.108,0.077474,0.155576,0.015068,0.002157,0.00213,0.002528,0.002311
1024,0.109,0.075903,0.155128,0.01496,0.002193,0.002137,0.002592,0.002306
1025,0.108,0.07388,0.155308,0.014911,0.002198,0.002141,0.002563,0.00232
1026,0.108,0.075696,0.155484,0.014906,0.002239,0.002181,0.002616,0.002313
1027,0.108,0.07378,0.155754,0.02171,0.002171,0.002123,0.002555,0.002293
1028,0.11,0.074721,0.155893,0.014722,0.00219,0.00213,0.002592,0.002313
1029,0.109,0.073177,0.155246,0.014729,0.002204,0.002121,0.002611,0.002304
1030,0.109,0.074937,0.15497,0.015091,0.002212,0.002129,0.002623,0.002291
1031,0.109,0.073722,0.155703,0.014886,0.002189,0.002103,0.002563,0.002315
1032,0.108,0.075137,0.155779,0.013099,0.002186,0.002133,0.002619,0.00232
1033,0.115,0.074126,0.158798,0.014247,0.002206,0.002145,0.002628,0.00232
1034,0.108,0.074057,0.156965,0.014839,0.002212,0.002178,0.002627,0.002307
1035,0.109,0.074289,0.157901,0.015056,0.002245,0.002132,0.002562,0.002316
1036,0.111,0.075636,0.155464,0.014778,0.002255,0.002156,0.002534,0.002375
1037,0.108,0.073704,0.155499,0.014617,0.002217,0.002144,0.002571,0.002313
1038,0.109,0.077402,0.157987,0.015008,0.002298,0.00212,0.002544,0.002306
1039,0.107,0.074241,0.15706,0.014681,0.002209,0.002126,0.002568,0.002317
1040,0.108,0.074406,0.155028,0.015128,0.00223,0.002132,0.002555,0.002309
1041,0.108,0.073991,0.155136,0.014706,0.002223,0.002114,0.00256,0.002308
1042,0.108,0.073909,0.155834,0.015006,0.002208,0.002147,0.002575,0.002323
1043,0.108,0.073918,0.156759,0.014943,0.0022,0.002122,0.002563,0.002296
1044,0.111,0.07553,0.155434,0.021392,0.002177,0.002122,0.002504,0.002339
1045,0.105,0.074454,0.156529,0.015031,0.002186,0.002114,0.002572,0.002323
1046,0.106,0.074425,0.155812,0.014747,0.0022,0.002167,0.002633,0.002331
1047,0.105,0.073736,0.157403,0.01473,0.002221,0.002128,0.002541,0.002308
1048,0.106,0.074396,0.155742,0.015016,0.002199,0.002146,0.002553,0.00232
1049,0.108,0.074646,0.15555,0.021394,0.002204,0.002116,0.002587,0.002324
1050,0.105,0.076402,0.156548,0.015025,0.002199,0.002122,0.002561,0.00232
1051,0.104,0.073209,0.154928,0.01477,0.002205,0.002132,0.002579,0.002301
1052,0.105,0.075073,0.155344,0.014778,0.002222,0.002195,0.002596,0.002303
1053,0.106,0.074282,0.155404,0.014778,0.002209,0.002131,0.002556,0.002294
1054,0.108,0.073627,0.155747,0.014843,0.002222,0.002126,0.002584,0.002289
1055,0.109,0.076084,0.156339,0.014887,0.002222,0.00212,0.002615,0.002311
1056,0.109,0.075768,0.155921,0.014758,0.002219,0.002137,0.00262,0.002306
1057,0.109,0.074476,0.155789,0.014989,0.002212,0.002168,0.002548,0.002341
1058,0.108,0.074578,0.155729,0.014724,0.002277,0.002127,0.002648,0.002333
1059,0.108,0.075079,0.156304,0.014911,0.002219,0.002134,0.002604,0.002304
1060,0.11,0.074686,0.155133,0.014694,0.002262,0.002144,0.002618,0.002297
1061,0.109,0.073947,0.154988,0.01484,0.002235,0.002156,0.002548,0.002308
1062,0.109,0.074462,0.155626,0.014947,0.002205,0.002115,0.002671,0.002302
1063,0.109,0.074054,0.155352,0.014792,0.002199,0.002132,0.002545,0.00231
1064,0.107,0.074689,0.155059,0.014821,0.002207,0.002129,0.00257,0.002335
1065,0.108,0.073377,0.155459,0.015066,0.002183,0.002164,0.002568,0.002338
1066,0.109,0.073546,0.155644,0.014811,0.002217,0.002127,0.002581,0.0023
1067,0.11,0.073955,0.156505,0.01529,0.002274,0.002143,0.002644,0.002296
1068,0.115,0.074305,0.156194,0.014861,0.002236,0.002124,0.002681,0.0023
1069,0.108,0.073501,0.155303,0.014628,0.002214,0.002149,0.002629,0.002303
1070,0.108,0.074336,0.155864,0.015208,0.002205,0.002138,0.002595,0.0023
1071,0.106,0.073865,0.155856,0.014784,0.002205,0.002173,0.00266,0.00233
1072,0.103,0.074844,0.156137,0.014773,0.002239,0.00214,0.002648,0.00231
1073,0.109,0.073583,0.156307,0.014878,0.002276,0.002147,0.002684,0.002312
1074,0.105,0.076076,0.155732,0.014686,0.002226,0.002171,0.002617,0.002306
1075,0.111,0.073832,0.157056,0.01502,0.002225,0.002129,0.002596,0.002311
1076,0.109,0.074291,0.155074,0.014836,0.002227,0.002145,0.002665,0.002327
1077,0.109,0.075443,0.155865,0.01483,0.0022,0.002158,0.002682,0.002303
1078,0.108,0.07401,0.154977,0.014978,0.002224,0.002179,0.00268,0.002304
1079,0.109,0.073716,0.155582,0.01481,0.002207,0.002118,0.002605,0.00231
1080,0.107,0.074788,0.156745,0.014697,0.002217,0.002125,0.002618,0.002323
1081,0.108,0.073578,0.15599,0.01478,0.002221,0.002098,0.002555,0.002322
1082,0.107,0.073683,0.156493,0.015069,0.002219,0.002138,0.002627,0.002318
1083,0.109,0.074043,0.155856,0.014965,0.002212,0.002149,0.002611,0.002371
1084,0.106,0.075393,0.155416,0.015052,0.002225,0.00212,0.002751,0.002316
1085,0.107,0.076447,0.154763,0.014806,0.002249,0.002135,0.002655,0.002318
1086,0.106,0.078518,0.155682,0.01485,0.002219,0.002129,0.002638,0.002374
1087,0.107,0.074505,0.155646,0.014693,0.002211,0.002136,0.002582,0.00231
1088,0.107,0.076341,0.155599,0.015132,0.002221,0.002125,0.002571,0.002317
1089,0.11,0.073658,0.160002,0.015238,0.002223,0.002128,0.002577,0.002325
1090,0.106,0.073699,0.15553,0.014966,0.002249,0.002134,0.002574,0.002297
1091,0.106,0.076045,0.155286,0.014873,0.00221,0.002126,0.002654,0.00228
1092,0.106,0.07459,0.156187,0.014997,0.002208,0.002137,0.002655,0.00232
1093,0.106,0.073606,0.15841,0.01498,0.002218,0.0022,0.002545,0.002319
1094,0.107,0.073558,0.156163,0.014823,0.002213,0.00214,0.002582,0.002313
1095,0.107,0.073784,0.156338,0.015094,0.00221,0.002176,0.002613,0.002304
1096,0.111,0.079949,0.155313,0.014852,0.002206,0.00215,0.002564,0.002299
1097,0.11,0.073406,0.154999,0.014841,0.00221,0.002168,0.002558,0.002324
1098,0.103,0.073828,0.159655,0.015052,0.002219,0.00215,0.002621,0.002325
1099,0.106,0.074026,0.155381,0.014067,0.00219,0.00212,0.002581,0.002288
1100,0.106,0.078776,0.155379,0.014841,0.002231,0.002102,0.002626,0.002306
1101,0.104,0.073579,0.157929,0.014803,0.002213,0.002147,0.002576,0.002312
1102,0.106,0.076568,0.155413,0.021817,0.002234,0.002131,0.002606,0.002312
1103,0.107,0.073502,0.155738,0.014704,0.00221,0.002169,0.002729,0.002308
1104,0.106,0.075892,0.155563,0.015046,0.002189,0.002116,0.002583,0.002292
1105,0.106,0.075292,0.154987,0.01482,0.002216,0.002143,0.002638,0.002313
1106,0.108,0.073815,0.15582,0.014868,0.002226,0.00217,0.002598,0.002294
1107,0.11,0.074216,0.157588,0.014952,0.00221,0.002136,0.00256,0.002324
1108,0.108,0.075023,0.157271,0.014681,0.002231,0.002133,0.002608,0.002315
1109,0.107,0.099146,0.155756,0.015038,0.002267,0.002155,0.002656,0.002321
1110,0.107,0.073583,0.158024,0.014912,0.002236,0.002133,0.002581,0.002315
1111,0.107,0.076732,0.156333,0.015082,0.002251,0.002137,0.002633,0.002388
1112,0.11,0.077433,0.155554,0.014792,0.002221,0.002136,0.002662,0.002317
1113,0.108,0.076218,0.15584,0.021472,0.002231,0.002137,0.00257,0.002311
1114,0.104,0.073903,0.155263,0.015198,0.002249,0.00214,0.002585,0.002321
1115,0.11,0.077044,0.155691,0.014058,0.002269,0.002175,0.002679,0.002322
1116,0.107,0.075194,0.156285,0.014814,0.002214,0.002122,0.00268,0.002326
1117,0.107,0.074113,0.154853,0.014996,0.002214,0.002234,0.002577,0.002297
1118,0.107,0.078343,0.156139,0.01487,0.002209,0.002127,0.002615,0.002317
1119,0.109,0.073634,0.154867,0.014709,0.002211,0.002139,0.002621,0.002299
1120,0.105,0.075082,0.15496,0.015067,0.00222,0.002167,0.002603,0.002334
1121,0.108,0.073789,0.157107,0.015075,0.002289,0.002159,0.002599,0.002311
1122,0.106,0.073755,0.155487,0.014971,0.002213,0.002115,0.002549,0.002297
1123,0.106,0.07372,0.155827,0.021737,0.002225,0.002174,0.002571,0.002319
1124,0.108,0.07529,0.155872,0.015082,0.002271,0.002128,0.002614,0.002361
1125,0.107,0.073925,0.155751,0.014989,0.002222,0.002145,0.002619,0.002305
1126,0.11,0.073587,0.155359,0.015189,0.002244,0.00215,0.002678,0.002322
1127,0.109,0.073287,0.155312,0.01483,0.002228,0.00219,0.002661,0.002307
1128,0.108,0.074453,0.155103,0.01492,0.002259,0.002176,0.002588,0.002311
1129,0.108,0.074611,0.157145,0.014861,0.002245,0.00214,0.002575,0.002293
1130,0.107,0.073671,0.155916,0.014725,0.002264,0.002145,0.002635,0.002354
1131,0.109,0.073663,0.155462,0.014905,0.002268,0.002138,0.002619,0.002319
1132,0.108,0.074455,0.15547,0.014854,0.002256,0.00213,0.002637,0.002296
1133,0.108,0.07333,0.155719,0.014955,0.002298,0.002127,0.002664,0.00231
1134,0.108,0.074541,0.157334,0.014801,0.002266,0.002203,0.002615,0.002303
1135,0.107,0.074263,0.156792,0.014859,0.002249,0.002145,0.002635,0.002328
1136,0.108,0.074774,0.155127,0.015121,0.002212,0.00212,0.002599,0.002311
1137,0.109,0.074477,0.155775,0.014869,0.002244,0.002138,0.002582,0.002336
1138,0.107,0.074758,0.155952,0.015101,0.002214,0.002135,0.002618,0.002302
1139,0.109,0.074234,0.15622,0.01474,0.002304,0.002141,0.002602,0.002319
1140,0.108,0.074899,0.154916,0.015025,0.002219,0.002122,0.002564,0.002321
1141,0.113,0.076243,0.154856,0.01516,0.00223,0.002206,0.002611,0.002319
1142,0.107,0.074885,0.159327,0.014737,0.00226,0.002136,0.002693,0.002309
1143,0.11,0.077382,0.156042,0.014771,0.002248,0.002137,0.002732,0.002301
1144,0.106,0.074594,0.15906,0.015143,0.002234,0.002154,0.002676,0.002325
1145,0.105,0.073338,0.155121,0.014936,0.002239,0.002145,0.002699,0.002305
1146,0.105,0.073771,0.156283,0.015136,0.002243,0.002154,0.002615,0.002313
1147,0.107,0.073522,0.155561,0.015014,0.002248,0.002137,0.002623,0.002305
1148,0.108,0.076049,0.155961,0.014803,0.002236,0.002136,0.002657,0.002318
1149,0.106,0.073355,0.155272,0.014994,0.002291,0.002145,0.002588,0.002309
1150,0.108,0.074867,0.155904,0.014838,0.002236,0.00216,0.002626,0.002315
1151,0.105,0.074075,0.155216,0.014546,0.00224,0.002156,0.002656,0.002312
1152,0.108,0.074452,0.155383,0.014783,0.002219,0.002148,0.002559,0.002325
1153,0.106,0.073723,0.155308,0.014947,0.002261,0.002121,0.002654,0.00235
1154,0.106,0.074143,0.155571,0.01483,0.002237,0.002128,0.002681,0.002314
1155,0.106,0.073785,0.155777,0.015159,0.002274,0.002138,0.00271,0.00231
1156,0.106,0.075208,0.155963,0.015186,0.002244,0.002152,0.002572,0.002304
1157,0.109,0.074857,0.155091,0.021779,0.002257,0.002133,0.002682,0.002284
1158,0.103,0.074295,0.155726,0.01505,0.002241,0.002125,0.002679,0.002306
1159,0.106,0.074075,0.154642,0.014707,0.002225,0.00215,0.002668,0.002315
1160,0.106,0.075555,0.155308,0.015091,0.002254,0.002154,0.002708,0.002335
1161,0.106,0.074133,0.155447,0.021683,0.002279,0.002151,0.0027,0.002314
1162,0.105,0.073888,0.156086,0.014823,0.002231,0.002129,0.002592,0.002308
1163,0.103,0.074847,0.15585,0.014817,0.002249,0.00214,0.002669,0.002343
1164,0.107,0.081141,0.157187,0.01486,0.002256,0.002173,0.002593,0.002317
1165,0.108,0.074208,0.156115,0.014987,0.002243,0.00216,0.002725,0.002309
1166,0.106,0.073912,0.156012,0.014858,0.002244,0.002149,0.002581,0.0023
1167,0.106,0.075497,0.156035,0.014819,0.002308,0.002146,0.002586,0.002319
1168,0.106,0.074751,0.15536,0.014817,0.002267,0.002198,0.002575,0.002324
1169,0.108,0.073385,0.155635,0.015134,0.002239,0.002151,0.002647,0.002318
1170,0.107,0.073729,0.155796,0.01322,0.002243,0.002164,0.002713,0.002299
1171,0.109,0.073715,0.161837,0.014758,0.002248,0.002144,0.002578,0.002312
1172,0.106,0.074866,0.158274,0.014686,0.002258,0.002143,0.002645,0.002338
1173,0.104,0.073783,0.154627,0.014924,0.002256,0.002154,0.002711,0.002316
1174,0.102,0.074871,0.156131,0.01474,0.002251,0.002147,0.002748,0.002349
1175,0.104,0.074464,0.15889,0.015018,0.002287,0.002168,0.002586,0.002336
1176,0.109,0.075071,0.155606,0.015191,0.002239,0.002184,0.002693,0.002305
1177,0.108,0.073804,0.154912,0.015002,0.002249,0.002163,0.002684,0.002344
1178,0.108,0.074878,0.155778,0.01481,0.00224,0.002132,0.002727,0.002324
1179,0.108,0.07401,0.155097,0.015188,0.002265,0.002145,0.00267,0.002314
1180,0.109,0.074607,0.155636,0.014737,0.002258,0.002151,0.002651,0.002291
1181,0.109,0.073846,0.156241,0.014803,0.00223,0.002177,0.002614,0.002324
1182,0.109,0.073314,0.155966,0.01489,0.002258,0.00214,0.002616,0.00231
1183,0.123,0.074004,0.156313,0.014735,0.002261,0.002147,0.002638,0.0023
1184,0.108,0.074579,0.155684,0.014784,0.00225,0.002156,0.002641,0.002292
1185,0.106,0.074293,0.155643,0.014787,0.002244,0.002165,0.002723,0.002328
1186,0.106,0.073834,0.15524,0.015258,0.002248,0.002154,0.002724,0.00232
1187,0.106,0.076589,0.155313,0.022098,0.002264,0.002141,0.002687,0.002299
1188,0.103,0.074524,0.155675,0.014779,0.002264,0.00222,0.002617,0.002298
1189,0.105,0.075397,0.155391,0.015875,0.002281,0.0022,0.002601,0.002311
1190,0.103,0.075557,0.157351,0.014891,0.002228,0.00214,0.002571,0.002322
1191,0.106,0.076572,0.155053,0.020706,0.002181,0.002178,0.002578,0.002334
1192,0.108,0.075173,0.155864,0.014633,0.002253,0.002168,0.002693,0.002371
1193,0.11,0.074292,0.156415,0.01467,0.00221,0.002171,0.002624,0.002305
1194,0.108,0.073484,0.155142,0.013949,0.002203,0.002159,0.002554,0.002351
1195,0.108,0.074785,0.155036,0.01468,0.002247,0.002183,0.002748,0.002328
1196,0.109,0.074359,0.155453,0.014673,0.002203,0.002164,0.002551,0.002318
1197,0.11,0.073792,0.15547,0.014771,0.002235,0.002162,0.002602,0.002331
1198,0.107,0.073971,0.155521,0.02162,0.002248,0.002169,0.002688,0.002328
1199,0.109,0.074112,0.156126,0.014965,0.00222,0.00216,0.002635,0.002325
1200,0.109,0.07472,0.155492,0.014902,0.002258,0.002155,0.002542,0.002304
1201,0.109,0.073947,0.155059,0.021724,0.002241,0.002147,0.002606,0.002312
1202,0.109,0.073978,0.155084,0.014877,0.002222,0.0022,0.002672,0.002317
1203,0.109,0.073781,0.155681,0.014863,0.002269,0.002135,0.002694,0.002308
1204,0.109,0.076047,0.156875,0.014952,0.002266,0.002117,0.002751,0.002317
1205,0.11,0.07358,0.157067,0.01495,0.002259,0.002113,0.002715,0.002308
1206,0.111,0.074285,0.158534,0.014813,0.002238,0.002173,0.002662,0.002324
1207,0.108,0.073562,0.155216,0.01479,0.002238,0.002164,0.002607,0.002306
1208,0.106,0.074504,0.154767,0.014784,0.002223,0.002196,0.00262,0.002308
1209,0.109,0.077086,0.156654,0.014871,0.002197,0.002181,0.00253,0.002305
1210,0.109,0.074201,0.155519,0.015158,0.002233,0.002144,0.002632,0.002332
1211,0.108,0.073975,0.155625,0.015004,0.002224,0.002156,0.002577,0.002315
1212,0.108,0.074545,0.156293,0.014967,0.002191,0.002158,0.002619,0.002302
1213,0.109,0.07498,0.155348,0.015197,0.002218,0.002163,0.00287,0.002315
1214,0.109,0.073682,0.156203,0.014826,0.002238,0.002209,0.002747,0.002343
1215,0.108,0.073699,0.156627,0.021679,0.002243,0.002157,0.002653,0.002323
1216,0.106,0.077355,0.155887,0.014713,0.002254,0.002158,0.00264,0.002308
1217,0.107,0.073879,0.154868,0.014965,0.002252,0.002167,0.002563,0.002309
1218,0.109,0.073525,0.156137,0.0216,0.002247,0.002163,0.002677,0.002327
1219,0.108,0.073565,0.155156,0.015182,0.002239,0.002161,0.002666,0.002304
1220,0.109,0.074925,0.155615,0.01331,0.002282,0.00219,0.002741,0.002326
1221,0.11,0.075708,0.155458,0.014262,0.002251,0.002158,0.00271,0.002338
1222,0.121,0.076041,0.156139,0.014753,0.002268,0.002151,0.002697,0.002341
1223,0.104,0.07638,0.158356,0.0147,0.002254,0.002166,0.002725,0.002345
1224,0.108,0.075053,0.155409,0.014724,0.002263,0.002195,0.002607,0.002311
1225,0.108,0.074866,0.155464,0.014463,0.002257,0.002159,0.002688,0.002331
1226,0.108,0.075886,0.155888,0.014605,0.002246,0.002179,0.002599,0.002314
1227,0.108,0.073892,0.156153,0.01471,0.002212,0.002181,0.002546,0.002312
1228,0.109,0.07461,0.156155,0.022032,0.002255,0.002171,0.002597,0.002313
1229,0.108,0.075512,0.155459,0.014835,0.00227,0.002169,0.002628,0.002331
1230,0.108,0.074012,0.155927,0.014797,0.002252,0.002168,0.002658,0.002321
1231,0.108,0.074007,0.156254,0.01492,0.002221,0.002165,0.002586,0.00234
1232,0.11,0.076512,0.157611,0.021972,0.002271,0.00217,0.002661,0.002333
1233,0.109,0.073196,0.155493,0.014985,0.002273,0.00218,0.002659,0.002364
1234,0.108,0.07463,0.155438,0.01467,0.002234,0.002159,0.002612,0.002333
1235,0.105,0.073968,0.159001,0.01482,0.002227,0.002158,0.002669,0.002327
1236,0.108,0.074005,0.155547,0.014632,0.00225,0.002167,0.002673,0.002318
1237,0.105,0.07423,0.155151,0.01431,0.002254,0.002144,0.002628,0.002311
1238,0.106,0.074419,0.156079,0.014728,0.00226,0.002154,0.002658,0.002338
1239,0.106,0.074599,0.156865,0.014691,0.002245,0.002179,0.002603,0.002341
1240,0.109,0.075196,0.157,0.015068,0.002247,0.002139,0.002718,0.002347
1241,0.109,0.083479,0.155367,0.01506,0.002286,0.002203,0.00263,0.002328
1242,0.106,0.075994,0.15533,0.015136,0.002238,0.002156,0.002682,0.00232
1243,0.107,0.075691,0.155843,0.014734,0.002252,0.002168,0.002671,0.002324
1244,0.113,0.07436,0.155205,0.014956,0.002235,0.002163,0.002601,0.002334
1245,0.107,0.073558,0.155663,0.014727,0.002215,0.002149,0.002572,0.00232
1246,0.109,0.083745,0.155525,0.014868,0.002286,0.002149,0.002638,0.002362
1247,0.106,0.075234,0.155323,0.014897,0.002249,0.002162,0.002681,0.002328
1248,0.109,0.074501,0.157018,0.014776,0.002246,0.002212,0.002645,0.002346
1249,0.106,0.073859,0.15609,0.021389,0.002257,0.002175,0.002676,0.002325
1250,0.105,0.074316,0.155169,0.014762,0.002244,0.002163,0.002688,0.002329
1251,0.105,0.074062,0.155576,0.014928,0.002259,0.002198,0.002621,0.00232
1252,0.105,0.075199,0.15564,0.014776,0.002234,0.002167,0.002617,0.002316
1253,0.106,0.074148,0.155751,0.021848,0.002246,0.002158,0.002615,0.002326
1254,0.108,0.074569,0.155452,0.014724,0.00224,0.002161,0.002595,0.002323
1255,0.107,0.07435,0.155354,0.014934,0.002235,0.00217,0.002604,0.002316
1256,0.107,0.074736,0.155532,0.014775,0.002263,0.002183,0.002645,0.002335
1257,0.113,0.073915,0.156191,0.014871,0.002242,0.002157,0.002678,0.002313
1258,0.106,0.074608,0.155767,0.015158,0.002269,0.002163,0.002615,0.002348
1259,0.108,0.073638,0.155892,0.014915,0.002289,0.002123,0.002654,0.002313
1260,0.106,0.074525,0.159003,0.015075,0.002224,0.002109,0.002679,0.002323
1261,0.107,0.073076,0.155409,0.014994,0.002288,0.002163,0.002706,0.002347
1262,0.109,0.073747,0.156236,0.014926,0.002343,0.002171,0.0027,0.002315
1263,0.106,0.074218,0.155945,0.014941,0.002222,0.00216,0.002586,0.002318
1264,0.109,0.07519,0.15588,0.014931,0.002258,0.002156,0.002672,0.002336
1265,0.108,0.073435,0.15833,0.014745,0.002254,0.0022,0.002631,0.002321
1266,0.108,0.080656,0.158658,0.014779,0.002252,0.002185,0.002653,0.002326
1267,0.104,0.074349,0.15546,0.015293,0.002248,0.002191,0.002602,0.002332
1268,0.109,0.07492,0.155838,0.014965,0.002294,0.002185,0.00276,0.002311
1269,0.11,0.074413,0.155429,0.014464,0.00224,0.002173,0.002648,0.002333
1270,0.111,0.073433,0.156016,0.015134,0.002243,0.002174,0.002625,0.002329
1271,0.11,0.076402,0.155308,0.015043,0.002281,0.002181,0.00262,0.002324
1272,0.112,0.074477,0.155539,0.01465,0.00225,0.002173,0.002619,0.002342
1273,0.109,0.07403,0.156185,0.015164,0.002245,0.002174,0.002719,0.00232
1274,0.109,0.074616,0.155344,0.014868,0.002239,0.002154,0.002618,0.002318
1275,0.109,0.074108,0.155999,0.021377,0.002274,0.00219,0.002624,0.002327
1276,0.109,0.07656,0.155545,0.014858,0.002239,0.00216,0.002612,0.002307
1277,0.109,0.074142,0.156072,0.014883,0.00227,0.002178,0.002661,0.002326
1278,0.109,0.073442,0.155773,0.0151,0.00225,0.002182,0.002589,0.002329
1279,0.108,0.07378,0.155926,0.014976,0.002245,0.002154,0.002579,0.002322
1280,0.109,0.075039,0.155337,0.015114,0.002296,0.002146,0.002636,0.002327
1281,0.109,0.073523,0.154921,0.014753,0.002228,0.002156,0.002574,0.002336
1282,0.11,0.076737,0.155336,0.014824,0.00223,0.002124,0.002569,0.002324
1283,0.109,0.073413,0.155911,0.014896,0.002275,0.00216,0.002605,0.002325
1284,0.105,0.075144,0.155589,0.014954,0.00225,0.002173,0.002611,0.002355
1285,0.108,0.073673,0.154706,0.021819,0.002236,0.002173,0.002635,0.0024
1286,0.109,0.076317,0.155373,0.014661,0.002243,0.002148,0.002559,0.00233
1287,0.109,0.076656,0.161292,0.021757,0.002254,0.002143,0.002626,0.002352
1288,0.108,0.075194,0.156093,0.015332,0.002265,0.002207,0.002647,0.00232
1289,0.108,0.073899,0.156412,0.014964,0.002264,0.002173,0.002623,0.002336
1290,0.11,0.076532,0.157132,0.015323,0.00227,0.002173,0.002609,0.002322
1291,0.109,0.073651,0.155793,0.021974,0.002281,0.002183,0.002613,0.002331
1292,0.109,0.074629,0.156084,0.014879,0.002255,0.002173,0.002623,0.002339
1293,0.108,0.074394,0.155801,0.014852,0.002273,0.002157,0.002663,0.002356
1294,0.107,0.073905,0.155355,0.014817,0.002269,0.002162,0.002623,0.002357
1295,0.109,0.074551,0.157486,0.021617,0.002286,0.002169,0.002611,0.002344
1296,0.111,0.074982,0.155564,0.014961,0.002251,0.002163,0.002588,0.002332
1297,0.108,0.073825,0.155838,0.014779,0.002251,0.002165,0.002582,0.002313
1298,0.107,0.073865,0.156455,0.014838,0.002245,0.002173,0.003008,0.002334
1299,0.107,0.075356,0.155147,0.014782,0.002247,0.002168,0.002614,0.002303
1300,0.107,0.074222,0.158209,0.015045,0.002251,0.002168,0.002545,0.002326
1301,0.111,0.073639,0.155522,0.014661,0.002244,0.002174,0.002645,0.002311
1302,0.108,0.073405,0.15495,0.015108,0.002254,0.002168,0.002631,0.002324
1303,0.108,0.075741,0.15961,0.015221,0.002298,0.002168,0.002626,0.002325
1304,0.11,0.075402,0.155429,0.014971,0.00224,0.002241,0.002617,0.002342
1305,0.106,0.073441,0.155753,0.014945,0.00226,0.002201,0.002691,0.002332
1306,0.107,0.073947,0.160805,0.014843,0.002261,0.002197,0.002635,0.002338
1307,0.113,0.073773,0.159015,0.015245,0.002286,0.002197,0.002615,0.002316
1308,0.107,0.074346,0.156459,0.015025,0.002257,0.002184,0.002613,0.002347
1309,0.108,0.073922,0.155017,0.01493,0.002256,0.002191,0.002598,0.002349
1310,0.11,0.07337,0.155476,0.014954,0.002271,0.00218,0.00258,0.002328
1311,0.105,0.074561,0.155022,0.015019,0.002294,0.002176,0.002597,0.002314
1312,0.106,0.076024,0.158159,0.015229,0.002267,0.002184,0.0026,0.002324
1313,0.106,0.073694,0.155278,0.014969,0.002264,0.002186,0.002589,0.002349
1314,0.106,0.073547,0.156163,0.01497,0.002271,0.002261,0.002623,0.00233
1315,0.109,0.073575,0.155072,0.014833,0.002269,0.002182,0.002622,0.002298
1316,0.11,0.074501,0.155627,0.015146,0.002261,0.002179,0.002557,0.002316
1317,0.11,0.073582,0.154427,0.015238,0.002264,0.002172,0.002645,0.002412
1318,0.11,0.077351,0.15548,0.015122,0.002238,0.002177,0.002584,0.00235
1319,0.108,0.073884,0.155366,0.015066,0.002264,0.002113,0.002616,0.002311
1320,0.109,0.074657,0.156701,0.021378,0.002281,0.002171,0.00262,0.002312
1321,0.11,0.073605,0.156468,0.021855,0.002267,0.002208,0.002628,0.002356
1322,0.109,0.073969,0.156168,0.015043,0.002261,0.002171,0.002605,0.002297
1323,0.108,0.073526,0.155711,0.015329,0.002278,0.002169,0.002624,0.002331
1324,0.109,0.074903,0.154854,0.015208,0.00226,0.002199,0.002623,0.002327
1325,0.109,0.073384,0.155061,0.014948,0.002287,0.002194,0.002766,0.002329
1326,0.108,0.075105,0.156079,0.015128,0.002274,0.002179,0.002708,0.002337
1327,0.102,0.073927,0.155495,0.01515,0.002289,0.002176,0.002664,0.002337
1328,0.109,0.082556,0.155458,0.014821,0.002274,0.002159,0.002679,0.002314
1329,0.108,0.073887,0.156127,0.014817,0.002284,0.002203,0.002727,0.002318
1330,0.108,0.073221,0.15625,0.015109,0.002298,0.002172,0.002697,0.002313
1331,0.108,0.073517,0.155851,0.014982,0.00226,0.00219,0.00264,0.00232
1332,0.108,0.075018,0.155139,0.015044,0.002274,0.002163,0.002733,0.0023
1333,0.103,0.073844,0.155839,0.015068,0.002258,0.002249,0.002657,0.002327
1334,0.107,0.074037,0.155714,0.014819,0.002263,0.002185,0.002665,0.002342
1335,0.112,0.074479,0.155522,0.015271,0.002278,0.002173,0.002712,0.002357
1336,0.107,0.074393,0.156103,0.014334,0.002252,0.002159,0.00269,0.002319
1337,0.108,0.073401,0.155945,0.015113,0.002264,0.002179,0.002666,0.002357
1338,0.104,0.073575,0.156013,0.01503,0.002265,0.002205,0.002656,0.00232
1339,0.109,0.07484,0.15629,0.014545,0.002332,0.002232,0.002728,0.002321
1340,0.109,0.076276,0.157364,0.014947,0.002253,0.002171,0.002639,0.002324
1341,0.105,0.075656,0.161915,0.01489,0.002274,0.002169,0.002695,0.002325
1342,0.108,0.073512,0.157064,0.014976,0.002285,0.002172,0.002752,0.002327
1343,0.106,0.074388,0.155602,0.015019,0.002268,0.00216,0.002643,0.002326
1344,0.111,0.074867,0.156244,0.014734,0.002284,0.002195,0.002681,0.002337
1345,0.106,0.073796,0.15606,0.014845,0.002273,0.002168,0.002728,0.002327
1346,0.105,0.073524,0.155799,0.015103,0.002265,0.002173,0.002713,0.002343
1347,0.106,0.073717,0.15581,0.01513,0.002287,0.002171,0.002761,0.002329
1348,0.103,0.074817,0.157627,0.015034,0.002288,0.002157,0.002645,0.002339
1349,0.108,0.079087,0.15724,0.015225,0.002261,0.002171,0.002761,0.002322
1350,0.104,0.075932,0.155941,0.015067,0.002261,0.002157,0.002755,0.002325
1351,0.106,0.074033,0.156798,0.015161,0.002333,0.002181,0.00275,0.002323
1352,0.106,0.075421,0.158962,0.014864,0.002273,0.002208,0.002636,0.002341
1353,0.11,0.073962,0.156943,0.014881,0.00225,0.002186,0.002667,0.002324
1354,0.107,0.073898,0.161486,0.0218,0.002283,0.002147,0.002626,0.002349
1355,0.107,0.076224,0.155504,0.018863,0.002286,0.002172,0.002707,0.002338
1356,0.109,0.074975,0.155627,0.014882,0.002272,0.002169,0.002718,0.002334
1357,0.107,0.073539,0.155694,0.015113,0.002281,0.00213,0.002742,0.00237
1358,0.106,0.074204,0.155941,0.014809,0.002338,0.002178,0.002753,0.002321
1359,0.107,0.084121,0.157274,0.014971,0.002326,0.00215,0.002643,0.002335
1360,0.105,0.077995,0.15644,0.014644,0.002261,0.002132,0.002666,0.002314
1361,0.103,0.073891,0.155887,0.021661,0.002267,0.002185,0.002648,0.002342
1362,0.108,0.074349,0.156133,0.014884,0.002275,0.00215,0.002732,0.002329
1363,0.107,0.073769,0.16199,0.015045,0.002283,0.002168,0.002782,0.002335
1364,0.106,0.07445,0.156822,0.014879,0.002285,0.002164,0.00276,0.002321
1365,0.108,0.074193,0.15699,0.021656,0.002277,0.002147,0.002684,0.00234
1366,0.106,0.075095,0.156717,0.015208,0.00228,0.002148,0.002696,0.00234
1367,0.107,0.074436,0.156766,0.014811,0.002284,0.002124,0.002707,0.002323
1368,0.106,0.074346,0.156529,0.021379,0.002291,0.002159,0.002771,0.002328
1369,0.11,0.074163,0.157389,0.015076,0.002286,0.002155,0.002798,0.00234
1370,0.107,0.074371,0.156528,0.014963,0.002264,0.002158,0.002663,0.002333
1371,0.108,0.074464,0.155865,0.021773,0.002262,0.002114,0.002646,0.002324
1372,0.103,0.074967,0.155834,0.014977,0.002252,0.002159,0.002627,0.002318
1373,0.104,0.07443,0.15955,0.014775,0.00228,0.002189,0.002668,0.002354
1374,0.104,0.075138,0.156971,0.014826,0.002275,0.002143,0.002751,0.002316
1375,0.106,0.07357,0.155432,0.015049,0.002266,0.002136,0.002777,0.002346
1376,0.109,0.084034,0.156778,0.014717,0.002275,0.002176,0.002691,0.002325
1377,0.113,0.074202,0.15662,0.014921,0.00228,0.002153,0.002665,0.00235
1378,0.108,0.074966,0.156767,0.015097,0.002272,0.002148,0.00271,0.002318
1379,0.111,0.074016,0.156114,0.014864,0.002272,0.002215,0.002757,0.002324
1380,0.113,0.074615,0.157411,0.015139,0.002291,0.00215,0.002762,0.002336
1381,0.11,0.073677,0.16322,0.015006,0.002284,0.00213,0.002736,0.002321
1382,0.108,0.07394,0.156981,0.015139,0.002287,0.002183,0.002702,0.002329
1383,0.108,0.074102,0.155887,0.014909,0.002286,0.002155,0.002687,0.002335
1384,0.109,0.074461,0.156524,0.015166,0.002282,0.00214,0.002703,0.002329
1385,0.109,0.073854,0.155358,0.021768,0.002275,0.002113,0.002726,0.002377
1386,0.107,0.076716,0.156426,0.021605,0.002295,0.002178,0.00275,0.002334
1387,0.109,0.073863,0.156319,0.01494,0.002277,0.002156,0.003167,0.002373
1388,0.11,0.080856,0.157364,0.015029,0.002254,0.002201,0.002788,0.002324
1389,0.111,0.074836,0.154471,0.014925,0.002291,0.002181,0.002733,0.00233
1390,0.109,0.073266,0.155849,0.014899,0.002264,0.002144,0.002658,0.002337
1391,0.108,0.074003,0.155902,0.0152,0.002269,0.002154,0.002642,0.00233
1392,0.109,0.075532,0.155796,0.014869,0.002328,0.002219,0.002745,0.002322
1393,0.109,0.073687,0.155444,0.014927,0.002307,0.002169,0.002729,0.002323
1394,0.108,0.073754,0.156144,0.015044,0.002299,0.002163,0.002698,0.002313
1395,0.108,0.074511,0.155923,0.014665,0.002258,0.002152,0.002646,0.002329
1396,0.108,0.075083,0.155983,0.015126,0.002343,0.002175,0.002698,0.00234
1397,0.115,0.073303,0.155913,0.014834,0.002295,0.002183,0.002752,0.002349
1398,0.107,0.07411,0.156565,0.014699,0.002279,0.002162,0.002744,0.002411
1399,0.11,0.074626,0.156668,0.021879,0.002278,0.002173,0.002747,0.00233
1400,0.108,0.074525,0.156332,0.021878,0.002285,0.002172,0.002665,0.002384
1401,0.108,0.073749,0.155466,0.015075,0.0023,0.002189,0.002742,0.002342
1402,0.108,0.073756,0.15605,0.014776,0.002289,0.002189,0.002764,0.002327
1403,0.109,0.074001,0.15644,0.014695,0.002284,0.002189,0.002716,0.002324
1404,0.108,0.075112,0.155578,0.015055,0.002277,0.002218,0.002693,0.002377
1405,0.108,0.074228,0.15714,0.014945,0.002279,0.002186,0.002684,0.002323
1406,0.11,0.07398,0.15689,0.014917,0.00226,0.002181,0.002676,0.002329
1407,0.109,0.073673,0.156269,0.01502,0.002259,0.002177,0.002654,0.002338
1408,0.109,0.074448,0.15753,0.01494,0.002278,0.002195,0.00274,0.002345
1409,0.106,0.073794,0.155819,0.014912,0.002269,0.002169,0.002698,0.002375
1410,0.104,0.074031,0.156844,0.015017,0.002292,0.002186,0.002674,0.002323
1411,0.107,0.074562,0.156351,0.014752,0.002283,0.002176,0.002731,0.00233
1412,0.102,0.07531,0.156563,0.015082,0.002308,0.002169,0.002718,0.002354
1413,0.114,0.073609,0.155327,0.01506,0.002266,0.002167,0.0027,0.002317
1414,0.109,0.073697,0.157264,0.0149,0.002288,0.002182,0.002711,0.002329
1415,0.106,0.07444,0.159059,0.01481,0.00228,0.002192,0.002694,0.002326
1416,0.106,0.074095,0.155723,0.014783,0.0023,0.002169,0.002796,0.002354
1417,0.111,0.073823,0.155064,0.014967,0.002293,0.002181,0.002805,0.002314
1418,0.109,0.079132,0.159593,0.014916,0.002272,0.002183,0.002703,0.002339
1419,0.109,0.074423,0.156215,0.015173,0.002304,0.002188,0.002822,0.002353
1420,0.111,0.074366,0.163963,0.014953,0.002278,0.002184,0.002778,0.002337
1421,0.111,0.074795,0.155487,0.014869,0.002926,0.002238,0.002728,0.002331
1422,0.116,0.074473,0.155889,0.015175,0.002756,0.002234,0.002734,0.002356
1423,0.11,0.073642,0.158404,0.014947,0.002466,0.0022,0.002742,0.002333
1424,0.102,0.075369,0.156552,0.014844,0.00232,0.002182,0.002732,0.002368
1425,0.11,0.080753,0.156135,0.021767,0.00232,0.002209,0.002733,0.002338
1426,0.111,0.074032,0.156734,0.014819,0.002296,0.002169,0.002718,0.002328
1427,0.1,0.073348,0.155707,0.014826,0.002345,0.002192,0.002705,0.002351
1428,0.105,0.076816,0.155474,0.014832,0.002313,0.002174,0.002715,0.002351
1429,0.101,0.073485,0.157419,0.014736,0.002305,0.002175,0.002717,0.002329
1430,0.109,0.073522,0.157261,0.014836,0.002284,0.002196,0.002712,0.002329
1431,0.109,0.073435,0.155638,0.014943,0.002271,0.002187,0.00265,0.00233
1432,0.113,0.073837,0.158694,0.014842,0.002294,0.002223,0.002712,0.002337
1433,0.109,0.07416,0.156686,0.021769,0.00228,0.002179,0.002729,0.002356
1434,0.1,0.07369,0.15484,0.014965,0.002314,0.002212,0.002692,0.002329
1435,0.107,0.075792,0.156488,0.014677,0.002291,0.00219,0.002717,0.002339
1436,0.102,0.074634,0.156668,0.014998,0.002295,0.002178,0.002721,0.002339
1437,0.108,0.076536,0.156265,0.015263,0.002321,0.002206,0.002772,0.002334
1438,0.109,0.074319,0.156517,0.014804,0.002296,0.002206,0.002786,0.002336
1439,0.101,0.073737,0.156228,0.014817,0.002301,0.002204,0.002793,0.002318
1440,0.1,0.074896,0.155529,0.014862,0.002311,0.002196,0.002775,0.002328
1441,0.105,0.074216,0.158442,0.015102,0.002315,0.002197,0.002736,0.002332
1442,0.108,0.073574,0.158453,0.014787,0.002334,0.002187,0.002731,0.002344
1443,0.109,0.07463,0.155353,0.015267,0.002336,0.002184,0.00273,0.002329
1444,0.11,0.074686,0.156425,0.015267,0.002294,0.00219,0.002713,0.002349
1445,0.11,0.074196,0.155557,0.014813,0.002292,0.002165,0.002685,0.002345
1446,0.109,0.074577,0.156835,0.021865,0.002308,0.002184,0.002722,0.002323
1447,0.1,0.075726,0.154966,0.015122,0.002296,0.002183,0.002771,0.00234
1448,0.101,0.074775,0.155954,0.014773,0.002311,0.002197,0.002804,0.002323
1449,0.111,0.073991,0.156337,0.021828,0.002299,0.002181,0.002838,0.002324
1450,0.109,0.078612,0.155356,0.014813,0.002305,0.002179,0.002734,0.00234
1451,0.101,0.079529,0.158875,0.021672,0.002289,0.002196,0.002745,0.002327
1452,0.109,0.074522,0.155882,0.01493,0.002314,0.002201,0.002779,0.002327
1453,0.11,0.073296,0.155344,0.014834,0.002325,0.002193,0.002867,0.002327
1454,0.11,0.076664,0.157736,0.014882,0.002281,0.002213,0.002722,0.002342
1455,0.111,0.074311,0.155733,0.014697,0.002294,0.002213,0.002725,0.002339
1456,0.101,0.075218,0.156652,0.014747,0.002328,0.002175,0.002802,0.00234
1457,0.109,0.073377,0.157132,0.014909,0.002324,0.002208,0.002734,0.002316
1458,0.109,0.074224,0.156634,0.012377,0.002309,0.002199,0.002767,0.002362
1459,0.107,0.076101,0.155517,0.014861,0.002313,0.002189,0.002741,0.002317
1460,0.11,0.079443,0.155245,0.014813,0.002322,0.002173,0.002721,0.002333
1461,0.108,0.074364,0.158767,0.014752,0.002325,0.002191,0.002782,0.002347
1462,0.116,0.073572,0.156143,0.01497,0.00231,0.002197,0.002757,0.002317
1463,0.11,0.073897,0.156255,0.014997,0.002268,0.002188,0.002633,0.002346
1464,0.11,0.075166,0.155747,0.014865,0.002257,0.002178,0.00259,0.002349
1465,0.109,0.074551,0.156121,0.014717,0.002317,0.002197,0.002713,0.002328
1466,0.105,0.074161,0.155922,0.021723,0.002265,0.002197,0.00287,0.00233
1467,0.11,0.074087,0.155405,0.015062,0.002311,0.002191,0.002806,0.002328
1468,0.115,0.074792,0.156127,0.013936,0.002274,0.002192,0.002904,0.002321
1469,0.109,0.073604,0.15554,0.014496,0.002291,0.002196,0.003213,0.002311
1470,0.109,0.073899,0.155677,0.014784,0.002262,0.002186,0.002638,0.002342
1471,0.109,0.074095,0.157064,0.014781,0.002279,0.002214,0.002715,0.002325
1472,0.109,0.074462,0.155714,0.014966,0.00225,0.002193,0.002804,0.002352
1473,0.109,0.073951,0.156187,0.014979,0.002282,0.002268,0.002731,0.002337
1474,0.109,0.073363,0.160044,0.014889,0.002261,0.00219,0.002658,0.002326
1475,0.11,0.073622,0.157485,0.01472,0.002285,0.002235,0.002732,0.002325
1476,0.109,0.074678,0.155927,0.015136,0.002316,0.002209,0.002729,0.002336
1477,0.1,0.083643,0.155916,0.014858,0.002293,0.002214,0.002787,0.002351
1478,0.109,0.073979,0.156486,0.014716,0.00229,0.0022,0.002813,0.002334
1479,0.109,0.077128,0.156536,0.015002,0.002311,0.002187,0.002792,0.002345
1480,0.101,0.074672,0.157548,0.014872,0.002303,0.00219,0.002756,0.002323
1481,0.105,0.073321,0.156269,0.014679,0.00227,0.002181,0.00264,0.00238
1482,0.108,0.083591,0.155376,0.014797,0.002275,0.002154,0.002701,0.002403
1483,0.11,0.073763,0.157328,0.015082,0.002297,0.002179,0.002701,0.002351
1484,0.11,0.074924,0.156378,0.014722,0.002315,0.002196,0.002743,0.002331
1485,0.109,0.073945,0.156106,0.01484,0.002332,0.002211,0.002812,0.002326
1486,0.108,0.074006,0.157565,0.013659,0.002313,0.002205,0.002778,0.002304
1487,0.109,0.074802,0.157023,0.014415,0.002283,0.002259,0.002808,0.002339
1488,0.109,0.074516,0.156136,0.014987,0.00229,0.002191,0.00277,0.002343
1489,0.11,0.074498,0.158476,0.015035,0.002359,0.002193,0.002724,0.002329
1490,0.11,0.075107,0.15673,0.014833,0.002296,0.002193,0.002698,0.00234
1491,0.111,0.074107,0.157428,0.014756,0.002304,0.002185,0.002784,0.002331
1492,0.11,0.074999,0.1563,0.01476,0.002307,0.002193,0.00276,0.002346
1493,0.101,0.074311,0.157193,0.015043,0.002297,0.002207,0.002788,0.002355
1494,0.109,0.0737,0.157039,0.015118,0.002287,0.002201,0.002739,0.002394
1495,0.11,0.073945,0.157419,0.015026,0.00231,0.002194,0.002763,0.002353
1496,0.109,0.074385,0.157391,0.015042,0.00229,0.002213,0.002714,0.002346
1497,0.109,0.073304,0.157777,0.013883,0.002294,0.002191,0.00278,0.002315
1498,0.108,0.074366,0.15577,0.01432,0.002296,0.00219,0.002865,0.002313
1499,0.102,0.073941,0.155774,0.014668,0.002313,0.002199,0.002738,0.002351
1500,0.11,0.074886,0.17283,0.014679,0.002263,0.00219,0.002738,0.002354
1501,0.109,0.076644,0.155768,0.022008,0.002299,0.002194,0.002781,0.002352
1502,0.1,0.073421,0.162944,0.014871,0.002299,0.002198,0.002714,0.002306
1503,0.101,0.074842,0.157019,0.021588,0.002282,0.002184,0.002723,0.002333
1504,0.11,0.074941,0.1579,0.015269,0.002279,0.002187,0.00274,0.002331
1505,0.111,0.074054,0.155328,0.01501,0.002304,0.002196,0.00276,0.00232
1506,0.108,0.074158,0.155268,0.014875,0.002304,0.002192,0.002806,0.00233
1507,0.109,0.074087,0.156447,0.014909,0.002344,0.002233,0.002811,0.002327
1508,0.108,0.089346,0.155253,0.014939,0.002292,0.002196,0.002789,0.002372
1509,0.109,0.07368,0.156018,0.014964,0.002286,0.002207,0.002711,0.002341
1510,0.111,0.075557,0.155823,0.014758,0.002326,0.002242,0.002761,0.002331
1511,0.109,0.073651,0.156115,0.015219,0.002318,0.002224,0.002754,0.002361
1512,0.1,0.074181,0.155394,0.014831,0.002311,0.002201,0.002715,0.002333
1513,0.109,0.073621,0.155704,0.015108,0.002342,0.002175,0.002771,0.00235
1514,0.099,0.074679,0.15632,0.014926,0.002297,0.002197,0.002783,0.002349
1515,0.101,0.074669,0.156552,0.015143,0.002298,0.002177,0.002739,0.002346
1516,0.111,0.075316,0.15681,0.014718,0.00231,0.002177,0.002772,0.002343
1517,0.11,0.073539,0.156927,0.015072,0.002329,0.002139,0.002781,0.002335
1518,0.108,0.073259,0.158097,0.02151,0.00228,0.002224,0.002702,0.002353
1519,0.109,0.075881,0.155901,0.014809,0.002372,0.002193,0.002759,0.002346
1520,0.109,0.074213,0.156416,0.013747,0.002338,0.002168,0.002725,0.002338
1521,0.11,0.073675,0.15638,0.014852,0.002328,0.002168,0.002778,0.002332
1522,0.109,0.07487,0.157214,0.021841,0.002279,0.002178,0.002752,0.002354
1523,0.109,0.07403,0.156189,0.014754,0.002299,0.002226,0.002743,0.002343
1524,0.099,0.076927,0.156783,0.01499,0.002288,0.002165,0.002744,0.002337
1525,0.101,0.075207,0.154787,0.014933,0.002306,0.002139,0.00279,0.002327
1526,0.109,0.074417,0.156002,0.014906,0.002305,0.002202,0.002797,0.00235
1527,0.111,0.074547,0.157074,0.015029,0.002321,0.002155,0.002742,0.002341
1528,0.109,0.07469,0.155929,0.014865,0.002339,0.002154,0.002749,0.002327
1529,0.109,0.073293,0.15575,0.014765,0.002323,0.002192,0.002746,0.002339
1530,0.109,0.073605,0.156873,0.014728,0.002385,0.002189,0.002761,0.002324
1531,0.11,0.074171,0.155557,0.014694,0.002331,0.002181,0.002758,0.002337
1532,0.11,0.077454,0.164896,0.014755,0.00234,0.002152,0.002754,0.002304
1533,0.11,0.075283,0.161196,0.014891,0.00231,0.002158,0.002741,0.002331
1534,0.106,0.073907,0.156115,0.022064,0.002324,0.002156,0.002751,0.002318
1535,0.102,0.074276,0.155843,0.021993,0.002287,0.002131,0.002703,0.00233
1536,0.114,0.074631,0.157534,0.014956,0.002305,0.002128,0.002676,0.00235
1537,0.109,0.073747,0.155513,0.015008,0.002322,0.002145,0.002794,0.002351
1538,0.109,0.073393,0.156219,0.014996,0.002315,0.002121,0.002911,0.002343
1539,0.11,0.073923,0.155371,0.015018,0.002327,0.002139,0.002809,0.002352
1540,0.111,0.075314,0.156055,0.014695,0.002284,0.002136,0.00272,0.002331
1541,0.11,0.074194,0.156481,0.014866,0.002308,0.002126,0.002779,0.002332
1542,0.109,0.074131,0.155664,0.014993,0.002311,0.002142,0.002737,0.002337
1543,0.109,0.074577,0.159195,0.015018,0.002355,0.002136,0.002725,0.002333
1544,0.109,0.075794,0.156578,0.01516,0.002333,0.002119,0.002765,0.002331
1545,0.109,0.073292,0.154855,0.014854,0.002303,0.002129,0.002769,0.002339
1546,0.109,0.083451,0.157874,0.014841,0.002315,0.002144,0.002815,0.002356
1547,0.109,0.073511,0.156819,0.015322,0.002295,0.002137,0.002715,0.002336
1548,0.109,0.074475,0.155501,0.015141,0.002377,0.002162,0.00277,0.002312
1549,0.102,0.074128,0.156735,0.014791,0.002338,0.002153,0.002769,0.002341
1550,0.109,0.073366,0.156679,0.015134,0.002327,0.002148,0.002769,0.00233
1551,0.109,0.074194,0.156549,0.021994,0.002329,0.002182,0.002789,0.002369
1552,0.109,0.074885,0.156474,0.015166,0.002337,0.002129,0.002777,0.00236
1553,0.099,0.073969,0.156281,0.021781,0.002307,0.002172,0.002721,0.002342
1554,0.109,0.074143,0.15573,0.015124,0.002326,0.002226,0.002696,0.002375
1555,0.1,0.07526,0.155573,0.018988,0.002313,0.002197,0.002802,0.002337
1556,0.109,0.074804,0.156388,0.014466,0.00232,0.002129,0.002764,0.002325
1557,0.11,0.073938,0.156239,0.015016,0.002325,0.002122,0.002793,0.002342
1558,0.109,0.074018,0.15767,0.014832,0.002365,0.002142,0.002796,0.002362
1559,0.111,0.073623,0.156458,0.014828,0.002301,0.002134,0.002725,0.002333
1560,0.108,0.074951,0.155894,0.014784,0.002313,0.002177,0.002805,0.002355
1561,0.109,0.073602,0.156655,0.015023,0.002324,0.002146,0.002813,0.002341
1562,0.109,0.073507,0.155479,0.014738,0.002314,0.002137,0.002778,0.002346
1563,0.111,0.074666,0.156539,0.014894,0.002318,0.002124,0.002769,0.002361
1564,0.111,0.074227,0.1562,0.022128,0.002312,0.002134,0.002808,0.002327
1565,0.107,0.074208,0.156396,0.014702,0.002306,0.00215,0.002839,0.002343
1566,0.101,0.073626,0.156331,0.015134,0.002317,0.002156,0.002776,0.002338
1567,0.11,0.074106,0.156494,0.015018,0.002315,0.002154,0.002864,0.002324
1568,0.107,0.076146,0.163181,0.014988,0.002333,0.002141,0.002804,0.00233
1569,0.11,0.074835,0.156106,0.021808,0.002361,0.002152,0.002766,0.00235
1570,0.112,0.073328,0.156882,0.0216,0.002332,0.002136,0.002821,0.002327
1571,0.113,0.073494,0.155636,0.014952,0.00231,0.002126,0.002729,0.002334
1572,0.101,0.074203,0.156297,0.021666,0.002293,0.002129,0.00271,0.002345
1573,0.109,0.073345,0.155898,0.015041,0.002274,0.002132,0.00264,0.002333
1574,0.11,0.074008,0.155798,0.015186,0.002336,0.002141,0.002748,0.002335
1575,0.1,0.07372,0.156062,0.014847,0.002323,0.002162,0.002819,0.002336
1576,0.108,0.074533,0.156203,0.014818,0.002357,0.002149,0.002779,0.002331
1577,0.1,0.073591,0.156322,0.01507,0.002346,0.002138,0.002761,0.002322
1578,0.111,0.085396,0.159526,0.015009,0.002366,0.002145,0.002776,0.002356
1579,0.11,0.074263,0.156489,0.014989,0.002339,0.002138,0.002758,0.002339
1580,0.108,0.074907,0.155395,0.012771,0.002349,0.002178,0.002768,0.002328
1581,0.109,0.073492,0.157205,0.015151,0.002344,0.002159,0.002786,0.002352
1582,0.111,0.074257,0.15635,0.015004,0.00234,0.002145,0.002767,0.002323
1583,0.109,0.074353,0.156509,0.01475,0.002341,0.002176,0.002787,0.00234
1584,0.1,0.074415,0.156309,0.015203,0.00233,0.002191,0.002775,0.002337
1585,0.109,0.073764,0.155943,0.014866,0.002338,0.002134,0.002784,0.002377
1586,0.101,0.07675,0.156454,0.015083,0.002372,0.002138,0.002773,0.002363
1587,0.1,0.074748,0.155503,0.014786,0.002325,0.002185,0.002812,0.00233
1588,0.106,0.074925,0.15759,0.014773,0.002324,0.002172,0.002768,0.002345
1589,0.109,0.076323,0.155662,0.015008,0.00233,0.002138,0.002784,0.002346
1590,0.109,0.080821,0.156763,0.01519,0.002308,0.002134,0.002682,0.002332
1591,0.1,0.073738,0.155936,0.014862,0.002326,0.002132,0.002721,0.00237
1592,0.109,0.075042,0.156319,0.014713,0.002349,0.002133,0.002805,0.002327
1593,0.11,0.073978,0.155404,0.015184,0.002337,0.002143,0.002761,0.002338
1594,0.109,0.073777,0.15678,0.01494,0.00233,0.002196,0.002761,0.002361
1595,0.103,0.073824,0.15586,0.0151,0.002315,0.002133,0.002702,0.002326
1596,0.109,0.075153,0.157565,0.014633,0.002335,0.002138,0.002764,0.002318
1597,0.109,0.075972,0.15531,0.015023,0.002328,0.002121,0.00283,0.002358
1598,0.106,0.075728,0.156767,0.014863,0.002339,0.002123,0.002821,0.002331
1599,0.11,0.073681,0.155498,0.015078,0.002325,0.002219,0.002785,0.002339
1600,0.109,0.074504,0.156445,0.014842,0.002338,0.002139,0.002793,0.002348
1601,0.109,0.073381,0.159768,0.014984,0.002333,0.002169,0.002767,0.002325
1602,0.109,0.073962,0.157602,0.021791,0.002329,0.002193,0.002785,0.002355
1603,0.11,0.073792,0.155487,0.014864,0.00235,0.002193,0.002844,0.002351
1604,0.109,0.074989,0.155084,0.014828,0.002332,0.002186,0.002794,0.002339
1605,0.101,0.07719,0.155895,0.01485,0.002332,0.002141,0.002782,0.002363
1606,0.11,0.076747,0.155754,0.0146,0.00234,0.002147,0.002795,0.002338
1607,0.109,0.073864,0.155691,0.014619,0.002329,0.002148,0.002761,0.002342
1608,0.101,0.074409,0.158316,0.014848,0.002316,0.002148,0.00276,0.002322
1609,0.11,0.073455,0.158832,0.014944,0.002299,0.002164,0.002681,0.002339
1610,0.101,0.074558,0.155477,0.014925,0.002314,0.002129,0.002769,0.002343
1611,0.11,0.076063,0.155846,0.015104,0.002342,0.002128,0.002768,0.002344
1612,0.109,0.075085,0.155846,0.014891,0.002322,0.002129,0.002773,0.002337
1613,0.099,0.073652,0.158386,0.014967,0.002303,0.00216,0.002691,0.002328
1614,0.109,0.073268,0.156353,0.014862,0.002322,0.002137,0.002749,0.002336
1615,0.109,0.077743,0.155038,0.014853,0.00233,0.002135,0.002757,0.002333
1616,0.101,0.075621,0.157143,0.015094,0.002313,0.002208,0.002782,0.002348
1617,0.115,0.074364,0.157471,0.01485,0.002344,0.002153,0.002768,0.002356
1618,0.1,0.073578,0.155357,0.015145,0.002343,0.002144,0.002822,0.00234
1619,0.108,0.074384,0.157071,0.015039,0.002334,0.002162,0.002821,0.002339
1620,0.109,0.074554,0.156986,0.015086,0.002329,0.002151,0.002789,0.002315
1621,0.111,0.07394,0.15602,0.015118,0.002333,0.002151,0.002782,0.002346
1622,0.109,0.073455,0.15515,0.014633,0.002351,0.002155,0.002793,0.002367
1623,0.111,0.075082,0.156594,0.014792,0.002339,0.002161,0.002771,0.002316
1624,0.11,0.076757,0.156249,0.014803,0.002309,0.002151,0.002722,0.002357
1625,0.109,0.075882,0.155712,0.015018,0.002346,0.002147,0.002777,0.002335
1626,0.11,0.073794,0.156069,0.014904,0.002345,0.002139,0.002762,0.002335
1627,0.109,0.074306,0.155387,0.015056,0.002321,0.002138,0.002756,0.002342
1628,0.106,0.074301,0.156264,0.014737,0.002364,0.002155,0.002799,0.002353
1629,0.109,0.081599,0.155285,0.014979,0.002373,0.002141,0.002945,0.002351
1630,0.109,0.076022,0.157486,0.014833,0.002335,0.002137,0.002809,0.00235
1631,0.11,0.07377,0.155845,0.015126,0.002357,0.002154,0.002858,0.002334
1632,0.11,0.074713,0.155788,0.015107,0.002354,0.002199,0.00277,0.002344
1633,0.109,0.073806,0.15642,0.014823,0.002346,0.002142,0.002818,0.002364
1634,0.1,0.074718,0.155727,0.015003,0.00234,0.002147,0.002798,0.00234
1635,0.1,0.073544,0.154996,0.014885,0.002321,0.002148,0.002801,0.002355
1636,0.11,0.076713,0.156231,0.014846,0.002345,0.002141,0.002843,0.002341
1637,0.109,0.074464,0.156289,0.019028,0.002343,0.002133,0.002768,0.002333
1638,0.109,0.073515,0.156747,0.021842,0.00235,0.002166,0.002811,0.002349
1639,0.109,0.073742,0.155498,0.014725,0.002342,0.002144,0.002855,0.002334
1640,0.111,0.075738,0.156181,0.021909,0.002349,0.002151,0.002794,0.002329
1641,0.112,0.073313,0.155777,0.014948,0.00233,0.002167,0.002769,0.002321
1642,0.112,0.07697,0.155905,0.014965,0.002345,0.00216,0.002874,0.002369
1643,0.109,0.073752,0.159189,0.015086,0.002346,0.002161,0.002729,0.00236
1644,0.109,0.079633,0.158217,0.014946,0.002303,0.002151,0.0027,0.00233
1645,0.11,0.073594,0.155201,0.015013,0.002315,0.002141,0.002722,0.002349
1646,0.109,0.073825,0.156693,0.021515,0.002322,0.00214,0.002792,0.002317
1647,0.11,0.074456,0.155806,0.015067,0.002334,0.002162,0.002852,0.002333
1648,0.101,0.074709,0.15985,0.014866,0.002345,0.002141,0.002849,0.002348
1649,0.109,0.073287,0.155484,0.015112,0.002324,0.002141,0.002792,0.002331
1650,0.109,0.073371,0.155911,0.014873,0.002322,0.002163,0.002822,0.002337
1651,0.109,0.075576,0.158291,0.014651,0.002337,0.002149,0.002805,0.002334
1652,0.109,0.07442,0.156073,0.015045,0.002326,0.002181,0.002786,0.002351
1653,0.111,0.078619,0.155968,0.014958,0.002346,0.002144,0.002759,0.002332
1654,0.11,0.07372,0.155837,0.021511,0.002325,0.002143,0.002868,0.002341
1655,0.109,0.073207,0.155925,0.015164,0.002342,0.002139,0.002826,0.002356
1656,0.109,0.074781,0.156255,0.014933,0.002344,0.002158,0.002807,0.002359
1657,0.112,0.073852,0.155472,0.01488,0.002335,0.002161,0.002828,0.002349
1658,0.109,0.075509,0.157329,0.015125,0.002315,0.002151,0.002862,0.002349
1659,0.11,0.074094,0.155874,0.014933,0.002353,0.002176,0.002894,0.002347
1660,0.109,0.075294,0.155087,0.015058,0.002311,0.00215,0.002775,0.002371
1661,0.11,0.073743,0.155297,0.0148,0.002355,0.002147,0.002867,0.002355
1662,0.108,0.07481,0.15543,0.014824,0.002324,0.002147,0.002842,0.002323
1663,0.111,0.074331,0.155536,0.014706,0.002304,0.002164,0.002757,0.00235
1664,0.109,0.075329,0.156136,0.01499,0.002314,0.002153,0.002788,0.002343
1665,0.109,0.076866,0.155786,0.015014,0.002325,0.002219,0.002812,0.002342
1666,0.111,0.073504,0.155586,0.015107,0.002362,0.002171,0.002831,0.002367
1667,0.11,0.074495,0.155332,0.014719,0.002337,0.002163,0.002808,0.002334
1668,0.109,0.075357,0.155322,0.015009,0.002293,0.002155,0.002788,0.00235
1669,0.109,0.074852,0.156177,0.014885,0.002333,0.002155,0.002781,0.002324
1670,0.1,0.073464,0.155376,0.015089,0.002339,0.002222,0.002775,0.002323
1671,0.11,0.073967,0.155932,0.015055,0.002345,0.002146,0.002798,0.002331
1672,0.109,0.075214,0.158281,0.021953,0.002359,0.002152,0.002833,0.002358
1673,0.109,0.082976,0.155989,0.014772,0.002343,0.002139,0.002783,0.002336
1674,0.11,0.075609,0.156081,0.014761,0.002387,0.002157,0.002897,0.002389
1675,0.105,0.07538,0.154866,0.015065,0.002354,0.002166,0.002782,0.002361
1676,0.1,0.074251,0.157625,0.014688,0.002358,0.002152,0.002878,0.00233
1677,0.111,0.074002,0.155358,0.015175,0.002397,0.00216,0.003182,0.002334
1678,0.111,0.07416,0.156196,0.014786,0.002377,0.002154,0.002825,0.002328
1679,0.109,0.07389,0.156796,0.015082,0.002354,0.002156,0.002841,0.002343
1680,0.111,0.074655,0.155494,0.014775,0.002335,0.00215,0.002856,0.002353
1681,0.109,0.07462,0.15488,0.021429,0.00233,0.002148,0.002731,0.002335
1682,0.1,0.07411,0.158256,0.01467,0.002295,0.002152,0.002669,0.002339
1683,0.109,0.073375,0.155651,0.01454,0.002343,0.002195,0.002786,0.002354
1684,0.113,0.074272,0.156018,0.01475,0.002337,0.002155,0.00286,0.00237
1685,0.11,0.076407,0.15538,0.014881,0.002334,0.002156,0.0029,0.00235
1686,0.109,0.073999,0.155526,0.02203,0.002309,0.002149,0.002797,0.002337
1687,0.099,0.074925,0.154935,0.015259,0.002351,0.002148,0.002813,0.002343
1688,0.109,0.074597,0.155156,0.014795,0.002351,0.002164,0.002841,0.002353
1689,0.11,0.073697,0.155559,0.021391,0.002337,0.002157,0.002824,0.002309
1690,0.109,0.074331,0.155639,0.015052,0.00234,0.002163,0.002792,0.002361
1691,0.109,0.075135,0.155567,0.015255,0.002358,0.002151,0.002839,0.002346
1692,0.1,0.074687,0.156262,0.014902,0.002336,0.002236,0.002753,0.002328
1693,0.109,0.073919,0.15589,0.014862,0.002386,0.002159,0.00277,0.002364
1694,0.11,0.073601,0.156124,0.015235,0.002364,0.002154,0.002865,0.002347
1695,0.108,0.074641,0.154821,0.014729,0.002335,0.002164,0.002851,0.002361
1696,0.111,0.083954,0.15546,0.014756,0.002365,0.002188,0.002903,0.002361
1697,0.112,0.073537,0.155308,0.014826,0.002368,0.002155,0.002785,0.002321
1698,0.109,0.073982,0.156683,0.021674,0.002358,0.002198,0.002775,0.002339
1699,0.1,0.073831,0.182113,0.015094,0.002323,0.00216,0.002776,0.002333
1700,0.109,0.075556,0.15586,0.014642,0.002312,0.002154,0.002817,0.002342
1701,0.112,0.073866,0.155534,0.015092,0.002326,0.002158,0.00284,0.002336
1702,0.109,0.073413,0.15538,0.014904,0.002331,0.002146,0.002799,0.00233
1703,0.11,0.074118,0.1571,0.014414,0.002348,0.002184,0.002799,0.002364
1704,0.109,0.07432,0.155447,0.01505,0.002302,0.002148,0.002838,0.002361
1705,0.109,0.073285,0.156048,0.014823,0.002419,0.002154,0.002847,0.00234
1706,0.111,0.073789,0.155264,0.014807,0.002453,0.00217,0.002808,0.002344
1707,0.109,0.074112,0.15527,0.01503,0.002358,0.002166,0.002829,0.002341
1708,0.11,0.076781,0.155408,0.014705,0.002348,0.002194,0.002815,0.002358
1709,0.102,0.073904,0.155885,0.014893,0.002373,0.002149,0.00287,0.002334
1710,0.109,0.073601,0.155429,0.014792,0.002361,0.002178,0.002846,0.00236
1711,0.11,0.076772,0.155337,0.014815,0.002353,0.002172,0.002885,0.002339
1712,0.11,0.074639,0.155804,0.014735,0.002432,0.002189,0.002819,0.002357
1713,0.109,0.073854,0.155663,0.014688,0.002328,0.002249,0.002804,0.002322
1714,0.108,0.074206,0.155302,0.021534,0.002324,0.002177,0.00287,0.002353
1715,0.109,0.073842,0.156327,0.01512,0.002346,0.002182,0.002862,0.002369
1716,0.112,0.074005,0.155628,0.014446,0.002344,0.00219,0.002857,0.002336
1717,0.112,0.074771,0.157024,0.015396,0.00235,0.00217,0.002785,0.002346
1718,0.11,0.073898,0.15669,0.014637,0.00232,0.002182,0.002725,0.002375
1719,0.098,0.073842,0.155627,0.021358,0.002302,0.002159,0.002743,0.002363
1720,0.109,0.075385,0.156457,0.014852,0.002299,0.002152,0.00268,0.002333
1721,0.109,0.073806,0.155174,0.02169,0.00229,0.00216,0.002716,0.002338
1722,0.109,0.073719,0.156769,0.01477,0.002287,0.002164,0.002696,0.002353
1723,0.105,0.073797,0.155907,0.014722,0.002301,0.002213,0.002719,0.002335
1724,0.1,0.075297,0.15671,0.015038,0.002311,0.002153,0.002746,0.002368
1725,0.109,0.075215,0.155357,0.015313,0.002273,0.00217,0.002739,0.002344
1726,0.109,0.077134,0.155241,0.014759,0.002302,0.002159,0.002699,0.002339
1727,0.109,0.074317,0.155471,0.014946,0.002293,0.00215,0.002749,0.002342
1728,0.11,0.074299,0.156881,0.014768,0.002313,0.002165,0.0027,0.002348
1729,0.109,0.073346,0.155561,0.015036,0.002305,0.002179,0.00269,0.00236
1730,0.113,0.075682,0.15576,0.014855,0.002308,0.002163,0.00275,0.002328
1731,0.109,0.07456,0.155224,0.01485,0.002289,0.002157,0.002753,0.00236
1732,0.115,0.074235,0.157416,0.014803,0.002293,0.002169,0.002685,0.002369
1733,0.106,0.074375,0.155894,0.014689,0.002291,0.00217,0.002757,0.002331
1734,0.1,0.07408,0.155636,0.014926,0.002299,0.002209,0.002683,0.002346
1735,0.109,0.074184,0.156201,0.014575,0.002298,0.002172,0.002725,0.002327
1736,0.109,0.076723,0.155331,0.01491,0.002274,0.002158,0.002654,0.002352
1737,0.111,0.073817,0.155292,0.015039,0.00227,0.002157,0.002663,0.002335
1738,0.11,0.073736,0.155553,0.014693,0.00232,0.002166,0.002717,0.002373
1739,0.109,0.075505,0.154991,0.021846,0.002286,0.002158,0.002699,0.002331
1740,0.108,0.075199,0.154781,0.021982,0.002285,0.002154,0.002709,0.002353
1741,0.11,0.076019,0.163574,0.01495,0.00229,0.002166,0.002691,0.00232
1742,0.109,0.074304,0.155071,0.014749,0.002304,0.002165,0.002688,0.002333
1743,0.1,0.073835,0.155473,0.014861,0.002301,0.002175,0.002703,0.002351
1744,0.11,0.074687,0.159228,0.014884,0.002284,0.002216,0.002657,0.00232
1745,0.109,0.075694,0.155628,0.014803,0.002299,0.002173,0.002747,0.00236
1746,0.108,0.079706,0.158035,0.014785,0.002276,0.002174,0.002701,0.002344
1747,0.109,0.073837,0.15604,0.014986,0.002344,0.00228,0.002867,0.002339
1748,0.109,0.07443,0.15581,0.014792,0.0023,0.002262,0.002723,0.00241
1749,0.112,0.073485,0.155101,0.014704,0.002298,0.00226,0.002738,0.002344
1750,0.109,0.074913,0.155977,0.014896,0.002317,0.002232,0.002687,0.002364
1751,0.11,0.07397,0.155387,0.014688,0.00232,0.002284,0.002691,0.002354
1752,0.113,0.073879,0.155965,0.014836,0.002298,0.00221,0.002734,0.002381
1753,0.109,0.07324,0.155091,0.014695,0.002309,0.002181,0.002695,0.00235
1754,0.109,0.074169,0.155548,0.014955,0.002353,0.00217,0.002817,0.002347
1755,0.109,0.07488,0.155535,0.014892,0.002292,0.002214,0.002697,0.002339
1756,0.108,0.074428,0.155771,0.014795,0.002352,0.002154,0.002805,0.002339
1757,0.109,0.073574,0.155795,0.015048,0.002353,0.00217,0.002818,0.002334
1758,0.109,0.073144,0.155487,0.014888,0.00234,0.002166,0.002861,0.002349
1759,0.109,0.075267,0.155389,0.01483,0.00239,0.002161,0.002797,0.002322
1760,0.109,0.074839,0.156182,0.014975,0.002365,0.002159,0.002835,0.002352
1761,0.11,0.074005,0.156028,0.014725,0.002357,0.002169,0.002807,0.002343
1762,0.109,0.078447,0.156481,0.014747,0.002372,0.00216,0.002797,0.002338
1763,0.109,0.073885,0.155549,0.022004,0.002339,0.002158,0.002853,0.00235
1764,0.108,0.075547,0.155285,0.015357,0.002357,0.002167,0.002828,0.002346
1765,0.099,0.07348,0.155255,0.014716,0.002353,0.00222,0.002824,0.002376
1766,0.108,0.073087,0.15638,0.014511,0.002398,0.002221,0.00285,0.00234
1767,0.112,0.074034,0.165116,0.017002,0.002372,0.002285,0.002867,0.00236
1768,0.11,0.074088,0.155723,0.014994,0.002355,0.002213,0.002836,0.002336
1769,0.108,0.073831,0.158397,0.014881,0.002391,0.002219,0.002835,0.002356
1770,0.1,0.073591,0.155769,0.014698,0.002367,0.002293,0.003256,0.00237
1771,0.108,0.073797,0.155244,0.014683,0.002405,0.002186,0.002841,0.00234
1772,0.109,0.077212,0.155618,0.014926,0.00236,0.002184,0.002842,0.002361
1773,0.109,0.073582,0.156192,0.014734,0.002357,0.002168,0.002795,0.002329
1774,0.109,0.073565,0.154965,0.014815,0.002356,0.002175,0.002871,0.002374
1775,0.1,0.073642,0.155826,0.014354,0.002341,0.002153,0.002873,0.002372
1776,0.11,0.074459,0.156052,0.014789,0.002353,0.002158,0.002859,0.002338
1777,0.114,0.073486,0.1552,0.014881,0.002367,0.002222,0.002884,0.002357
1778,0.109,0.074251,0.155541,0.015078,0.002372,0.002154,0.002877,0.002331
1779,0.108,0.073539,0.155175,0.014934,0.002367,0.002168,0.002852,0.002354
1780,0.1,0.074064,0.156931,0.014953,0.00241,0.002234,0.002894,0.002329
1781,0.111,0.073666,0.155739,0.014997,0.002349,0.002202,0.00283,0.002367
1782,0.112,0.073499,0.155464,0.014874,0.002365,0.002157,0.002826,0.002359
1783,0.11,0.073654,0.155255,0.015148,0.00236,0.002228,0.002836,0.002363
1784,0.109,0.074943,0.155335,0.021683,0.002364,0.002217,0.002876,0.002344
1785,0.101,0.073645,0.170907,0.014766,0.002355,0.002218,0.002839,0.002338
1786,0.109,0.074185,0.156131,0.014829,0.002357,0.002222,0.002821,0.002336
1787,0.109,0.073535,0.156651,0.014806,0.002364,0.002225,0.002885,0.002353
1788,0.109,0.0744,0.15587,0.014855,0.002356,0.002225,0.002872,0.002323
1789,0.1,0.073417,0.155981,0.014902,0.002354,0.002225,0.002852,0.002352
1790,0.109,0.074337,0.155316,0.015182,0.002355,0.002231,0.002846,0.002343
1791,0.11,0.073612,0.155185,0.0217,0.00237,0.002225,0.002794,0.002354
1792,0.11,0.074234,0.155616,0.014635,0.002354,0.002214,0.002853,0.002373
1793,0.11,0.073514,0.15601,0.015112,0.002349,0.002218,0.002822,0.002324
1794,0.11,0.073724,0.154562,0.014892,0.00237,0.002235,0.002898,0.002347
1795,0.11,0.075791,0.160944,0.014676,0.002363,0.00225,0.002841,0.00235
1796,0.109,0.074412,0.156653,0.014797,0.002348,0.002217,0.002807,0.002347
1797,0.1,0.07337,0.156503,0.014965,0.002375,0.002266,0.002987,0.002365
1798,0.107,0.074076,0.156384,0.014729,0.00236,0.002216,0.002912,0.002344
1799,0.103,0.073734,0.155835,0.014887,0.002363,0.002219,0.002892,0.00234
1800,0.108,0.074287,0.158346,0.015026,0.002354,0.002217,0.002799,0.002346
1801,0.1,0.074054,0.155688,0.014752,0.002371,0.002278,0.002812,0.002352
1802,0.11,0.073972,0.155138,0.014918,0.002351,0.002272,0.002846,0.002354
1803,0.109,0.074072,0.156275,0.014843,0.002382,0.002297,0.002867,0.002356
1804,0.11,0.076195,0.155786,0.014941,0.002386,0.002224,0.002871,0.002372
1805,0.109,0.074539,0.155532,0.014854,0.002361,0.002234,0.002868,0.00235
1806,0.109,0.07371,0.155711,0.021753,0.002362,0.002221,0.002845,0.002343
1807,0.111,0.073653,0.155938,0.014841,0.002396,0.002229,0.002874,0.002356
1808,0.109,0.07464,0.154989,0.016086,0.002367,0.002221,0.002852,0.002369
1809,0.109,0.07644,0.154888,0.017256,0.00235,0.002255,0.00279,0.002365
1810,0.11,0.073725,0.155044,0.015109,0.002356,0.002287,0.002877,0.002348
1811,0.1,0.073666,0.158547,0.014857,0.002338,0.002203,0.002812,0.002352
1812,0.109,0.080564,0.160833,0.014949,0.002367,0.002249,0.002843,0.002352
1813,0.112,0.074919,0.15547,0.014841,0.002367,0.002215,0.002839,0.002342
1814,0.109,0.073514,0.156196,0.01478,0.002372,0.002208,0.002872,0.002375
1815,0.111,0.073728,0.157791,0.014724,0.002343,0.00223,0.002824,0.002344
1816,0.1,0.074345,0.155451,0.01486,0.002354,0.002246,0.002862,0.002352
1817,0.103,0.073521,0.155439,0.021635,0.002386,0.002212,0.002828,0.002362
1818,0.109,0.075017,0.155791,0.014836,0.00239,0.002219,0.002826,0.002373
1819,0.109,0.073905,0.155841,0.014697,0.002359,0.00223,0.002865,0.002371
1820,0.11,0.082185,0.155091,0.014841,0.002341,0.002221,0.002844,0.002332
1821,0.109,0.073583,0.155463,0.014739,0.002357,0.002233,0.002835,0.002361
1822,0.1,0.073671,0.155762,0.014942,0.002365,0.002232,0.002911,0.002353
1823,0.101,0.073559,0.155315,0.014742,0.002344,0.002232,0.002817,0.00233
1824,0.108,0.083012,0.154961,0.014722,0.002334,0.002244,0.002838,0.00234
1825,0.1,0.073608,0.155039,0.014912,0.002363,0.002286,0.002865,0.002367
1826,0.1,0.073628,0.155425,0.014857,0.002371,0.002208,0.002821,0.002331
1827,0.1,0.073518,0.156663,0.014835,0.00235,0.002214,0.002864,0.002348
1828,0.108,0.074233,0.155718,0.014993,0.002365,0.002207,0.00287,0.002371
1829,0.112,0.074128,0.160823,0.014684,0.002397,0.002218,0.002829,0.002357
1830,0.113,0.073809,0.155606,0.014677,0.002363,0.002236,0.00282,0.002344
1831,0.102,0.073412,0.155388,0.021896,0.002352,0.002222,0.002862,0.002359
1832,0.109,0.074357,0.155957,0.01487,0.002414,0.002237,0.002859,0.002339
1833,0.109,0.073363,0.155029,0.014761,0.002354,0.002213,0.002852,0.002354
1834,0.113,0.073389,0.155516,0.021845,0.00238,0.002215,0.002821,0.002343
1835,0.11,0.075044,0.155773,0.014833,0.002361,0.002229,0.00284,0.002361
1836,0.109,0.074492,0.155427,0.014872,0.002434,0.002253,0.002796,0.002353
1837,0.1,0.073764,0.155312,0.0149,0.002424,0.002215,0.002841,0.00234
1838,0.1,0.073052,0.156247,0.015004,0.002362,0.002224,0.002829,0.002366
1839,0.11,0.074596,0.160829,0.021894,0.002361,0.00224,0.00285,0.002358
1840,0.098,0.074171,0.156051,0.015039,0.002372,0.002246,0.002895,0.002354
1841,0.111,0.073988,0.155823,0.014968,0.002378,0.002243,0.002865,0.002349
1842,0.1,0.074504,0.155146,0.021729,0.00238,0.002227,0.002874,0.002401
1843,0.109,0.074663,0.163354,0.014965,0.002396,0.002245,0.002867,0.002359
1844,0.11,0.075333,0.156319,0.014861,0.002365,0.00223,0.002868,0.002361
1845,0.11,0.076372,0.15598,0.014908,0.002357,0.002234,0.002834,0.002327
1846,0.106,0.073608,0.156179,0.014869,0.002363,0.002221,0.002815,0.00236
1847,0.109,0.073547,0.154854,0.01481,0.002379,0.002241,0.002882,0.002346
1848,0.1,0.074332,0.155802,0.014753,0.002428,0.00227,0.00289,0.002334
1849,0.109,0.073454,0.15532,0.014781,0.002363,0.002225,0.002834,0.002374
1850,0.103,0.073386,0.155566,0.014973,0.002361,0.002234,0.002832,0.002342
1851,0.099,0.076396,0.155623,0.014925,0.002419,0.00223,0.002823,0.002341
1852,0.109,0.074288,0.155546,0.014865,0.002366,0.002225,0.002841,0.002368
1853,0.1,0.073359,0.161283,0.014803,0.002391,0.002272,0.002826,0.00237
1854,0.109,0.073802,0.157248,0.014759,0.002366,0.00225,0.002861,0.002368
1855,0.1,0.083512,0.15588,0.014763,0.002361,0.002235,0.002819,0.002346
1856,0.109,0.077433,0.156066,0.014747,0.002372,0.002226,0.002852,0.002351
1857,0.108,0.073971,0.155389,0.014781,0.002376,0.00224,0.002837,0.002362
1858,0.109,0.073283,0.155551,0.014861,0.00238,0.002224,0.002865,0.002353
1859,0.109,0.074785,0.154237,0.014873,0.002379,0.002266,0.002848,0.002405
1860,0.11,0.074244,0.156374,0.014831,0.002382,0.002235,0.002835,0.00236
1861,0.108,0.073651,0.155477,0.014713,0.002376,0.002253,0.002882,0.002348
1862,0.109,0.07572,0.155251,0.014662,0.002429,0.002306,0.002835,0.002345
1863,0.109,0.074791,0.154732,0.014598,0.002383,0.002257,0.002888,0.002378
1864,0.1,0.076658,0.155305,0.015003,0.002423,0.002229,0.002867,0.002351
1865,0.101,0.073232,0.15544,0.014987,0.002375,0.002286,0.002809,0.002354
1866,0.1,0.074512,0.164251,0.014666,0.002396,0.002245,0.002861,0.00234
1867,0.109,0.073851,0.154864,0.014902,0.00237,0.002253,0.002857,0.002357
1868,0.113,0.076461,0.157979,0.014909,0.002371,0.002233,0.002839,0.002342
1869,0.1,0.073857,0.155365,0.014855,0.002422,0.002237,0.002855,0.002339
1870,0.109,0.073754,0.154661,0.014905,0.002368,0.002239,0.002841,0.002354
1871,0.109,0.073657,0.155332,0.015008,0.002368,0.002278,0.002884,0.002357
1872,0.11,0.074414,0.155609,0.014603,0.002374,0.002222,0.002838,0.002351
1873,0.11,0.07384,0.155655,0.014686,0.002361,0.00223,0.00285,0.002362
1874,0.101,0.073537,0.155588,0.014565,0.002512,0.00226,0.002839,0.002339
1875,0.108,0.073562,0.154958,0.014864,0.002403,0.00222,0.002844,0.002339
1876,0.109,0.074465,0.15605,0.014914,0.002386,0.002251,0.002835,0.002343
1877,0.113,0.073492,0.155118,0.021752,0.002417,0.002239,0.002861,0.002375
1878,0.11,0.07355,0.157166,0.015004,0.00239,0.002255,0.002837,0.002364
1879,0.109,0.073964,0.155424,0.014887,0.002384,0.002277,0.002912,0.002342
1880,0.106,0.074424,0.154821,0.014858,0.002371,0.002239,0.002828,0.002368
1881,0.11,0.075927,0.155597,0.014885,0.002349,0.002215,0.002889,0.00234
1882,0.109,0.073066,0.156297,0.014985,0.002357,0.002215,0.002888,0.002357
1883,0.111,0.073441,0.155528,0.0147,0.002374,0.002259,0.002833,0.002344
1884,0.1,0.074525,0.156087,0.014672,0.00236,0.002236,0.002849,0.002351
1885,0.109,0.074078,0.15537,0.015094,0.002368,0.002245,0.002837,0.002365
1886,0.109,0.073735,0.155018,0.014736,0.002375,0.002214,0.002817,0.002337
1887,0.102,0.073959,0.155061,0.014771,0.002385,0.002242,0.002863,0.00237
1888,0.102,0.07434,0.155956,0.015032,0.002386,0.002211,0.002824,0.002379
1889,0.111,0.0735,0.155343,0.014978,0.002386,0.002227,0.002861,0.002348
1890,0.11,0.073451,0.155088,0.014657,0.002359,0.002244,0.002849,0.00234
1891,0.11,0.073876,0.155878,0.014944,0.002372,0.002222,0.00284,0.002367
1892,0.109,0.075192,0.158104,0.014932,0.002358,0.002246,0.002856,0.002371
1893,0.104,0.073139,0.156419,0.014954,0.002413,0.002276,0.002827,0.002381
1894,0.1,0.074284,0.154987,0.014941,0.002383,0.002245,0.002874,0.002382
1895,0.11,0.073964,0.15535,0.014921,0.002381,0.002266,0.002899,0.002361
1896,0.11,0.074667,0.156261,0.014642,0.002411,0.002229,0.002907,0.002363
1897,0.105,0.073538,0.156486,0.01484,0.00244,0.002236,0.002871,0.002362
1898,0.109,0.073706,0.15568,0.014836,0.002398,0.00223,0.002834,0.002379
1899,0.102,0.073393,0.15695,0.014814,0.002373,0.002248,0.002857,0.002375
1900,0.109,0.074185,0.155457,0.014768,0.002385,0.002242,0.002834,0.002345
1901,0.101,0.073941,0.155059,0.014789,0.00236,0.002215,0.002855,0.002337
1902,0.108,0.073913,0.155921,0.021626,0.002377,0.002277,0.002854,0.002328
1903,0.099,0.074392,0.154959,0.014941,0.002362,0.002214,0.002895,0.002331
1904,0.103,0.075671,0.156217,0.014953,0.002367,0.002216,0.002847,0.002343
1905,0.102,0.07336,0.155947,0.014948,0.002393,0.002292,0.002842,0.002346
1906,0.11,0.073258,0.155695,0.014931,0.002376,0.002252,0.002822,0.002361
1907,0.109,0.073624,0.160723,0.015041,0.002373,0.002255,0.002826,0.002373
1908,0.109,0.075588,0.155552,0.015069,0.002356,0.002216,0.002835,0.002376
1909,0.11,0.073608,0.154948,0.015202,0.002361,0.002194,0.002854,0.002344
1910,0.109,0.073709,0.155527,0.014777,0.002403,0.002267,0.00284,0.002353
1911,0.108,0.074719,0.156366,0.014787,0.002363,0.002238,0.002857,0.002351
1912,0.109,0.074324,0.155233,0.015009,0.002367,0.002312,0.002895,0.002352
1913,0.11,0.074263,0.156088,0.014891,0.002361,0.002251,0.002864,0.00236
1914,0.109,0.073804,0.155361,0.015032,0.002359,0.002249,0.002839,0.002358
1915,0.101,0.074306,0.155114,0.014705,0.002373,0.002226,0.002855,0.00234
1916,0.108,0.074294,0.154993,0.014913,0.002375,0.002212,0.002853,0.002362
1917,0.11,0.077949,0.157387,0.01479,0.002373,0.002189,0.002848,0.002373
1918,0.1,0.073478,0.155229,0.014685,0.002379,0.002181,0.002852,0.002371
1919,0.109,0.073767,0.160428,0.015053,0.00236,0.002195,0.002871,0.002345
1920,0.109,0.075181,0.155705,0.01477,0.002351,0.002198,0.002855,0.002356
1921,0.109,0.073496,0.155303,0.01482,0.002405,0.002198,0.002831,0.002349
1922,0.109,0.073411,0.157923,0.014877,0.002383,0.002199,0.002935,0.002344
1923,0.11,0.073736,0.155875,0.014749,0.002396,0.002214,0.002873,0.002367
1924,0.11,0.073989,0.15568,0.014638,0.002385,0.002194,0.002964,0.002379
1925,0.109,0.074299,0.156791,0.015012,0.002383,0.002203,0.00286,0.002368
1926,0.111,0.075137,0.154792,0.014843,0.002394,0.002187,0.00293,0.002351
1927,0.108,0.073693,0.15666,0.014828,0.002391,0.002212,0.002929,0.002355
1928,0.114,0.074527,0.155969,0.015084,0.002363,0.002192,0.002915,0.002342
1929,0.11,0.072844,0.15986,0.014711,0.002353,0.002212,0.002878,0.002345
1930,0.11,0.073687,0.155979,0.015204,0.002394,0.002248,0.00292,0.002365
1931,0.109,0.073694,0.155682,0.015186,0.002404,0.002187,0.002923,0.002362
1932,0.11,0.074612,0.158643,0.015081,0.00238,0.002213,0.002861,0.002369
1933,0.109,0.076539,0.156165,0.014846,0.002384,0.002212,0.002929,0.002374
1934,0.109,0.073596,0.155255,0.014882,0.002367,0.00226,0.002875,0.002353
1935,0.11,0.073541,0.155869,0.014837,0.002376,0.002206,0.00289,0.002359
1936,0.103,0.074306,0.155766,0.015016,0.002384,0.002212,0.002897,0.002361
1937,0.108,0.073287,0.155497,0.015088,0.002351,0.00221,0.002898,0.002367
1938,0.106,0.073525,0.156031,0.014986,0.002361,0.002206,0.002904,0.002347
1939,0.109,0.079786,0.154645,0.014814,0.002372,0.002193,0.002884,0.002342
1940,0.1,0.074682,0.155791,0.014691,0.00241,0.002197,0.002921,0.002385
1941,0.101,0.07388,0.156043,0.014929,0.002371,0.002224,0.002924,0.00235
1942,0.11,0.07367,0.155315,0.014806,0.002402,0.002195,0.002854,0.002375
1943,0.11,0.073723,0.156748,0.015063,0.002385,0.00219,0.002894,0.002369
1944,0.109,0.07511,0.155461,0.014763,0.002391,0.002208,0.002897,0.002358
1945,0.111,0.074613,0.155651,0.014877,0.002406,0.002203,0.00291,0.002365
1946,0.11,0.074196,0.155381,0.019913,0.002371,0.002203,0.002919,0.002361
1947,0.109,0.073802,0.156141,0.014837,0.002378,0.002204,0.002893,0.002374
1948,0.11,0.075085,0.155515,0.014785,0.002374,0.002214,0.002843,0.002347
1949,0.111,0.07401,0.154966,0.015019,0.002389,0.002236,0.002909,0.002369
1950,0.109,0.073241,0.155742,0.021817,0.002365,0.002222,0.002959,0.002361
1951,0.109,0.073609,0.15969,0.014781,0.002374,0.002192,0.002933,0.002352
1952,0.1,0.077734,0.155286,0.01489,0.002484,0.002201,0.002856,0.002348
1953,0.109,0.073425,0.155477,0.014789,0.002379,0.002222,0.002885,0.002367
1954,0.106,0.077037,0.156101,0.01498,0.002365,0.002197,0.002845,0.002357
1955,0.109,0.08066,0.155413,0.01473,0.002403,0.0022,0.002867,0.002354
1956,0.1,0.074848,0.156514,0.014877,0.00239,0.002201,0.002878,0.002337
1957,0.11,0.073444,0.155704,0.015111,0.002371,0.002215,0.002911,0.00237
1958,0.11,0.073626,0.156092,0.015246,0.002433,0.002274,0.002866,0.002361
1959,0.109,0.073404,0.155273,0.021501,0.002378,0.002197,0.002928,0.002348
1960,0.11,0.074913,0.156869,0.014933,0.002401,0.002229,0.002897,0.002366
1961,0.109,0.073359,0.15544,0.014766,0.002375,0.002255,0.002851,0.002386
1962,0.108,0.076498,0.155416,0.015038,0.002538,0.00223,0.002872,0.002347
1963,0.109,0.073487,0.155222,0.014513,0.002383,0.002248,0.002894,0.002384
1964,0.105,0.074242,0.155472,0.014778,0.002421,0.002237,0.002922,0.002357
1965,0.109,0.074027,0.15625,0.014951,0.002408,0.002221,0.002892,0.002346
1966,0.101,0.074124,0.156386,0.014743,0.002391,0.002267,0.002887,0.002378
1967,0.109,0.074449,0.157129,0.015076,0.002385,0.002235,0.002924,0.002336
1968,0.11,0.07459,0.155485,0.014907,0.002393,0.002262,0.00294,0.002346
1969,0.109,0.073633,0.155633,0.014915,0.002385,0.002237,0.00294,0.002346
1970,0.109,0.073681,0.155958,0.014928,0.002402,0.002211,0.002921,0.002335
1971,0.099,0.074142,0.155303,0.021938,0.002359,0.002217,0.002897,0.002384
1972,0.109,0.075828,0.155783,0.01458,0.002365,0.002198,0.002894,0.002353
1973,0.109,0.074661,0.15584,0.014897,0.002381,0.002209,0.002865,0.002354
1974,0.11,0.07397,0.15669,0.015242,0.002368,0.002253,0.002842,0.002357
1975,0.109,0.073689,0.15451,0.015081,0.002354,0.002232,0.002923,0.002346
1976,0.105,0.074414,0.156053,0.014659,0.002364,0.002259,0.00291,0.002363
1977,0.11,0.073838,0.155737,0.014875,0.00237,0.002219,0.002902,0.002363
1978,0.11,0.073518,0.154946,0.014879,0.002378,0.002242,0.002861,0.002369
1979,0.1,0.073632,0.155563,0.015044,0.002374,0.002243,0.002864,0.002357
1980,0.113,0.074905,0.155361,0.014891,0.002371,0.002234,0.00293,0.002403
1981,0.1,0.073617,0.155715,0.014822,0.00239,0.002247,0.002849,0.002357
1982,0.108,0.073539,0.155943,0.014851,0.002398,0.002234,0.002895,0.002362
1983,0.109,0.07472,0.156052,0.014856,0.002373,0.002228,0.002948,0.002388
1984,0.111,0.075576,0.162357,0.014862,0.002378,0.002225,0.002899,0.002373
1985,0.109,0.073323,0.155757,0.014966,0.002384,0.002225,0.002887,0.002378
1986,0.109,0.074095,0.155438,0.014793,0.002381,0.00224,0.002896,0.002344
1987,0.1,0.07413,0.154812,0.014925,0.002391,0.002225,0.003169,0.002372
1988,0.11,0.074343,0.155672,0.014646,0.002397,0.002228,0.002945,0.002375
1989,0.109,0.07409,0.157903,0.014982,0.00239,0.002226,0.002875,0.002371
1990,0.109,0.076367,0.157024,0.015269,0.002415,0.00226,0.002947,0.002348
1991,0.109,0.07339,0.155489,0.014967,0.002404,0.002216,0.002926,0.002359
1992,0.109,0.074264,0.154876,0.014812,0.002375,0.002245,0.002912,0.00235
1993,0.112,0.0732,0.155301,0.014729,0.002389,0.002243,0.002884,0.002349
1994,0.111,0.073858,0.156831,0.014928,0.002387,0.002242,0.002915,0.002377
1995,0.109,0.073776,0.15903,0.014748,0.002412,0.002244,0.002946,0.002374
1996,0.109,0.074283,0.155022,0.014964,0.002363,0.002248,0.00292,0.002384
1997,0.109,0.074156,0.15539,0.014382,0.002384,0.002249,0.00289,0.002348
1998,0.11,0.076176,0.156776,0.014648,0.002398,0.002228,0.002873,0.002372
1999,0.11,0.073955,0.155444,0.014764,0.002411,0.002234,0.002883,0.002363
2000,0.1,0.074658,0.154953,0.015086,0.002396,0.002232,0.002915,0.002375
2001,0.11,0.074621,0.155685,0.014929,0.002392,0.002224,0.002879,0.002343
2002,0.111,0.074213,0.15513,0.015066,0.002388,0.002234,0.002971,0.002341
2003,0.109,0.073978,0.155918,0.014958,0.002389,0.002243,0.002931,0.002382
2004,0.102,0.074214,0.155393,0.014946,0.002402,0.002243,0.002872,0.002385
2005,0.1,0.073251,0.156159,0.015145,0.002407,0.00226,0.002886,0.002357
2006,0.108,0.073365,0.155756,0.015022,0.002418,0.002244,0.002916,0.002356
2007,0.109,0.07427,0.155456,0.015151,0.0024,0.002321,0.002918,0.002358
2008,0.11,0.077353,0.155807,0.015098,0.002388,0.002241,0.002846,0.002385
2009,0.108,0.074931,0.155371,0.0151,0.002401,0.002222,0.002901,0.002369
2010,0.101,0.080043,0.155937,0.014993,0.002398,0.002302,0.002873,0.002366
2011,0.11,0.073596,0.157679,0.014913,0.002408,0.002245,0.002915,0.002356
2012,0.11,0.075976,0.155027,0.014915,0.002406,0.002234,0.00294,0.002371
2013,0.11,0.073756,0.154862,0.01505,0.002414,0.002233,0.002945,0.002374
2014,0.109,0.07369,0.160222,0.014889,0.002378,0.002241,0.002958,0.002334
2015,0.109,0.073221,0.155517,0.014923,0.002424,0.002251,0.002926,0.002369
2016,0.101,0.074274,0.155816,0.0216,0.002394,0.002275,0.002903,0.002353
2017,0.1,0.073646,0.154888,0.014829,0.002405,0.002248,0.002969,0.002372
2018,0.11,0.073624,0.157242,0.015027,0.002473,0.00222,0.003016,0.002376
2019,0.11,0.073741,0.155998,0.021708,0.002463,0.002269,0.002931,0.002359
2020,0.113,0.074417,0.155947,0.015088,0.002431,0.002309,0.002982,0.002395
