instance_number,clingo,clingo api,clingo api heu,dlv2,incr heu,no remodel,no switch,std incr
0,0.0,0.000326,0.000315,0.002228,0.000911,0.000754,0.000964,0.000991
1,0.0,0.000142,0.000156,0.002246,0.00102,0.000757,0.000938,0.002114
2,0.0,0.00013,0.000146,0.002248,0.000891,0.000732,0.00091,0.001867
3,0.0,0.000128,0.000144,0.002338,0.000813,0.00073,0.000728,0.001713
4,0.0,0.00013,0.000145,0.002404,0.000742,0.000741,0.000733,0.001683
5,0.0,0.000129,0.000145,0.001879,0.000739,0.000729,0.000751,0.001709
6,0.0,0.000128,0.000143,0.001818,0.001384,0.001343,0.001349,0.002464
7,0.0,0.000127,0.000144,0.001846,0.001725,0.001681,0.001677,0.003451
8,0.0,0.000134,0.000145,0.001834,0.001714,0.001702,0.001756,0.003387
9,0.0,0.000128,0.000149,0.001843,0.001755,0.001729,0.001678,0.003447
10,0.0,0.000135,0.000169,0.001851,0.001737,0.001727,0.001778,0.003411
11,0.0,0.000131,0.000146,0.001848,0.001736,0.001745,0.001674,0.0034
12,0.0,0.00013,0.000145,0.001895,0.002458,0.002446,0.002503,0.004467
13,0.0,0.000136,0.000154,0.001896,0.002736,0.002634,0.002884,0.005087
14,0.0,0.000136,0.000153,0.001872,0.002684,0.002648,0.002757,0.004991
15,0.0,0.000136,0.000145,0.001856,0.002701,0.002658,0.002651,0.005032
16,0.0,0.000133,0.000143,0.002087,0.002724,0.002662,0.002823,0.005062
17,0.0,0.000137,0.000164,0.001891,0.002723,0.002667,0.002658,0.005391
18,0.0,0.000131,0.000145,0.0019,0.003618,0.003548,0.003641,0.005521
19,0.0,0.000131,0.000156,0.001954,0.00368,0.00361,0.003766,0.005519
20,0.0,0.00013,0.000146,0.001938,0.003683,0.003492,0.003688,0.005466
21,0.0,0.000132,0.000145,0.001919,0.003811,0.003628,0.003684,0.005679
22,0.0,0.000131,0.000147,0.001668,0.003781,0.00352,0.003708,0.005485
23,0.0,0.000131,0.000146,0.00168,0.00383,0.003615,0.003799,0.005512
24,0.0,0.000129,0.000162,0.00198,0.003698,0.003373,0.003874,0.005517
25,0.0,0.000129,0.000145,0.001925,0.003668,0.003361,0.003806,0.005537
26,0.0,0.000132,0.000147,0.001926,0.00353,0.003374,0.00358,0.00555
27,0.0,0.000132,0.000145,0.001962,0.003532,0.003667,0.003527,0.005579
28,0.0,0.000132,0.000147,0.001715,0.003662,0.003743,0.003603,0.005763
29,0.0,0.000131,0.000151,0.001696,0.003618,0.003682,0.003663,0.00583
30,0.0,0.000131,0.000146,0.001735,0.003717,0.003681,0.003806,0.00571
31,0.0,0.000136,0.000147,0.00172,0.00368,0.00372,0.003853,0.005725
32,0.0,0.000131,0.000146,0.001725,0.003676,0.003696,0.003817,0.005706
33,0.0,0.000131,0.000147,0.001732,0.003691,0.003697,0.003617,0.005702
34,0.0,0.000132,0.000146,0.001765,0.003694,0.00369,0.003679,0.005882
35,0.0,0.00013,0.000146,0.002035,0.003698,0.003401,0.003973,0.005738
36,0.0,0.00013,0.000148,0.002044,0.003785,0.003519,0.003978,0.005739
37,0.0,0.000137,0.000153,0.002033,0.003907,0.003486,0.003868,0.005749
38,0.0,0.000131,0.000155,0.002037,0.003781,0.003731,0.003755,0.005774
39,0.0,0.000132,0.000154,0.002032,0.003806,0.003796,0.003848,0.005713
40,0.0,0.000132,0.000149,0.002025,0.003823,0.003782,0.00394,0.005717
41,0.0,0.000132,0.000147,0.00209,0.003823,0.003644,0.003891,0.005815
42,0.0,0.000137,0.000149,0.00209,0.003745,0.003556,0.003693,0.005813
43,0.0,0.000132,0.000149,0.002082,0.003768,0.003747,0.003857,0.005883
44,0.0,0.000131,0.000148,0.002059,0.00376,0.003787,0.003968,0.005786
45,0.0,0.000137,0.000146,0.00212,0.003809,0.003759,0.003896,0.005894
46,0.0,0.000131,0.000149,0.002704,0.00382,0.003744,0.00383,0.005911
47,0.0,0.000133,0.000149,0.002096,0.003779,0.003742,0.003765,0.005808
48,0.0,0.000131,0.000148,0.00209,0.003782,0.003785,0.003844,0.005825
49,0.0,0.000138,0.000149,0.002121,0.003786,0.003878,0.003851,0.005961
50,0.0,0.000137,0.000149,0.00214,0.003778,0.003772,0.003795,0.005851
51,0.0,0.000132,0.000153,0.002271,0.003792,0.003775,0.003767,0.005894
52,0.0,0.000131,0.000149,0.002121,0.003802,0.003821,0.003882,0.006009
53,0.0,0.000132,0.000149,0.002155,0.003875,0.003773,0.003869,0.005864
54,0.0,0.000136,0.000149,0.002146,0.003898,0.003991,0.004004,0.005901
55,0.0,0.00013,0.000151,0.002154,0.00385,0.003823,0.003945,0.005845
56,0.0,0.00013,0.000159,0.002168,0.003858,0.003829,0.003838,0.005883
57,0.0,0.000136,0.000161,0.002156,0.003879,0.00384,0.003907,0.005898
58,0.0,0.000132,0.000149,0.002158,0.003867,0.003853,0.004017,0.005875
59,0.0,0.00013,0.000151,0.002171,0.003831,0.003849,0.003948,0.006051
60,0.0,0.000139,0.000152,0.002156,0.003806,0.003818,0.003789,0.006115
61,0.0,0.000132,0.00015,0.002175,0.00377,0.003802,0.00382,0.005928
62,0.0,0.000133,0.000151,0.002215,0.003498,0.003781,0.003629,0.006045
63,0.0,0.000131,0.000151,0.002194,0.003572,0.003802,0.003642,0.006067
64,0.0,0.000131,0.000151,0.002174,0.003543,0.003822,0.003625,0.005918
65,0.0,0.000132,0.00015,0.002176,0.003565,0.003798,0.003561,0.006113
66,0.0,0.000132,0.00015,0.002151,0.003902,0.003855,0.003767,0.005952
67,0.0,0.000132,0.000151,0.002199,0.003814,0.00381,0.003868,0.005931
68,0.0,0.000132,0.000154,0.002223,0.003808,0.00385,0.003959,0.005972
69,0.0,0.000132,0.000151,0.002253,0.003838,0.003814,0.003961,0.005986
70,0.0,0.000131,0.000152,0.002233,0.003823,0.003857,0.003941,0.005999
71,0.0,0.000131,0.00015,0.002232,0.003829,0.003878,0.003817,0.00601
72,0.0,0.000141,0.00015,0.002242,0.00398,0.003915,0.004111,0.005996
73,0.0,0.000133,0.000151,0.002231,0.003943,0.003916,0.004068,0.005971
74,0.0,0.000132,0.000152,0.00226,0.003943,0.003916,0.00415,0.006039
75,0.0,0.000132,0.000151,0.002251,0.003985,0.003904,0.004097,0.006016
76,0.0,0.000132,0.000157,0.002263,0.004074,0.003983,0.003946,0.006014
77,0.0,0.000133,0.000152,0.002297,0.003997,0.00399,0.004055,0.00606
78,0.0,0.000133,0.000153,0.002293,0.003964,0.0039,0.004031,0.00608
79,0.0,0.000132,0.000153,0.002261,0.003887,0.003889,0.004015,0.006056
80,0.0,0.000137,0.000152,0.002866,0.003899,0.003924,0.003972,0.00609
81,0.0,0.000132,0.000152,0.002339,0.003896,0.00393,0.004051,0.006107
82,0.0,0.000134,0.000153,0.002227,0.004033,0.003937,0.003964,0.006077
83,0.0,0.000133,0.000152,0.00225,0.00395,0.003962,0.003905,0.006157
84,0.0,0.000133,0.000152,0.002316,0.004019,0.003995,0.003949,0.0062
85,0.0,0.000132,0.000152,0.002288,0.004036,0.004043,0.003921,0.006152
86,0.0,0.000132,0.000154,0.002335,0.00395,0.004072,0.003935,0.006206
87,0.0,0.000132,0.000154,0.002323,0.003964,0.00397,0.003934,0.006116
88,0.0,0.000143,0.00016,0.00231,0.003986,0.00397,0.003982,0.006143
89,0.0,0.000134,0.000154,0.00231,0.003933,0.003961,0.00393,0.006135
90,0.0,0.000141,0.000153,0.002301,0.003991,0.003999,0.00398,0.006194
91,0.0,0.000133,0.000159,0.002304,0.00401,0.004035,0.004041,0.006155
92,0.0,0.000133,0.000154,0.002304,0.004013,0.004021,0.00401,0.006151
93,0.0,0.000138,0.000154,0.002343,0.004035,0.004025,0.004004,0.00616
94,0.0,0.000134,0.00018,0.002353,0.004029,0.004034,0.004108,0.006157
95,0.0,0.000132,0.000154,0.002375,0.004033,0.004049,0.00401,0.006166
96,0.0,0.000133,0.000154,0.002348,0.004153,0.004096,0.004013,0.006151
97,0.0,0.000134,0.000156,0.00237,0.003955,0.004086,0.003988,0.006217
98,0.0,0.000142,0.000155,0.002345,0.003959,0.003973,0.003983,0.006204
99,0.0,0.000134,0.000154,0.002361,0.003968,0.003978,0.003963,0.006215
100,0.0,0.000142,0.000154,0.002392,0.004026,0.003995,0.003975,0.006242
101,0.0,0.000137,0.000154,0.002377,0.004049,0.00399,0.003999,0.006227
102,0.0,0.000143,0.000155,0.002392,0.004009,0.004015,0.003998,0.006327
103,0.0,0.000134,0.000156,0.002395,0.003995,0.004005,0.004025,0.006242
104,0.0,0.000133,0.000156,0.002392,0.004095,0.003992,0.003994,0.006246
105,0.0,0.000134,0.00016,0.002574,0.004103,0.004104,0.004017,0.006255
106,0.0,0.000134,0.000155,0.002388,0.004021,0.004011,0.003996,0.006263
107,0.0,0.000134,0.000155,0.002395,0.004002,0.004008,0.003999,0.006287
108,0.0,0.000141,0.000156,0.002416,0.004007,0.004109,0.004009,0.006286
109,0.0,0.000134,0.000154,0.00239,0.004059,0.00412,0.004127,0.006312
110,0.0,0.00014,0.000155,0.002405,0.004153,0.004085,0.004112,0.006299
111,0.0,0.000134,0.000156,0.002436,0.00412,0.004098,0.004133,0.006406
112,0.0,0.000134,0.000155,0.002419,0.004098,0.00412,0.004105,0.006432
113,0.0,0.000135,0.000161,0.002459,0.004206,0.003854,0.004119,0.006495
114,0.0,0.000134,0.000155,0.002412,0.003985,0.003976,0.003984,0.00648
115,0.0,0.000133,0.000157,0.002389,0.003834,0.003736,0.003922,0.006383
116,0.0,0.000135,0.000155,0.002419,0.003758,0.003742,0.003745,0.00633
117,0.0,0.000135,0.000164,0.002448,0.003763,0.003823,0.003806,0.006326
118,0.0,0.000134,0.000161,0.002458,0.003762,0.00381,0.003777,0.006352
119,0.0,0.000134,0.000157,0.002509,0.003782,0.003773,0.003797,0.006363
120,0.0,0.000137,0.000159,0.002479,0.004133,0.003788,0.004209,0.006549
121,0.0,0.000134,0.000165,0.002459,0.004163,0.004149,0.004193,0.006382
122,0.0,0.000135,0.000156,0.002517,0.004092,0.004087,0.004154,0.006419
123,0.0,0.000136,0.00016,0.002502,0.004104,0.004099,0.004095,0.006527
124,0.0,0.000159,0.000159,0.002477,0.004132,0.004244,0.00415,0.006536
125,0.0,0.000135,0.000163,0.002471,0.004127,0.004112,0.004121,0.006602
126,0.0,0.000135,0.000157,0.0025,0.004114,0.004131,0.004121,0.006632
127,0.0,0.000135,0.000159,0.002492,0.004255,0.004241,0.00428,0.006426
128,0.0,0.000136,0.000159,0.002788,0.00429,0.004262,0.004228,0.00642
129,0.0,0.000136,0.000159,0.00251,0.004219,0.004329,0.004165,0.006425
130,0.0,0.000139,0.000158,0.00257,0.004312,0.004182,0.004218,0.006461
131,0.0,0.000134,0.000159,0.002554,0.004206,0.004195,0.004186,0.006446
132,0.0,0.000136,0.000158,0.002555,0.004353,0.004214,0.00424,0.006442
133,0.0,0.000136,0.000159,0.002581,0.003955,0.004274,0.003919,0.006499
134,0.0,0.000135,0.000159,0.002566,0.004208,0.003888,0.004203,0.006558
135,0.0,0.00016,0.000165,0.002657,0.004273,0.003845,0.004302,0.006563
136,0.0,0.000142,0.000159,0.002641,0.004284,0.003904,0.004328,0.006491
137,0.0,0.000136,0.00016,0.002852,0.004372,0.003914,0.004295,0.006654
138,0.0,0.000137,0.000158,0.002614,0.004302,0.003903,0.004304,0.006638
139,0.0,0.000135,0.000166,0.002686,0.00431,0.003946,0.004305,0.006552
140,0.0,0.000135,0.00016,0.002382,0.004302,0.00391,0.004319,0.006549
141,0.0,0.000135,0.00016,0.002536,0.004309,0.003936,0.00433,0.006564
142,0.0,0.000137,0.000172,0.002674,0.004338,0.003905,0.004335,0.006554
143,0.0,0.000136,0.00016,0.002657,0.004405,0.004036,0.004316,0.006566
144,0.0,0.000136,0.00016,0.002699,0.004245,0.004038,0.00426,0.006618
145,0.0,0.000142,0.00016,0.00273,0.004515,0.004193,0.004342,0.006688
146,0.0,0.000135,0.00016,0.002714,0.004309,0.004158,0.004299,0.006675
147,0.0,0.000143,0.000166,0.002631,0.004315,0.004196,0.004312,0.006818
148,0.0,0.000142,0.00016,0.002665,0.00435,0.004168,0.004417,0.006728
149,0.0,0.000137,0.000171,0.002694,0.004321,0.004183,0.004321,0.006678
150,0.0,0.000138,0.000161,0.002724,0.004324,0.004185,0.004351,0.00687
151,0.0,0.000136,0.000162,0.002728,0.004357,0.004045,0.004315,0.006625
152,0.0,0.000153,0.00016,0.002731,0.004248,0.004019,0.004383,0.00681
153,0.0,0.00014,0.000161,0.002724,0.003955,0.003955,0.004022,0.006735
154,0.0,0.000141,0.000161,0.002364,0.004313,0.004137,0.004333,0.006735
155,0.0,0.000137,0.000162,0.002679,0.004266,0.00415,0.004408,0.006719
156,0.0,0.000137,0.000161,0.00274,0.004277,0.004156,0.004459,0.007037
157,0.0,0.000137,0.000167,0.002763,0.004316,0.00417,0.004434,0.007153
158,0.0,0.000153,0.00016,0.002753,0.004295,0.004169,0.004385,0.007097
159,0.0,0.000138,0.000163,0.002786,0.004314,0.004183,0.004422,0.007126
160,0.0,0.000141,0.000176,0.002675,0.004313,0.004178,0.004448,0.007156
161,0.0,0.000138,0.000162,0.002665,0.00432,0.004024,0.004433,0.007024
162,0.0,0.000139,0.000162,0.002301,0.004328,0.004029,0.004455,0.006886
163,0.0,0.000137,0.000162,0.002329,0.004449,0.004271,0.004511,0.006973
164,0.0,0.000145,0.000162,0.001966,0.004415,0.00411,0.004412,0.006938
165,0.0,0.000151,0.000161,0.001987,0.004428,0.004315,0.004597,0.007015
166,0.0,0.000138,0.000162,0.002359,0.004441,0.004286,0.00465,0.006837
167,0.0,0.000139,0.000162,0.002754,0.004467,0.004433,0.004686,0.006724
168,0.0,0.000138,0.000164,0.002747,0.004426,0.00449,0.004673,0.00694
169,0.0,0.000139,0.000163,0.002756,0.004353,0.004204,0.004398,0.007095
170,0.0,0.000137,0.000162,0.002761,0.004195,0.004245,0.004215,0.007011
171,0.0,0.000138,0.000164,0.002757,0.004411,0.004235,0.004524,0.007145
172,0.0,0.000141,0.000169,0.002759,0.004417,0.004258,0.004604,0.006798
173,0.0,0.000138,0.000163,0.00277,0.004156,0.004263,0.004302,0.006838
174,0.0,0.000138,0.000164,0.002791,0.00411,0.004257,0.00408,0.006885
175,0.0,0.000138,0.000165,0.002394,0.004403,0.004378,0.004587,0.007032
176,0.0,0.000137,0.000163,0.002779,0.004615,0.00431,0.00461,0.007072
177,0.0,0.000138,0.000164,0.002771,0.004478,0.004301,0.004632,0.006942
178,0.0,0.000138,0.000162,0.002423,0.004366,0.004293,0.004329,0.007141
179,0.0,0.000138,0.000164,0.002793,0.004173,0.004298,0.004145,0.007122
180,0.0,0.000138,0.000164,0.002836,0.004147,0.00435,0.004245,0.007026
181,0.0,0.000138,0.000164,0.002763,0.004155,0.004315,0.004195,0.006961
182,0.0,0.000138,0.000164,0.002749,0.004448,0.004264,0.00455,0.007149
183,0.0,0.000145,0.000165,0.002749,0.004259,0.004385,0.00447,0.007164
184,0.0,0.000139,0.000163,0.002801,0.004252,0.004296,0.004285,0.007028
185,0.0,0.000137,0.000164,0.002736,0.004479,0.004387,0.00439,0.0072
186,0.0,0.000141,0.000192,0.002763,0.00446,0.004595,0.004388,0.007083
187,0.0,0.000139,0.000174,0.002692,0.004422,0.004447,0.00441,0.006969
188,0.0,0.000139,0.000169,0.002784,0.004364,0.004381,0.004398,0.007113
189,0.0,0.00015,0.000166,0.002753,0.004597,0.00433,0.004359,0.007093
190,0.0,0.000139,0.000171,0.002746,0.004421,0.004351,0.004226,0.007117
191,0.0,0.000161,0.000184,0.002761,0.004654,0.004379,0.004552,0.007041
192,0.0,0.00014,0.000166,0.002373,0.004591,0.004446,0.00462,0.006958
193,0.0,0.000138,0.000166,0.002766,0.004637,0.004384,0.004378,0.007096
194,0.0,0.000139,0.000165,0.002863,0.004569,0.004233,0.004403,0.007113
195,0.0,0.00014,0.000166,0.002852,0.004588,0.004693,0.004463,0.007177
196,0.0,0.00014,0.000165,0.00282,0.004548,0.004664,0.004384,0.007175
197,0.0,0.000149,0.000174,0.002434,0.004484,0.004672,0.004402,0.007131
198,0.0,0.000139,0.000166,0.002402,0.00458,0.004646,0.004679,0.007117
199,0.0,0.000141,0.000165,0.002837,0.004642,0.004554,0.004555,0.007033
200,0.0,0.000139,0.000172,0.002832,0.004496,0.004425,0.004482,0.007202
201,0.0,0.000144,0.000166,0.002771,0.004647,0.004354,0.004628,0.007259
202,0.0,0.000142,0.000167,0.002446,0.004675,0.00438,0.004715,0.007426
203,0.0,0.000156,0.000166,0.002459,0.004698,0.004479,0.004508,0.007296
204,0.0,0.000146,0.000166,0.002826,0.00451,0.004364,0.004475,0.007208
205,0.0,0.000145,0.000167,0.00284,0.004562,0.004382,0.004588,0.007162
206,0.0,0.00014,0.000167,0.002877,0.004479,0.00447,0.004469,0.007258
207,0.0,0.00014,0.000167,0.002808,0.004465,0.004468,0.004514,0.007371
208,0.0,0.00014,0.000172,0.002911,0.0045,0.004546,0.00447,0.007558
209,0.0,0.000145,0.000167,0.002919,0.004486,0.004387,0.004587,0.007333
210,0.0,0.000139,0.000167,0.002916,0.004512,0.004619,0.004478,0.007191
211,0.0,0.00015,0.000167,0.002827,0.004647,0.004744,0.004624,0.007261
212,0.0,0.00014,0.000168,0.002924,0.004641,0.004947,0.004771,0.007194
213,0.0,0.000147,0.000167,0.002881,0.004331,0.004627,0.004497,0.00726
214,0.0,0.000139,0.000169,0.002884,0.004647,0.004667,0.004672,0.007344
215,0.0,0.00014,0.000168,0.002803,0.004651,0.004654,0.00477,0.007336
216,0.0,0.000139,0.000167,0.002953,0.004411,0.004358,0.00433,0.007382
217,0.0,0.000146,0.000167,0.002941,0.004384,0.004365,0.004376,0.007319
218,0.0,0.000147,0.000169,0.002884,0.004788,0.004768,0.004942,0.007248
219,0.0,0.00014,0.000169,0.002867,0.004782,0.004848,0.004828,0.007266
220,0.0,0.000141,0.000169,0.002884,0.004455,0.004435,0.004432,0.007287
221,0.0,0.000141,0.000169,0.002832,0.00448,0.004472,0.004504,0.007407
222,0.0,0.00014,0.000168,0.002918,0.00461,0.004467,0.004598,0.007539
223,0.0,0.000141,0.000169,0.002502,0.004488,0.004483,0.004442,0.007478
224,0.0,0.00014,0.000169,0.00288,0.004478,0.004372,0.004403,0.007633
225,0.0,0.000146,0.000168,0.002828,0.00439,0.004433,0.004487,0.007335
226,0.0,0.000141,0.000169,0.002976,0.004734,0.004428,0.004709,0.007327
227,0.0,0.000142,0.000169,0.002827,0.004619,0.004497,0.004687,0.007381
228,0.0,0.000141,0.000169,0.002939,0.004598,0.004418,0.004691,0.007433
229,0.0,0.000148,0.00017,0.002943,0.004723,0.004431,0.004655,0.0077
230,0.0,0.00014,0.00017,0.002958,0.004739,0.004453,0.004709,0.007483
231,0.0,0.000141,0.000181,0.002948,0.004692,0.004458,0.004621,0.007657
232,0.0,0.000142,0.000169,0.00285,0.004653,0.004448,0.004654,0.007523
233,0.0,0.000142,0.00017,0.002579,0.004792,0.004935,0.004878,0.007409
234,0.0,0.000142,0.000169,0.00295,0.004877,0.004891,0.004792,0.007558
235,0.0,0.000139,0.00017,0.002872,0.004465,0.004931,0.004461,0.00775
236,0.0,0.000142,0.000178,0.003053,0.004715,0.004924,0.004797,0.00744
237,0.0,0.000146,0.00017,0.002949,0.004814,0.004862,0.00477,0.007517
238,0.0,0.000143,0.000175,0.003083,0.004818,0.005045,0.004736,0.007536
239,0.0,0.000142,0.000171,0.003061,0.00473,0.004558,0.00489,0.007548
240,0.0,0.000142,0.000172,0.003007,0.004981,0.004867,0.005011,0.007467
241,0.0,0.000144,0.00017,0.002947,0.004598,0.004864,0.004688,0.007545
242,0.0,0.000142,0.000176,0.003063,0.004844,0.004798,0.004985,0.007508
243,0.0,0.000142,0.000171,0.003043,0.004825,0.004902,0.004955,0.007615
244,0.0,0.000141,0.000172,0.003086,0.004498,0.004851,0.004676,0.007537
245,0.0,0.000141,0.000171,0.002994,0.0047,0.004846,0.00494,0.00767
246,0.0,0.000147,0.00017,0.003111,0.004968,0.004927,0.005121,0.007706
247,0.0,0.000144,0.000175,0.00292,0.004835,0.005019,0.005059,0.007661
248,0.0,0.000147,0.000171,0.002796,0.004851,0.004907,0.004884,0.007571
249,0.0,0.000144,0.000171,0.002744,0.004835,0.004988,0.004899,0.007843
250,0.0,0.000143,0.00017,0.003107,0.004839,0.004931,0.00484,0.007791
251,0.0,0.00015,0.000171,0.002763,0.004836,0.004934,0.004847,0.007659
252,0.0,0.000157,0.000171,0.002325,0.004863,0.004969,0.004847,0.007716
253,0.0,0.000152,0.000171,0.002774,0.004899,0.004955,0.004885,0.007755
254,0.0,0.000142,0.000172,0.003146,0.004917,0.005063,0.004944,0.007717
255,0.0,0.000142,0.000173,0.003102,0.004959,0.005007,0.004933,0.007698
256,0.0,0.000143,0.000174,0.003222,0.005108,0.00482,0.005064,0.007778
257,0.0,0.000144,0.000173,0.002774,0.005054,0.00509,0.005156,0.007669
258,0.0,0.000162,0.000173,0.002791,0.005038,0.004908,0.005023,0.007775
259,0.0,0.000144,0.000173,0.002343,0.005007,0.005073,0.004989,0.007866
260,0.0,0.000143,0.000179,0.002781,0.005045,0.004978,0.00514,0.007804
261,0.0,0.00015,0.000174,0.002749,0.004952,0.004965,0.004963,0.007992
262,0.0,0.000143,0.000172,0.002724,0.005075,0.004991,0.004984,0.007888
263,0.0,0.000145,0.000174,0.002785,0.005036,0.005002,0.005029,0.007818
264,0.0,0.000143,0.000173,0.002837,0.005037,0.004976,0.005048,0.007957
265,0.0,0.000142,0.000174,0.002363,0.005055,0.004707,0.004978,0.00788
266,0.0,0.000144,0.000174,0.002746,0.005173,0.005047,0.005099,0.007858
267,0.0,0.000144,0.000174,0.002363,0.005173,0.00465,0.005073,0.007755
268,0.0,0.000152,0.000172,0.002831,0.00516,0.004991,0.005034,0.007878
269,0.0,0.000144,0.000175,0.002374,0.005123,0.005043,0.005221,0.007794
270,0.0,0.000143,0.000178,0.002483,0.005227,0.005002,0.005185,0.007842
271,0.0,0.000148,0.000176,0.002521,0.00511,0.005015,0.005114,0.007986
272,0.0,0.000147,0.000175,0.002799,0.004703,0.005014,0.00478,0.008114
273,0.0,0.000144,0.000175,0.002397,0.005071,0.005091,0.005044,0.008164
274,0.0,0.000144,0.000175,0.00286,0.004935,0.005105,0.004927,0.00814
275,0.0,0.000149,0.000184,0.001947,0.004924,0.005077,0.005018,0.007824
276,0.0,0.000144,0.000175,0.001936,0.004924,0.004797,0.00492,0.007869
277,0.0,0.000144,0.000176,0.002397,0.004775,0.004995,0.004763,0.007899
278,0.0,0.000144,0.000175,0.001854,0.004936,0.005112,0.005195,0.007891
279,0.0,0.000146,0.000175,0.001961,0.004803,0.005136,0.004713,0.007976
280,0.0,0.000144,0.000174,0.002419,0.004916,0.005195,0.004833,0.007954
281,0.0,0.000145,0.000175,0.002392,0.004763,0.00493,0.004727,0.008062
282,0.0,0.000145,0.00018,0.002426,0.004801,0.005003,0.00469,0.008225
283,0.0,0.000145,0.000182,0.002866,0.004839,0.004956,0.00471,0.007978
284,0.0,0.000144,0.000175,0.002404,0.004731,0.005103,0.004728,0.007997
285,0.0,0.000144,0.000181,0.002865,0.004743,0.005192,0.004728,0.007963
286,0.0,0.000144,0.000181,0.002901,0.004746,0.004961,0.004732,0.008006
287,0.0,0.000145,0.000177,0.002887,0.00477,0.004867,0.004785,0.008027
288,0.0,0.000153,0.000175,0.002893,0.004756,0.00497,0.004777,0.007991
289,0.0,0.000144,0.000177,0.002449,0.004771,0.004893,0.004914,0.008011
290,0.0,0.000144,0.000175,0.00289,0.004774,0.004995,0.00478,0.008038
291,0.0,0.000146,0.000189,0.002898,0.005052,0.005034,0.005072,0.008295
292,0.0,0.000154,0.000176,0.00298,0.00502,0.005018,0.005088,0.008066
293,0.0,0.000145,0.000187,0.00241,0.005023,0.005031,0.005064,0.008342
294,0.0,0.000145,0.000178,0.002918,0.005075,0.0049,0.005034,0.008167
295,0.0,0.000145,0.000178,0.00289,0.005052,0.005038,0.005123,0.00815
296,0.0,0.000151,0.000177,0.003379,0.00513,0.005281,0.005038,0.008226
297,0.0,0.000145,0.000178,0.00312,0.004876,0.004887,0.004881,0.008299
298,0.0,0.00016,0.000176,0.002996,0.004904,0.00479,0.004934,0.008391
299,0.0,0.000146,0.000177,0.003127,0.004909,0.005258,0.004898,0.008154
300,0.0,0.000154,0.000177,0.003159,0.004808,0.005278,0.004803,0.008225
301,0.0,0.000145,0.000206,0.002929,0.005152,0.005254,0.005273,0.008409
302,0.0,0.000149,0.000184,0.002965,0.005177,0.005281,0.005162,0.008279
303,0.0,0.000145,0.000184,0.002917,0.005182,0.005379,0.005167,0.00837
304,0.0,0.000146,0.000177,0.002932,0.005189,0.005327,0.005162,0.008322
305,0.0,0.000146,0.000183,0.002917,0.005198,0.005384,0.005523,0.00821
306,0.0,0.000146,0.000177,0.002962,0.005197,0.005286,0.005498,0.008219
307,0.0,0.000146,0.000178,0.00251,0.004847,0.005313,0.005123,0.008204
308,0.0,0.000146,0.000179,0.003014,0.004913,0.005397,0.005077,0.008491
309,0.0,0.000154,0.00018,0.003004,0.005132,0.005273,0.005403,0.008235
310,0.0,0.000147,0.000178,0.002981,0.005165,0.005258,0.005339,0.008337
311,0.0,0.000146,0.000179,0.002966,0.005203,0.005256,0.005453,0.008504
312,0.0,0.000146,0.000178,0.003453,0.005191,0.005304,0.005106,0.008284
313,0.0,0.000147,0.000179,0.003034,0.00514,0.00546,0.005106,0.008334
314,0.0,0.000146,0.000178,0.003339,0.005219,0.005403,0.005105,0.008544
315,0.0,0.000146,0.00018,0.003107,0.00512,0.005395,0.005053,0.008359
316,0.0,0.000146,0.000188,0.003163,0.005354,0.005507,0.005379,0.008364
317,0.0,0.000148,0.000179,0.003182,0.004923,0.005424,0.004937,0.008659
318,0.0,0.000147,0.000186,0.003477,0.004908,0.005493,0.004899,0.008368
319,0.0,0.000146,0.000181,0.003,0.004914,0.005578,0.004998,0.008513
320,0.0,0.000146,0.00018,0.003015,0.005158,0.005505,0.004925,0.008388
321,0.0,0.000155,0.000179,0.002985,0.004936,0.005507,0.005038,0.008406
322,0.0,0.000147,0.00019,0.003226,0.00496,0.005565,0.005082,0.00841
323,0.0,0.000147,0.00018,0.003099,0.005016,0.005109,0.005069,0.008425
324,0.0,0.000147,0.000179,0.003067,0.005224,0.005065,0.005214,0.008469
325,0.0,0.000146,0.00018,0.003167,0.005292,0.005,0.005171,0.008497
326,0.0,0.000149,0.00018,0.00317,0.005519,0.005262,0.005336,0.008515
327,0.0,0.000147,0.000182,0.002975,0.005488,0.005375,0.005367,0.008478
328,0.0,0.000148,0.000185,0.00302,0.005418,0.005477,0.005383,0.008633
329,0.0,0.000147,0.000181,0.00304,0.005338,0.00537,0.005388,0.008525
330,0.0,0.000147,0.00018,0.002945,0.005357,0.005393,0.005456,0.008542
331,0.0,0.000147,0.000181,0.002601,0.005372,0.005672,0.005344,0.008527
332,0.0,0.000148,0.00018,0.003467,0.005392,0.005633,0.005496,0.008607
333,0.0,0.000147,0.000181,0.003204,0.005428,0.005389,0.005578,0.008551
334,0.0,0.000148,0.000181,0.003232,0.005398,0.005335,0.00547,0.00884
335,0.0,0.000147,0.000187,0.0031,0.005089,0.005234,0.004993,0.008544
336,0.0,0.000147,0.00018,0.002921,0.005215,0.005229,0.005174,0.008854
337,0.0,0.000149,0.000183,0.003015,0.005383,0.005243,0.005484,0.00857
338,0.0,0.000148,0.00018,0.003053,0.00541,0.005649,0.005577,0.008702
339,0.0,0.000148,0.000182,0.002605,0.005471,0.005576,0.005629,0.008701
340,0.0,0.000146,0.000181,0.002634,0.005389,0.005516,0.005474,0.00886
341,0.0,0.000148,0.000182,0.003359,0.005402,0.005304,0.005465,0.00865
342,0.0,0.000148,0.000182,0.003104,0.005428,0.005325,0.005473,0.008769
343,0.0,0.000147,0.000182,0.00309,0.005444,0.005345,0.005513,0.008713
344,0.0,0.000148,0.000182,0.002799,0.005456,0.005459,0.005576,0.008769
345,0.0,0.000153,0.000198,0.003018,0.005422,0.005356,0.005606,0.008762
346,0.0,0.000146,0.000187,0.002729,0.005488,0.005432,0.005732,0.008673
347,0.0,0.00015,0.000183,0.0033,0.005682,0.005817,0.005729,0.00875
348,0.0,0.000149,0.000183,0.002894,0.005576,0.005761,0.005543,0.008788
349,0.0,0.000167,0.000183,0.00222,0.005579,0.005683,0.005578,0.008793
350,0.0,0.000147,0.000182,0.002329,0.005656,0.005796,0.005655,0.008763
351,0.0,0.000151,0.00019,0.002329,0.005577,0.00566,0.005778,0.00874
352,0.0,0.000154,0.000183,0.002194,0.005777,0.005679,0.005778,0.008818
353,0.0,0.000155,0.000184,0.00232,0.005637,0.005723,0.00555,0.008786
354,0.0,0.000149,0.000183,0.002862,0.005698,0.005811,0.005745,0.008834
355,0.0,0.000148,0.000184,0.003192,0.005576,0.005698,0.005819,0.009173
356,0.0,0.000149,0.000183,0.002603,0.005587,0.005653,0.0058,0.008861
357,0.0,0.000149,0.000201,0.002707,0.00555,0.00554,0.00556,0.008833
358,0.0,0.000149,0.000183,0.002894,0.005537,0.005631,0.005526,0.009045
359,0.0,0.000154,0.00019,0.002923,0.005539,0.005656,0.005435,0.008906
360,0.0,0.000149,0.000184,0.002228,0.0054,0.005651,0.005177,0.008982
361,0.0,0.000149,0.000185,0.002228,0.005389,0.005783,0.005237,0.008944
362,0.0,0.000149,0.000188,0.002414,0.005409,0.005612,0.005616,0.008994
363,0.0,0.000151,0.000185,0.002809,0.005581,0.005617,0.006052,0.008914
364,0.0,0.000149,0.000186,0.003188,0.005601,0.005808,0.006101,0.00902
365,0.0,0.000156,0.000185,0.002873,0.00546,0.005763,0.005897,0.008937
366,0.0,0.000148,0.0002,0.002838,0.005476,0.005715,0.005902,0.008975
367,0.0,0.000149,0.000185,0.00283,0.005471,0.005658,0.005986,0.00902
368,0.0,0.000148,0.000184,0.002845,0.005528,0.005679,0.006083,0.009042
369,0.0,0.000149,0.000185,0.002847,0.005536,0.005616,0.006223,0.009022
370,0.0,0.000151,0.000192,0.002874,0.005315,0.005684,0.005809,0.008999
371,0.0,0.000149,0.000184,0.002418,0.005376,0.005664,0.005933,0.008988
372,0.0,0.00015,0.000185,0.002394,0.005328,0.005269,0.005824,0.009036
373,0.0,0.00015,0.000185,0.002351,0.005364,0.005669,0.005851,0.009041
374,0.0,0.000149,0.000189,0.002283,0.005357,0.005875,0.00707,0.009049
375,0.0,0.000149,0.000185,0.002375,0.005458,0.005686,0.005957,0.009063
376,0.0,0.000157,0.000185,0.002385,0.005483,0.005463,0.005878,0.009048
377,0.0,0.000152,0.0002,0.002267,0.005506,0.005511,0.005852,0.009062
378,0.0,0.000151,0.000185,0.002384,0.005671,0.005475,0.005903,0.00912
379,0.0,0.000151,0.000186,0.002486,0.005477,0.005522,0.005736,0.00914
380,0.0,0.00015,0.000186,0.003039,0.005314,0.005557,0.005616,0.009107
381,0.0,0.00015,0.000187,0.002417,0.005297,0.005611,0.00556,0.009148
382,0.0,0.000152,0.000187,0.002431,0.005582,0.00555,0.005913,0.009333
383,0.0,0.000152,0.000187,0.002995,0.0056,0.005583,0.005753,0.009171
384,0.0,0.000151,0.000187,0.002962,0.005544,0.005558,0.006075,0.009189
385,0.0,0.00015,0.000187,0.00241,0.005762,0.005537,0.006254,0.009166
386,0.0,0.00015,0.000187,0.002305,0.005602,0.005529,0.005791,0.009289
387,0.0,0.000153,0.000187,0.002312,0.005627,0.005677,0.005904,0.00919
388,0.0,0.000152,0.000186,0.002415,0.00536,0.005508,0.005759,0.00918
389,0.0,0.000151,0.000193,0.002416,0.005341,0.005513,0.005482,0.009207
390,0.0,0.000151,0.000187,0.002465,0.005483,0.005663,0.005687,0.009222
391,0.0,0.000151,0.000188,0.002483,0.005543,0.005332,0.005679,0.00924
392,0.0,0.000152,0.000187,0.002496,0.005551,0.005346,0.005604,0.009236
393,0.0,0.000152,0.000195,0.00249,0.005522,0.005346,0.005592,0.009279
394,0.0,0.000152,0.000187,0.002364,0.005558,0.005386,0.005725,0.00939
395,0.0,0.000152,0.000193,0.002485,0.005457,0.005388,0.005605,0.009303
396,0.0,0.000152,0.000187,0.002498,0.005529,0.00539,0.005637,0.0097
397,0.0,0.000152,0.000188,0.002501,0.00555,0.005527,0.005772,0.009331
398,0.0,0.000153,0.000187,0.002502,0.005511,0.005391,0.00562,0.00929
399,0.0,0.000152,0.000188,0.003106,0.00542,0.00541,0.005429,0.009325
400,0.0,0.000152,0.000188,0.00243,0.005469,0.005827,0.00554,0.009367
401,0.0,0.000153,0.000189,0.002465,0.005461,0.005647,0.005642,0.009432
402,0.0,0.000152,0.000188,0.002433,0.005488,0.00567,0.005651,0.009454
403,0.0,0.000152,0.000188,0.002445,0.00548,0.005712,0.005627,0.009465
404,0.0,0.000152,0.000188,0.002473,0.005675,0.005666,0.005752,0.009377
405,0.0,0.000153,0.000189,0.002433,0.005735,0.005639,0.005694,0.009418
406,0.0,0.000152,0.000188,0.002443,0.005579,0.005858,0.005547,0.009488
407,0.0,0.000162,0.000195,0.002479,0.00556,0.005706,0.005663,0.009565
408,0.0,0.000152,0.000195,0.003116,0.005562,0.005575,0.005707,0.00944
409,0.0,0.000152,0.000188,0.002452,0.005566,0.005547,0.005733,0.009461
410,0.0,0.000152,0.000189,0.002448,0.005568,0.005447,0.005554,0.009461
411,0.0,0.000154,0.00019,0.002487,0.005602,0.00582,0.005581,0.009549
412,0.0,0.000153,0.000188,0.002988,0.005608,0.005859,0.005727,0.009436
413,0.0,0.000159,0.000189,0.003055,0.005611,0.005864,0.005851,0.009541
414,0.0,0.000152,0.00019,0.00249,0.005668,0.00588,0.005843,0.009566
415,0.0,0.000152,0.000191,0.002494,0.005625,0.005891,0.005689,0.009717
416,0.0,0.000152,0.000188,0.002548,0.005642,0.005912,0.005885,0.009913
417,0.0,0.000159,0.00019,0.003142,0.005636,0.005905,0.005732,0.009598
418,0.0,0.000158,0.000189,0.002476,0.005622,0.005951,0.005664,0.009746
419,0.0,0.000159,0.00019,0.002536,0.005591,0.005906,0.005704,0.009666
420,0.0,0.000154,0.00019,0.002506,0.005962,0.005919,0.006047,0.009669
421,0.0,0.000152,0.000191,0.002491,0.005957,0.005908,0.006208,0.009803
422,0.0,0.000154,0.000191,0.00247,0.006002,0.005932,0.006041,0.009833
423,0.0,0.00016,0.000192,0.002517,0.005967,0.005939,0.005938,0.009883
424,0.0,0.000152,0.00019,0.00255,0.005986,0.005943,0.006212,0.009868
425,0.0,0.000154,0.00019,0.002498,0.005981,0.005987,0.006172,0.009889
426,0.0,0.000153,0.000189,0.002508,0.006018,0.005954,0.006142,0.009991
427,0.0,0.000153,0.000191,0.002527,0.00601,0.005965,0.006045,0.009956
428,0.0,0.000159,0.000196,0.002409,0.006007,0.006104,0.005968,0.009897
429,0.0,0.00016,0.000192,0.002509,0.006029,0.006098,0.006001,0.009879
430,0.0,0.000153,0.00019,0.00242,0.006037,0.006041,0.006141,0.009893
431,0.0,0.000153,0.000197,0.003176,0.00618,0.006011,0.006266,0.009875
432,0.0,0.000154,0.00019,0.002523,0.006065,0.005962,0.006296,0.009997
433,0.0,0.000154,0.000192,0.002561,0.006061,0.006007,0.006046,0.009944
434,0.0,0.000153,0.000191,0.003142,0.006102,0.005988,0.006088,0.00994
435,0.0,0.000152,0.000191,0.003889,0.006097,0.005998,0.006187,0.009983
436,0.0,0.000153,0.00019,0.003714,0.006086,0.006059,0.006203,0.010013
437,0.0,0.000154,0.000192,0.003337,0.006093,0.006032,0.006266,0.01017
438,0.0,0.000155,0.000196,0.003345,0.006071,0.006154,0.006186,0.010027
439,0.0,0.000155,0.000192,0.003308,0.005695,0.006126,0.005788,0.010049
440,0.0,0.000153,0.000191,0.003151,0.005695,0.006039,0.00569,0.010046
441,0.0,0.000177,0.000197,0.003135,0.005925,0.006053,0.005942,0.010035
442,0.0,0.000157,0.000192,0.003168,0.005893,0.006059,0.005876,0.010174
443,0.0,0.000155,0.000193,0.003158,0.005795,0.006082,0.005965,0.010141
444,0.0,0.000155,0.000193,0.002582,0.005787,0.00606,0.005872,0.010088
445,0.0,0.000154,0.000192,0.002577,0.005776,0.006091,0.005777,0.010088
446,0.0,0.000156,0.000192,0.00246,0.005772,0.006083,0.005916,0.010214
447,0.0,0.000154,0.000193,0.003833,0.005807,0.006083,0.005978,0.010217
448,0.0,0.000155,0.000192,0.003858,0.00603,0.006238,0.006121,0.010143
449,0.0,0.000165,0.000197,0.003779,0.005851,0.006228,0.005943,0.010109
450,0.0,0.00016,0.000194,0.003179,0.005867,0.006167,0.005875,0.010148
451,0.0,0.000156,0.000194,0.00327,0.005825,0.006174,0.006004,0.010156
452,0.0,0.000155,0.000197,0.002536,0.005824,0.006211,0.005999,0.010232
453,0.0,0.000156,0.0002,0.002513,0.005816,0.006107,0.005943,0.010126
454,0.0,0.000155,0.000197,0.002646,0.005875,0.006132,0.005829,0.010218
455,0.0,0.000155,0.000194,0.002632,0.006022,0.006157,0.006014,0.010232
456,0.0,0.000156,0.000194,0.002652,0.005973,0.006351,0.006054,0.0102
457,0.0,0.000157,0.000194,0.002684,0.005817,0.006373,0.005961,0.010229
458,0.0,0.000156,0.000195,0.002676,0.005856,0.006209,0.005863,0.010229
459,0.0,0.000156,0.000194,0.003293,0.005813,0.006155,0.005832,0.010269
460,0.0,0.000155,0.000194,0.00267,0.006058,0.006131,0.006096,0.010245
461,0.0,0.000157,0.000199,0.002669,0.005988,0.006163,0.006026,0.010292
462,0.0,0.000158,0.000196,0.002735,0.0059,0.006192,0.006124,0.010297
463,0.0,0.000156,0.000195,0.002657,0.005918,0.006345,0.006018,0.010454
464,0.0,0.000157,0.000194,0.00265,0.005962,0.006175,0.005916,0.010302
465,0.0,0.000156,0.000195,0.002677,0.005946,0.0062,0.006028,0.010345
466,0.0,0.000157,0.000195,0.002732,0.006046,0.006235,0.006093,0.010338
467,0.0,0.000156,0.000196,0.003358,0.006014,0.006206,0.006089,0.010369
468,0.0,0.000156,0.000196,0.00332,0.006041,0.006209,0.005977,0.010945
469,0.0,0.000157,0.000196,0.002677,0.005997,0.006226,0.006097,0.010527
470,0.0,0.000155,0.000211,0.002549,0.006035,0.006252,0.006208,0.010434
471,0.0,0.000156,0.000198,0.002681,0.006081,0.006251,0.006116,0.010423
472,0.0,0.000157,0.000196,0.002706,0.006067,0.006232,0.00604,0.010474
473,0.0,0.000158,0.000195,0.00321,0.005922,0.006098,0.005991,0.010395
474,0.0,0.000158,0.000196,0.003351,0.006275,0.006296,0.006369,0.010546
475,0.0,0.000157,0.000196,0.002725,0.006278,0.006269,0.006422,0.010484
476,0.0,0.000163,0.000196,0.002645,0.006311,0.006269,0.006479,0.010479
477,0.0,0.000157,0.000197,0.00277,0.006121,0.006268,0.006265,0.010501
478,0.0,0.000157,0.000203,0.002759,0.006336,0.006285,0.006299,0.010466
479,0.0,0.000158,0.000199,0.002793,0.006458,0.006396,0.006322,0.010513
480,0.0,0.000157,0.000197,0.003401,0.006256,0.006329,0.006286,0.010475
481,0.0,0.000157,0.000198,0.002769,0.006342,0.006328,0.006385,0.010611
482,0.0,0.000164,0.000196,0.003336,0.006299,0.006284,0.00647,0.010604
483,0.0,0.000157,0.000198,0.002769,0.006322,0.006475,0.006514,0.010571
484,0.0,0.000158,0.000197,0.002789,0.006316,0.006307,0.006438,0.010436
485,0.0,0.000157,0.000197,0.002768,0.006444,0.005917,0.006567,0.010555
486,0.0,0.000163,0.000202,0.003302,0.006396,0.006304,0.006646,0.010744
487,0.0,0.000156,0.000201,0.003345,0.006354,0.006349,0.006561,0.01064
488,0.0,0.000163,0.000202,0.003289,0.005972,0.00637,0.006169,0.010484
489,0.0,0.000168,0.000198,0.002793,0.005989,0.006344,0.006094,0.01062
490,0.0,0.000174,0.000198,0.00281,0.005998,0.006389,0.00629,0.010661
491,0.0,0.000162,0.000198,0.002767,0.006028,0.006435,0.00619,0.010657
492,0.0,0.000158,0.000215,0.003274,0.006458,0.00642,0.006532,0.010721
493,0.0,0.000158,0.000198,0.002744,0.006247,0.00652,0.00631,0.010758
494,0.0,0.000163,0.000198,0.003331,0.006225,0.006294,0.006498,0.010677
495,0.0,0.000159,0.000205,0.003304,0.006281,0.006429,0.006487,0.010833
496,0.0,0.000164,0.000198,0.002751,0.006221,0.006249,0.006273,0.010706
497,0.0,0.000158,0.000203,0.002678,0.006287,0.006449,0.006178,0.010745
498,0.0,0.000159,0.000198,0.003394,0.006403,0.006431,0.006441,0.010752
499,0.0,0.000164,0.000207,0.002801,0.006592,0.006436,0.006591,0.010791
500,0.0,0.000159,0.000199,0.002817,0.00648,0.006527,0.00663,0.010795
501,0.0,0.000158,0.000199,0.004107,0.00646,0.006727,0.006555,0.010776
502,0.0,0.000161,0.000201,0.003484,0.006497,0.006279,0.006546,0.01084
503,0.0,0.000159,0.0002,0.003496,0.006585,0.006239,0.006469,0.010813
504,0.0,0.000158,0.000198,0.003508,0.006469,0.006277,0.006586,0.010896
505,0.0,0.000164,0.000199,0.003275,0.006811,0.006462,0.006749,0.010846
506,0.0,0.00016,0.000199,0.003408,0.006319,0.006492,0.006421,0.010833
507,0.0,0.00016,0.000205,0.003298,0.006508,0.006448,0.00625,0.010887
508,0.0,0.000157,0.000216,0.00306,0.006332,0.006438,0.006295,0.011067
509,0.0,0.000159,0.000205,0.00274,0.006303,0.006445,0.006522,0.011013
510,0.0,0.00016,0.0002,0.002844,0.00636,0.006608,0.006513,0.010893
511,0.0,0.000159,0.000201,0.002799,0.006398,0.006501,0.006379,0.010918
512,0.0,0.000162,0.000201,0.002817,0.006573,0.006136,0.006649,0.010816
513,0.0,0.000158,0.0002,0.002789,0.006565,0.006594,0.006613,0.01098
514,0.0,0.00016,0.0002,0.002818,0.00654,0.006379,0.006727,0.010815
515,0.0,0.000159,0.000201,0.002862,0.006553,0.006094,0.006679,0.010828
516,0.0,0.00016,0.0002,0.002714,0.006536,0.006105,0.006571,0.011
517,0.0,0.00016,0.000201,0.003415,0.006749,0.006074,0.006734,0.011021
518,0.0,0.000165,0.000201,0.002866,0.006738,0.006308,0.006771,0.010977
519,0.0,0.000165,0.000206,0.002868,0.006558,0.006587,0.006719,0.010815
520,0.0,0.000169,0.000202,0.002808,0.006455,0.006241,0.006638,0.01087
521,0.0,0.00016,0.000202,0.002999,0.006385,0.006312,0.006534,0.010894
522,0.0,0.00016,0.000201,0.003096,0.006261,0.006252,0.006274,0.010857
523,0.0,0.00016,0.000201,0.002807,0.006402,0.006397,0.006556,0.01093
524,0.0,0.000175,0.000201,0.003244,0.006294,0.006379,0.006339,0.010871
525,0.0,0.000161,0.000202,0.004212,0.0062,0.006328,0.006427,0.010966
526,0.0,0.000166,0.000207,0.003643,0.006323,0.006405,0.006365,0.010962
527,0.0,0.000161,0.00021,0.002972,0.00683,0.006797,0.006961,0.011188
528,0.0,0.000165,0.000201,0.003323,0.006883,0.006811,0.007025,0.011221
529,0.0,0.000159,0.000203,0.002956,0.006991,0.006795,0.00694,0.011174
530,0.0,0.000162,0.000201,0.003283,0.006818,0.006789,0.007008,0.011047
531,0.0,0.00016,0.000203,0.003274,0.006856,0.006796,0.006904,0.011203
532,0.0,0.000167,0.000202,0.002995,0.006829,0.006824,0.007002,0.011433
533,0.0,0.00016,0.000203,0.003328,0.007008,0.006851,0.006836,0.011319
534,0.0,0.000167,0.000202,0.002969,0.006849,0.007016,0.006851,0.011293
535,0.0,0.00016,0.000203,0.002946,0.00682,0.006834,0.007012,0.011156
536,0.0,0.000166,0.000203,0.003001,0.00685,0.006975,0.007031,0.011332
537,0.0,0.000161,0.000226,0.002992,0.006904,0.007084,0.007064,0.011231
538,0.0,0.00016,0.000203,0.002998,0.007034,0.00702,0.007055,0.011428
539,0.0,0.000161,0.000209,0.002991,0.006872,0.006772,0.007081,0.011171
540,0.0,0.000167,0.000203,0.002979,0.006899,0.006797,0.007108,0.011274
541,0.0,0.00018,0.000205,0.00334,0.006875,0.006801,0.007024,0.011197
542,0.0,0.000165,0.000204,0.003352,0.006838,0.006857,0.007109,0.011465
543,0.0,0.000167,0.000209,0.003355,0.006932,0.00693,0.007227,0.01145
544,0.0,0.00016,0.000203,0.003024,0.006879,0.006825,0.007086,0.011317
545,0.0,0.000161,0.000203,0.003285,0.006933,0.006927,0.007091,0.011294
546,0.0,0.00016,0.000205,0.003423,0.006896,0.006968,0.007061,0.011277
547,0.0,0.000162,0.000212,0.003343,0.006974,0.007169,0.006985,0.011339
548,0.0,0.000187,0.000204,0.003084,0.007139,0.006954,0.006912,0.011355
549,0.0,0.000161,0.000205,0.003011,0.007237,0.006946,0.006973,0.011443
550,0.0,0.00016,0.000204,0.003346,0.006999,0.006944,0.006951,0.011417
551,0.0,0.000161,0.000206,0.003526,0.007026,0.006955,0.00709,0.011515
552,0.0,0.000166,0.000204,0.003063,0.006973,0.007063,0.007044,0.011391
553,0.0,0.000162,0.000205,0.003031,0.006953,0.007038,0.007173,0.011438
554,0.0,0.000161,0.000204,0.003034,0.006988,0.006917,0.007172,0.011473
555,0.0,0.000161,0.000205,0.003509,0.006969,0.006903,0.007114,0.011589
556,0.0,0.00016,0.00021,0.002889,0.006969,0.006924,0.007116,0.011431
557,0.0,0.000162,0.000206,0.002969,0.007068,0.00697,0.007045,0.011475
558,0.0,0.000161,0.000205,0.002989,0.007015,0.00697,0.007031,0.011713
559,0.0,0.000162,0.000206,0.00296,0.007072,0.006953,0.007229,0.01179
560,0.0,0.000172,0.000204,0.00304,0.00717,0.006956,0.007338,0.011758
561,0.0,0.000162,0.000205,0.002949,0.00715,0.006934,0.007354,0.011726
562,0.0,0.000163,0.000206,0.003049,0.007132,0.006978,0.007125,0.011599
563,0.0,0.000162,0.000211,0.003311,0.007102,0.007089,0.007074,0.011725
564,0.0,0.000162,0.000206,0.003359,0.007131,0.007003,0.007212,0.011757
565,0.0,0.000162,0.000206,0.003031,0.007075,0.007034,0.007195,0.011767
566,0.0,0.000163,0.000205,0.003282,0.007119,0.007111,0.007331,0.01177
567,0.0,0.000191,0.000207,0.003331,0.007071,0.007086,0.007244,0.011886
568,0.0,0.000168,0.000205,0.00301,0.007069,0.00701,0.007418,0.011843
569,0.0,0.000163,0.000206,0.003326,0.007081,0.007047,0.007054,0.011862
570,0.0,0.000161,0.000211,0.003069,0.007087,0.007082,0.00719,0.011884
571,0.0,0.000162,0.000206,0.003291,0.007086,0.007053,0.00722,0.011921
572,0.0,0.000163,0.000206,0.004185,0.007128,0.007078,0.007378,0.011916
573,0.0,0.000164,0.000207,0.003747,0.007064,0.007062,0.007423,0.011922
574,0.0,0.000162,0.000212,0.003311,0.007116,0.007049,0.007454,0.012027
575,0.0,0.000164,0.000213,0.003301,0.007193,0.007102,0.007333,0.011918
576,0.0,0.000163,0.000207,0.002937,0.007132,0.007256,0.007205,0.011906
577,0.0,0.000163,0.000207,0.003373,0.00719,0.00714,0.00727,0.01201
578,0.0,0.000162,0.000208,0.003277,0.007113,0.007312,0.007178,0.011876
579,0.0,0.000164,0.000207,0.003374,0.007116,0.007194,0.007284,0.011756
580,0.0,0.000162,0.000216,0.003095,0.007146,0.007214,0.007426,0.011836
581,0.0,0.000169,0.000221,0.003113,0.007093,0.007092,0.007219,0.011989
582,0.0,0.000163,0.000208,0.004465,0.00727,0.007213,0.007292,0.011807
583,0.0,0.000164,0.000215,0.00382,0.007302,0.007157,0.00731,0.011967
584,0.0,0.000162,0.000207,0.00334,0.007203,0.007127,0.007346,0.012003
585,0.0,0.000162,0.000208,0.003064,0.007308,0.007207,0.007336,0.012146
586,0.0,0.000164,0.000213,0.00305,0.007174,0.007297,0.007247,0.012147
587,0.0,0.000164,0.000209,0.003112,0.00722,0.007145,0.00737,0.01216
588,0.0,0.000163,0.000212,0.003943,0.007273,0.007163,0.007399,0.01223
589,0.0,0.000164,0.000208,0.003652,0.00726,0.007283,0.007426,0.012113
590,0.0,0.000163,0.00021,0.003155,0.007188,0.007214,0.007384,0.012225
591,0.0,0.000168,0.000225,0.003333,0.007194,0.007207,0.007435,0.012281
592,0.0,0.000163,0.000208,0.002929,0.007228,0.007274,0.007262,0.012214
593,0.0,0.000165,0.000208,0.003091,0.007254,0.007307,0.0073,0.012189
594,0.0,0.000164,0.000215,0.003391,0.007236,0.007296,0.00714,0.012257
595,0.0,0.000163,0.000209,0.00333,0.00736,0.007237,0.007294,0.012429
596,0.0,0.00017,0.00021,0.004422,0.007368,0.007318,0.007327,0.012301
597,0.0,0.000164,0.000209,0.003784,0.007316,0.007322,0.007271,0.012275
598,0.0,0.000165,0.000209,0.003339,0.007203,0.007251,0.00733,0.012306
599,0.0,0.000163,0.000216,0.003131,0.007262,0.00725,0.007312,0.0123
600,0.0,0.000164,0.000209,0.003033,0.007261,0.007275,0.007431,0.012271
601,0.0,0.000163,0.000209,0.003654,0.007286,0.007464,0.007439,0.012429
602,0.0,0.000163,0.000208,0.003436,0.007281,0.007326,0.007553,0.012333
603,0.0,0.000165,0.000215,0.00342,0.00726,0.007285,0.007385,0.012393
604,0.0,0.000163,0.000214,0.003341,0.007315,0.007314,0.007448,0.012325
605,0.0,0.000165,0.000211,0.003315,0.007372,0.007286,0.007629,0.012398
606,0.0,0.000164,0.000218,0.003414,0.007302,0.007416,0.0075,0.012377
607,0.0,0.000164,0.00021,0.003307,0.007429,0.007296,0.007773,0.012405
608,0.0,0.000163,0.000211,0.003399,0.007376,0.007374,0.007479,0.012348
609,0.0,0.000164,0.000223,0.003361,0.007437,0.007338,0.007502,0.012568
610,0.0,0.000164,0.000216,0.003351,0.007549,0.007283,0.007779,0.012422
611,0.0,0.000174,0.000211,0.003248,0.007544,0.007379,0.007553,0.012421
612,0.0,0.000166,0.000216,0.003492,0.007376,0.007371,0.007679,0.012583
613,0.0,0.000165,0.000212,0.003369,0.007503,0.007322,0.007664,0.012444
614,0.0,0.000165,0.000211,0.003263,0.007374,0.007384,0.007512,0.01247
615,0.0,0.000164,0.000217,0.003377,0.007379,0.007671,0.007606,0.0126
616,0.0,0.000171,0.00021,0.003353,0.007411,0.007461,0.007426,0.012525
617,0.0,0.000167,0.000211,0.003209,0.007374,0.007326,0.007357,0.012539
618,0.0,0.000165,0.00021,0.003351,0.007466,0.007418,0.007412,0.012594
619,0.0,0.00017,0.000212,0.003289,0.007444,0.007355,0.007496,0.012552
620,0.0,0.00017,0.000211,0.003352,0.007444,0.007594,0.007868,0.012531
621,0.0,0.000165,0.000211,0.003015,0.007441,0.00746,0.007459,0.012459
622,0.0,0.000165,0.000217,0.003311,0.007413,0.007509,0.007503,0.012653
623,0.0,0.000166,0.000218,0.003451,0.007457,0.007514,0.007536,0.012592
624,0.0,0.000166,0.000217,0.003297,0.007428,0.007526,0.007546,0.012581
625,0.0,0.000165,0.000213,0.003909,0.007456,0.007476,0.007592,0.012613
626,0.0,0.000165,0.000213,0.003048,0.007461,0.0075,0.007741,0.012674
627,0.0,0.000171,0.000218,0.003065,0.007461,0.007513,0.007569,0.012692
628,0.0,0.000165,0.000211,0.003071,0.007426,0.007435,0.007512,0.012633
629,0.0,0.000171,0.000213,0.003246,0.007464,0.007439,0.007576,0.012662
630,0.0,0.000175,0.000228,0.003312,0.007451,0.00757,0.007581,0.012632
631,0.0,0.000164,0.000212,0.003253,0.007465,0.007443,0.00756,0.012708
632,0.0,0.000165,0.000212,0.003195,0.007486,0.007501,0.007529,0.012795
633,0.0,0.000175,0.000212,0.003214,0.007508,0.007575,0.007619,0.0127
634,0.0,0.000165,0.000214,0.003419,0.007532,0.007442,0.007647,0.012848
635,0.0,0.000166,0.000219,0.003202,0.007579,0.007498,0.007585,0.012779
636,0.0,0.000166,0.000212,0.003126,0.007588,0.007708,0.007715,0.012832
637,0.0,0.000166,0.000214,0.003167,0.007751,0.007526,0.007828,0.012796
638,0.0,0.000171,0.000213,0.003217,0.007621,0.007759,0.007584,0.012775
639,0.0,0.000167,0.000214,0.003104,0.007867,0.00752,0.007796,0.012881
640,0.0,0.000165,0.00023,0.003231,0.007833,0.007655,0.007733,0.012799
641,0.0,0.00017,0.000216,0.003479,0.00763,0.007605,0.007804,0.012866
642,0.0,0.000166,0.000215,0.003333,0.007579,0.00746,0.007765,0.012906
643,0.0,0.000167,0.000216,0.004202,0.007601,0.007588,0.007708,0.012872
644,0.0,0.000172,0.00022,0.003846,0.007556,0.007652,0.007725,0.012791
645,0.0,0.000166,0.000215,0.003379,0.007731,0.007514,0.007649,0.012869
646,0.0,0.000166,0.000221,0.003694,0.00775,0.007497,0.007683,0.012932
647,0.0,0.000167,0.000215,0.003354,0.007757,0.007526,0.007708,0.012923
648,0.0,0.000166,0.000215,0.003398,0.007637,0.007665,0.007628,0.012926
649,0.0,0.000166,0.000221,0.004024,0.007568,0.007571,0.007717,0.012984
650,0.0,0.000165,0.000215,0.004143,0.007667,0.00754,0.007802,0.012937
651,0.0,0.000167,0.000216,0.003697,0.007652,0.007536,0.007802,0.012955
652,0.0,0.000176,0.000215,0.003123,0.007628,0.007573,0.007803,0.012981
653,0.0,0.000167,0.000221,0.003396,0.007712,0.00751,0.007727,0.013008
654,0.0,0.000171,0.00022,0.00327,0.007719,0.007649,0.00781,0.012969
655,0.0,0.000166,0.000216,0.003318,0.008014,0.007559,0.007894,0.013022
656,0.0,0.000166,0.000216,0.003315,0.007846,0.007605,0.007643,0.013127
657,0.0,0.000167,0.000222,0.003484,0.007815,0.00761,0.007967,0.01302
658,0.0,0.000166,0.000216,0.003404,0.008005,0.007606,0.0078,0.013038
659,0.0,0.000167,0.000216,0.003399,0.007673,0.00777,0.007594,0.013045
660,0.0,0.000166,0.000221,0.003224,0.007704,0.007593,0.00775,0.013256
661,0.0,0.00018,0.000216,0.003433,0.007655,0.007628,0.00775,0.013096
662,0.0,0.000168,0.000227,0.003592,0.007663,0.007738,0.007699,0.013022
663,0.0,0.000168,0.000216,0.003217,0.007784,0.007658,0.007804,0.013216
664,0.0,0.000167,0.000216,0.003255,0.007682,0.007794,0.007801,0.013161
665,0.0,0.000168,0.000217,0.003345,0.007681,0.007796,0.007962,0.013172
666,0.0,0.000166,0.000221,0.00347,0.007683,0.007705,0.007825,0.013208
667,0.0,0.000169,0.000217,0.003285,0.007708,0.007707,0.007823,0.013205
668,0.0,0.000167,0.000216,0.003552,0.007698,0.007626,0.007691,0.013172
669,0.0,0.000167,0.000218,0.003333,0.007864,0.007822,0.00794,0.013176
670,0.0,0.000166,0.000216,0.003446,0.007707,0.007757,0.007744,0.013241
671,0.0,0.000169,0.000223,0.003315,0.007718,0.007791,0.007745,0.013341
672,0.0,0.000167,0.000217,0.00462,0.007738,0.00771,0.007828,0.013262
673,0.0,0.000173,0.000218,0.003869,0.007753,0.007771,0.007849,0.013234
674,0.0,0.000169,0.000222,0.003148,0.007775,0.007781,0.007872,0.013412
675,0.0,0.000168,0.000217,0.003188,0.007869,0.007767,0.00796,0.013461
676,0.0,0.000166,0.000217,0.004336,0.007767,0.007954,0.008164,0.013286
677,0.0,0.000169,0.000224,0.004032,0.007822,0.007849,0.008233,0.013308
678,0.0,0.000195,0.000216,0.003298,0.007948,0.007773,0.008099,0.013315
679,0.0,0.000168,0.000223,0.003629,0.007889,0.007831,0.007891,0.013297
680,0.0,0.000168,0.000224,0.003267,0.007945,0.007888,0.00811,0.013289
681,0.0,0.000175,0.000223,0.003253,0.007765,0.00775,0.00794,0.013392
682,0.0,0.000168,0.000221,0.003373,0.007835,0.007763,0.008076,0.0135
683,0.0,0.00017,0.000224,0.003407,0.007913,0.007776,0.008234,0.013346
684,0.0,0.000169,0.000219,0.003521,0.007914,0.007804,0.008031,0.013391
685,0.0,0.000168,0.000219,0.00327,0.007979,0.007819,0.00819,0.013406
686,0.0,0.000169,0.000218,0.00316,0.007922,0.00783,0.008178,0.013399
687,0.0,0.000169,0.00022,0.003188,0.007885,0.007859,0.008053,0.013548
688,0.0,0.000168,0.00022,0.003317,0.00804,0.007945,0.00804,0.013526
689,0.0,0.000167,0.000224,0.003295,0.007914,0.008075,0.008108,0.013365
690,0.0,0.000168,0.000219,0.003219,0.00798,0.008297,0.008071,0.013271
691,0.0,0.000168,0.000219,0.003349,0.007987,0.007944,0.008005,0.013292
692,0.0,0.00017,0.000219,0.003236,0.007952,0.007921,0.008324,0.013331
693,0.0,0.00017,0.000219,0.003381,0.008089,0.007991,0.008111,0.013345
694,0.0,0.000169,0.000219,0.003444,0.00797,0.008076,0.008127,0.013321
695,0.0,0.000168,0.000226,0.004207,0.007979,0.008019,0.008126,0.01332
696,0.0,0.000169,0.00022,0.003652,0.008175,0.007931,0.008068,0.013393
697,0.0,0.00017,0.00022,0.003286,0.008124,0.007916,0.008067,0.013408
698,0.0,0.000169,0.000219,0.003287,0.00817,0.008137,0.008274,0.013381
699,0.0,0.00017,0.00022,0.003119,0.008018,0.008087,0.008066,0.014021
700,0.0,0.000173,0.000226,0.003083,0.008157,0.007917,0.008299,0.013825
701,0.0,0.000168,0.000229,0.00315,0.008031,0.00812,0.008057,0.013885
702,0.0,0.00017,0.000235,0.003133,0.008019,0.007947,0.008144,0.01375
703,0.0,0.000169,0.000222,0.00317,0.007919,0.008154,0.00803,0.013759
704,0.0,0.000169,0.000227,0.00308,0.007996,0.008034,0.008175,0.013653
705,0.0,0.000169,0.000221,0.003125,0.008049,0.008027,0.008127,0.013753
706,0.0,0.000174,0.000235,0.003167,0.007912,0.008088,0.008042,0.013755
707,0.0,0.00017,0.000227,0.003075,0.007947,0.008229,0.008236,0.014031
708,0.0,0.00018,0.000221,0.003182,0.008253,0.00805,0.008104,0.013689
709,0.0,0.00017,0.000221,0.003346,0.008004,0.008139,0.008033,0.013779
710,0.0,0.00017,0.000222,0.003332,0.008012,0.008094,0.008046,0.013701
711,0.0,0.000169,0.000222,0.003291,0.008246,0.008272,0.008119,0.013778
712,0.0,0.000175,0.000222,0.003322,0.00814,0.00824,0.008203,0.013795
713,0.0,0.00018,0.000221,0.003368,0.00806,0.008141,0.008203,0.013799
714,0.0,0.000176,0.000221,0.003357,0.008068,0.008157,0.008265,0.013742
715,0.0,0.000174,0.000222,0.003346,0.008067,0.007971,0.008208,0.013811
716,0.0,0.00017,0.000227,0.003315,0.008042,0.008237,0.008269,0.014025
717,0.0,0.000181,0.000224,0.003327,0.007998,0.008098,0.008162,0.014132
718,0.0,0.000172,0.000222,0.004335,0.008071,0.008131,0.008422,0.013935
719,0.0,0.000171,0.000223,0.003487,0.008032,0.008111,0.008412,0.013934
720,0.0,0.000171,0.000222,0.003322,0.008077,0.008169,0.008308,0.014069
721,0.0,0.00017,0.000223,0.003382,0.008187,0.008136,0.008527,0.013884
722,0.0,0.000171,0.000222,0.003445,0.008069,0.008166,0.008228,0.014006
723,0.0,0.00017,0.000222,0.003533,0.00808,0.008148,0.00824,0.01395
724,0.0,0.000172,0.000221,0.003357,0.008098,0.00817,0.00814,0.013942
725,0.0,0.000187,0.000223,0.003424,0.008106,0.008322,0.008122,0.013907
726,0.0,0.000171,0.000222,0.003472,0.008075,0.008164,0.00822,0.01428
727,0.0,0.000171,0.000223,0.003541,0.008145,0.008492,0.0082,0.013964
728,0.0,0.000175,0.000223,0.003634,0.00829,0.008383,0.008093,0.013911
729,0.0,0.000171,0.000224,0.003564,0.00819,0.008224,0.008356,0.01395
730,0.0,0.00017,0.000223,0.003574,0.008201,0.008097,0.008277,0.013997
731,0.0,0.000176,0.000224,0.003392,0.008475,0.008177,0.008536,0.014177
732,0.0,0.000177,0.000224,0.003362,0.008305,0.008141,0.008475,0.013996
733,0.0,0.00017,0.000224,0.003391,0.008167,0.008061,0.00862,0.014035
734,0.0,0.000181,0.000224,0.00346,0.008249,0.008072,0.008374,0.014215
735,0.0,0.000177,0.000241,0.003463,0.008373,0.008159,0.00844,0.014112
736,0.0,0.00017,0.000225,0.00348,0.008268,0.008148,0.008231,0.014086
737,0.0,0.000173,0.000224,0.003481,0.008125,0.008138,0.008214,0.014218
738,0.0,0.000179,0.000223,0.003505,0.008445,0.008134,0.008325,0.014133
739,0.0,0.000171,0.000224,0.003676,0.008321,0.008417,0.008567,0.014239
740,0.0,0.000176,0.000225,0.00352,0.008201,0.008278,0.008396,0.014161
741,0.0,0.000171,0.000225,0.003616,0.008422,0.008326,0.00851,0.014157
742,0.0,0.000171,0.000224,0.003759,0.008338,0.008288,0.008396,0.014255
743,0.0,0.000172,0.000226,0.003486,0.008234,0.008219,0.008369,0.014405
744,0.0,0.00017,0.000225,0.003595,0.008291,0.008225,0.008389,0.014229
745,0.0,0.000171,0.00023,0.003665,0.008162,0.008276,0.008404,0.014177
746,0.0,0.000171,0.000225,0.003795,0.008229,0.008248,0.008498,0.01423
747,0.0,0.000171,0.000226,0.003542,0.008252,0.008259,0.008387,0.014404
748,0.0,0.00018,0.000226,0.003552,0.008232,0.008278,0.008127,0.014239
749,0.0,0.00017,0.000226,0.003632,0.008309,0.008371,0.008435,0.014253
750,0.0,0.000172,0.000226,0.003562,0.008235,0.008435,0.008349,0.014305
751,0.0,0.000172,0.000226,0.003768,0.008201,0.008277,0.008206,0.014307
752,0.0,0.000179,0.000226,0.003636,0.008352,0.008283,0.008486,0.014296
753,0.0,0.000173,0.000226,0.003776,0.008271,0.008286,0.008447,0.014447
754,0.0,0.000172,0.000226,0.003642,0.008245,0.008283,0.008359,0.014285
755,0.0,0.000171,0.000226,0.003819,0.008283,0.008284,0.008286,0.01435
756,0.0,0.000173,0.000232,0.003692,0.008466,0.0083,0.008368,0.014321
757,0.0,0.000173,0.000227,0.003615,0.008236,0.008391,0.008257,0.014481
758,0.0,0.000172,0.000226,0.004745,0.008401,0.008348,0.008519,0.01436
759,0.0,0.000172,0.000227,0.003685,0.008273,0.008347,0.008415,0.014419
760,0.0,0.000171,0.000225,0.00362,0.008526,0.008324,0.008409,0.014446
761,0.0,0.000172,0.000227,0.004005,0.00828,0.008439,0.008567,0.014461
762,0.0,0.000173,0.000226,0.003652,0.00836,0.008394,0.008377,0.01442
763,0.0,0.000172,0.000233,0.003648,0.008347,0.008452,0.008656,0.014442
764,0.0,0.000172,0.000227,0.003622,0.008367,0.008516,0.008423,0.014491
765,0.0,0.000172,0.000227,0.003707,0.008321,0.008425,0.008547,0.014581
766,0.0,0.000174,0.000227,0.003653,0.008331,0.008453,0.00831,0.014725
767,0.0,0.000179,0.000228,0.003674,0.008362,0.008618,0.00832,0.014559
768,0.0,0.000181,0.000233,0.003682,0.008402,0.008416,0.008407,0.014663
769,0.0,0.000173,0.000234,0.003681,0.008392,0.008402,0.008492,0.014557
770,0.0,0.000173,0.000232,0.003704,0.008352,0.008625,0.008481,0.014724
771,0.0,0.000172,0.000229,0.003905,0.008534,0.008577,0.008495,0.014608
772,0.0,0.000184,0.000228,0.003652,0.008378,0.008514,0.008467,0.014675
773,0.0,0.000174,0.000229,0.003731,0.008489,0.008424,0.008535,0.014673
774,0.0,0.000178,0.000229,0.003652,0.008406,0.008403,0.008627,0.014615
775,0.0,0.000178,0.000229,0.003689,0.008531,0.008398,0.008371,0.014742
776,0.0,0.000173,0.000233,0.003554,0.008391,0.00845,0.008324,0.014702
777,0.0,0.000185,0.000232,0.003818,0.008384,0.008487,0.008373,0.014663
778,0.0,0.000173,0.000229,0.003621,0.00858,0.00857,0.008598,0.014721
779,0.0,0.000174,0.000229,0.003615,0.008681,0.008431,0.008574,0.014643
780,0.0,0.000173,0.00023,0.003673,0.008484,0.008471,0.008496,0.014811
781,0.0,0.000174,0.000235,0.003622,0.008478,0.008577,0.008533,0.014735
782,0.0,0.000174,0.000228,0.003699,0.008524,0.00859,0.008679,0.014655
783,0.0,0.000173,0.000228,0.003635,0.008511,0.008601,0.008686,0.014768
784,0.0,0.000175,0.000228,0.003712,0.008529,0.008651,0.008476,0.014806
785,0.0,0.000173,0.00023,0.003679,0.00851,0.008575,0.008494,0.014757
786,0.0,0.000174,0.00023,0.003672,0.008667,0.008677,0.008633,0.014787
787,0.0,0.000174,0.00023,0.003665,0.008558,0.008635,0.008814,0.014807
788,0.0,0.000174,0.000229,0.003702,0.008622,0.008745,0.008801,0.014764
789,0.0,0.000175,0.00023,0.003744,0.008586,0.008986,0.008674,0.01492
790,0.0,0.000174,0.000231,0.003657,0.008623,0.008694,0.008711,0.014845
791,0.0,0.000174,0.00023,0.003593,0.008898,0.008776,0.008762,0.014907
792,0.0,0.000175,0.000229,0.003578,0.008681,0.008651,0.008792,0.014902
793,0.0,0.000173,0.000233,0.003602,0.008709,0.008715,0.0088,0.01516
794,0.0,0.00018,0.00023,0.003665,0.008787,0.008717,0.008722,0.014924
795,0.0,0.000174,0.000239,0.003673,0.008658,0.008878,0.008734,0.015072
796,0.0,0.000174,0.000231,0.003682,0.008626,0.008619,0.008731,0.014999
797,0.0,0.000175,0.000237,0.003733,0.008708,0.008788,0.008936,0.015062
798,0.0,0.000181,0.00023,0.004857,0.008733,0.008551,0.008741,0.015029
799,0.0,0.000174,0.000231,0.003701,0.008787,0.008716,0.008884,0.015015
800,0.0,0.000174,0.000235,0.003868,0.00866,0.008762,0.008656,0.015013
801,0.0,0.000174,0.000237,0.00377,0.008766,0.008689,0.008805,0.015107
802,0.0,0.000175,0.000237,0.003723,0.008682,0.008774,0.008718,0.014979
803,0.0,0.000176,0.000232,0.003837,0.008687,0.008783,0.008732,0.015043
804,0.0,0.000174,0.000232,0.003751,0.008622,0.008733,0.008747,0.015059
805,0.0,0.000174,0.000233,0.00373,0.008654,0.008759,0.008738,0.015153
806,0.0,0.000175,0.000233,0.00375,0.008721,0.008888,0.008736,0.015103
807,0.0,0.000175,0.000233,0.003732,0.008823,0.008724,0.00867,0.015089
808,0.0,0.00018,0.000237,0.003756,0.008608,0.008685,0.008608,0.015068
809,0.0,0.000175,0.000232,0.003511,0.00865,0.00891,0.008675,0.015237
810,0.0,0.000181,0.000237,0.003565,0.008799,0.008783,0.008655,0.015146
811,0.0,0.000175,0.000232,0.003545,0.008624,0.00875,0.008616,0.015157
812,0.0,0.000177,0.000235,0.003531,0.008737,0.008751,0.008596,0.015147
813,0.0,0.000176,0.000232,0.00356,0.00883,0.008756,0.008833,0.015184
814,0.0,0.000177,0.000232,0.003531,0.008785,0.008772,0.008836,0.015258
815,0.0,0.000175,0.000233,0.004653,0.008843,0.008816,0.008861,0.015186
816,0.0,0.000181,0.000232,0.003557,0.008806,0.009007,0.008875,0.015176
817,0.0,0.000176,0.000233,0.003791,0.008936,0.008737,0.008956,0.015176
818,0.0,0.000176,0.000233,0.003883,0.008793,0.008784,0.00907,0.015354
819,0.0,0.000176,0.000233,0.003576,0.008856,0.008778,0.008968,0.015205
820,0.0,0.000174,0.000233,0.003627,0.009041,0.008794,0.008887,0.015235
821,0.0,0.00019,0.000234,0.003695,0.00894,0.00879,0.008916,0.015213
822,0.0,0.000175,0.000233,0.003718,0.008907,0.008956,0.008898,0.01528
823,0.0,0.000177,0.000234,0.003623,0.008985,0.008803,0.009023,0.015335
824,0.0,0.000176,0.000232,0.003671,0.008907,0.008877,0.009022,0.015321
825,0.0,0.000176,0.000235,0.003631,0.008923,0.008884,0.008982,0.01563
826,0.0,0.000175,0.000233,0.003589,0.008832,0.008891,0.008821,0.015408
827,0.0,0.000177,0.000238,0.003627,0.008949,0.008972,0.00902,0.015439
828,0.0,0.000176,0.000238,0.003748,0.008846,0.008867,0.008865,0.015368
829,0.0,0.000175,0.000234,0.003652,0.009183,0.009051,0.009233,0.015549
830,0.0,0.000175,0.000235,0.003635,0.00895,0.008924,0.00903,0.015642
831,0.0,0.000182,0.000235,0.00376,0.009204,0.008913,0.009065,0.015448
832,0.0,0.000187,0.000241,0.003665,0.008928,0.008928,0.008956,0.015455
833,0.0,0.000187,0.00024,0.003619,0.008974,0.009106,0.009136,0.015465
834,0.0,0.000175,0.000234,0.003645,0.009038,0.009004,0.008969,0.015489
835,0.0,0.000176,0.000235,0.003654,0.009031,0.008851,0.009133,0.015477
836,0.0,0.000177,0.000235,0.004726,0.009,0.008994,0.009015,0.01577
837,0.0,0.000181,0.000242,0.003803,0.009054,0.008942,0.009096,0.015566
838,0.0,0.000177,0.000234,0.003645,0.009236,0.009123,0.009214,0.015476
839,0.0,0.000177,0.000237,0.003658,0.009016,0.009022,0.00893,0.01552
840,0.0,0.000181,0.000235,0.003657,0.009079,0.008988,0.009177,0.015543
841,0.0,0.000176,0.000236,0.00378,0.009045,0.00899,0.008859,0.015561
842,0.0,0.000177,0.000235,0.003679,0.008828,0.009057,0.009029,0.015567
843,0.0,0.000185,0.000235,0.003774,0.008808,0.009046,0.008815,0.015685
844,0.0,0.000193,0.000251,0.003694,0.008832,0.009141,0.008759,0.015552
845,0.0,0.000177,0.000237,0.003775,0.008846,0.009092,0.008855,0.015728
846,0.0,0.000177,0.000252,0.003685,0.008867,0.009204,0.008913,0.01585
847,0.0,0.000177,0.000237,0.00368,0.008932,0.00912,0.009026,0.01598
848,0.0,0.000177,0.000252,0.003637,0.009033,0.009048,0.008965,0.015648
849,0.0,0.000184,0.000243,0.003608,0.009007,0.009013,0.008909,0.015661
850,0.0,0.000183,0.000237,0.003572,0.009074,0.009188,0.008866,0.015718
851,0.0,0.000178,0.000236,0.003642,0.009055,0.009109,0.009081,0.015604
852,0.0,0.000178,0.000237,0.004346,0.009071,0.009114,0.009381,0.015729
853,0.0,0.000177,0.000242,0.00456,0.009064,0.009194,0.009285,0.015678
854,0.0,0.000184,0.000237,0.003609,0.009063,0.009174,0.0092,0.015797
855,0.0,0.000177,0.000236,0.003614,0.009037,0.009107,0.009341,0.015762
856,0.0,0.000183,0.000242,0.003612,0.009072,0.009096,0.009371,0.015805
857,0.0,0.000185,0.000241,0.003844,0.009069,0.009209,0.009191,0.015774
858,0.0,0.000176,0.000237,0.003859,0.009093,0.009127,0.009165,0.015864
859,0.0,0.000177,0.000242,0.003793,0.00934,0.009171,0.009123,0.015807
860,0.0,0.000177,0.000236,0.003845,0.008999,0.009121,0.009229,0.015797
861,0.0,0.000179,0.000239,0.003871,0.009124,0.009099,0.009098,0.015848
862,0.0,0.000178,0.000238,0.00393,0.009152,0.009025,0.009312,0.015738
863,0.0,0.000179,0.000244,0.003951,0.009116,0.009136,0.009241,0.015857
864,0.0,0.000178,0.000236,0.003902,0.009144,0.009119,0.009324,0.015913
865,0.0,0.000178,0.000239,0.003836,0.009087,0.009141,0.009023,0.016025
866,0.0,0.00018,0.000243,0.003799,0.009127,0.009128,0.009153,0.015916
867,0.0,0.000178,0.000238,0.003768,0.009205,0.009159,0.00925,0.01604
868,0.0,0.000199,0.000238,0.003853,0.009094,0.009183,0.009139,0.015903
869,0.0,0.000178,0.000239,0.003931,0.009222,0.009239,0.009514,0.015962
870,0.0,0.000185,0.000237,0.003801,0.009203,0.009292,0.009274,0.016015
871,0.0,0.000179,0.000243,0.003918,0.009328,0.009231,0.00941,0.015992
872,0.0,0.000185,0.000239,0.003982,0.00945,0.009355,0.009318,0.016125
873,0.0,0.000189,0.000238,0.004078,0.009346,0.00922,0.009301,0.016059
874,0.0,0.000185,0.000244,0.003858,0.009248,0.009367,0.009385,0.015988
875,0.0,0.00018,0.00024,0.003959,0.009227,0.009152,0.009358,0.015965
876,0.0,0.000185,0.00024,0.003938,0.009269,0.009224,0.009617,0.016004
877,0.0,0.00018,0.00024,0.003862,0.009255,0.009272,0.009336,0.016131
878,0.0,0.000179,0.00024,0.004032,0.009279,0.009206,0.009452,0.016743
879,0.0,0.000179,0.000246,0.003884,0.009314,0.00917,0.009456,0.016667
880,0.0,0.000179,0.00024,0.004013,0.009782,0.009264,0.009498,0.016361
881,0.0,0.000178,0.00024,0.003868,0.009296,0.009286,0.009475,0.016304
882,0.0,0.00018,0.000239,0.004013,0.009325,0.00927,0.009579,0.016853
883,0.0,0.000179,0.000247,0.00397,0.009293,0.009441,0.009381,0.016403
884,0.0,0.00018,0.000239,0.003823,0.009311,0.009165,0.009635,0.016344
885,0.0,0.000185,0.000241,0.003972,0.009227,0.00929,0.009513,0.01634
886,0.0,0.000185,0.000245,0.003799,0.009452,0.009344,0.009761,0.016402
887,0.0,0.000181,0.000247,0.004691,0.009611,0.009218,0.009644,0.016304
888,0.0,0.00019,0.000241,0.003889,0.00955,0.00922,0.009564,0.016371
889,0.0,0.000179,0.000243,0.004707,0.00951,0.009251,0.00969,0.016461
890,0.0,0.00018,0.000241,0.004881,0.009493,0.009443,0.009683,0.016516
891,0.0,0.000179,0.000242,0.003893,0.009443,0.009323,0.009582,0.01641
892,0.0,0.000185,0.00024,0.003857,0.009411,0.009319,0.009453,0.01637
893,0.0,0.00018,0.000241,0.003877,0.009332,0.009301,0.00971,0.016394
894,0.0,0.00018,0.000241,0.003996,0.009536,0.009339,0.009893,0.016449
895,0.0,0.000179,0.000242,0.00391,0.009331,0.009339,0.009388,0.016476
896,0.0,0.00019,0.000257,0.003877,0.009471,0.00937,0.009616,0.016412
897,0.0,0.000181,0.000247,0.003916,0.009514,0.009328,0.009858,0.01651
898,0.0,0.000186,0.000242,0.00388,0.00976,0.009338,0.009782,0.016525
899,0.0,0.000182,0.000242,0.003902,0.009583,0.009321,0.009678,0.016741
900,0.0,0.000179,0.000241,0.003995,0.009527,0.009325,0.009533,0.016638
901,0.0,0.00018,0.000242,0.003973,0.009569,0.009334,0.009869,0.01654
902,0.0,0.000185,0.000248,0.003919,0.00961,0.009356,0.009649,0.016575
903,0.0,0.00018,0.000248,0.00388,0.009417,0.009383,0.00957,0.016562
904,0.0,0.00018,0.000247,0.004069,0.009373,0.009624,0.009472,0.016763
905,0.0,0.000182,0.000243,0.003878,0.00968,0.009514,0.00984,0.016671
906,0.0,0.00018,0.000242,0.00392,0.009607,0.009529,0.009893,0.016591
907,0.0,0.00018,0.000243,0.003907,0.009617,0.009513,0.009704,0.016699
908,0.0,0.000186,0.000243,0.003971,0.009471,0.009386,0.009689,0.016781
909,0.0,0.00018,0.000244,0.003955,0.009521,0.009429,0.009929,0.016854
910,0.0,0.00018,0.000242,0.005004,0.009579,0.009592,0.009941,0.0167
911,0.0,0.000186,0.000248,0.005071,0.00952,0.00955,0.009618,0.016674
912,0.0,0.00018,0.000243,0.004099,0.009516,0.009336,0.009568,0.016853
913,0.0,0.000181,0.00025,0.003941,0.009473,0.009546,0.009771,0.016797
914,0.0,0.000181,0.000248,0.003953,0.009647,0.009434,0.009714,0.016862
915,0.0,0.000186,0.00026,0.003869,0.009631,0.009457,0.009862,0.016838
916,0.0,0.000182,0.000243,0.004071,0.009656,0.009371,0.009745,0.016829
917,0.0,0.000188,0.000244,0.004053,0.009565,0.009382,0.009938,0.016888
918,0.0,0.000182,0.000244,0.003888,0.009646,0.009676,0.010041,0.016922
919,0.0,0.000181,0.000243,0.003889,0.009589,0.009696,0.009882,0.01692
920,0.0,0.00018,0.000244,0.003927,0.009672,0.009491,0.010031,0.016809
921,0.0,0.000181,0.000245,0.003845,0.009555,0.009466,0.009962,0.016933
922,0.0,0.000182,0.000242,0.00389,0.009757,0.009449,0.009795,0.016877
923,0.0,0.000181,0.000248,0.003896,0.009721,0.009477,0.009847,0.016927
924,0.0,0.000181,0.000245,0.003942,0.009693,0.009629,0.009788,0.01695
925,0.0,0.000182,0.000245,0.003903,0.009656,0.009525,0.009959,0.016861
926,0.0,0.000181,0.000245,0.003894,0.009717,0.009811,0.010158,0.01686
927,0.0,0.000182,0.000245,0.004729,0.009658,0.009476,0.009792,0.016929
928,0.0,0.000181,0.000244,0.003996,0.009469,0.009478,0.009566,0.016952
929,0.0,0.000181,0.000245,0.003965,0.009701,0.00963,0.009897,0.017084
930,0.0,0.000187,0.00025,0.003827,0.009676,0.00971,0.009928,0.016959
931,0.0,0.000181,0.000246,0.003818,0.009663,0.009675,0.009777,0.016832
932,0.0,0.000183,0.000244,0.003983,0.010199,0.009666,0.01013,0.016956
933,0.0,0.000182,0.000244,0.00384,0.00985,0.009631,0.009988,0.017035
934,0.0,0.000181,0.00025,0.003864,0.009861,0.009772,0.010101,0.017031
935,0.0,0.000182,0.000247,0.004041,0.010058,0.009708,0.010157,0.017092
936,0.0,0.000181,0.000244,0.003926,0.009837,0.009624,0.010112,0.016987
937,0.0,0.000183,0.000246,0.003966,0.009913,0.009856,0.010147,0.01713
938,0.0,0.000182,0.000245,0.003883,0.009902,0.009651,0.010064,0.017041
939,0.0,0.000181,0.000251,0.003882,0.009744,0.009655,0.009928,0.017154
940,0.0,0.000181,0.000246,0.003845,0.009786,0.009677,0.01012,0.017087
941,0.0,0.000187,0.00025,0.003839,0.009829,0.009739,0.009936,0.017006
942,0.0,0.000183,0.000251,0.003855,0.009848,0.009689,0.009867,0.017125
943,0.0,0.000183,0.000248,0.003858,0.009847,0.009731,0.009995,0.017198
944,0.0,0.000182,0.000247,0.003919,0.010003,0.009927,0.010096,0.017216
945,0.0,0.000189,0.000262,0.003963,0.009932,0.009599,0.009945,0.017278
946,0.0,0.000181,0.000247,0.003935,0.01013,0.009642,0.009938,0.017161
947,0.0,0.000182,0.000247,0.003906,0.009906,0.009638,0.010091,0.017208
948,0.0,0.000182,0.000247,0.004024,0.009816,0.009642,0.010113,0.017063
949,0.0,0.000188,0.000247,0.003982,0.009937,0.009691,0.010253,0.017178
950,0.0,0.000188,0.000248,0.00397,0.009567,0.009712,0.009658,0.017224
951,0.0,0.000184,0.000247,0.003983,0.009738,0.009904,0.010027,0.017292
952,0.0,0.000183,0.000246,0.004074,0.010011,0.009878,0.010349,0.017279
953,0.0,0.000183,0.000254,0.003948,0.010167,0.009875,0.010211,0.01726
954,0.0,0.000182,0.000246,0.004646,0.010075,0.009732,0.010079,0.017214
955,0.0,0.000192,0.000247,0.004,0.009984,0.010012,0.010043,0.017273
956,0.0,0.000183,0.000261,0.003983,0.010069,0.009756,0.010213,0.017395
957,0.0,0.000183,0.000248,0.003949,0.010115,0.009706,0.010131,0.017593
958,0.0,0.000199,0.000247,0.003963,0.010072,0.009819,0.010273,0.017396
959,0.0,0.000183,0.000249,0.003998,0.01009,0.009896,0.010306,0.017477
960,0.0,0.000183,0.000246,0.004133,0.010165,0.009857,0.010231,0.017468
961,0.0,0.000183,0.000247,0.00398,0.010111,0.010103,0.010262,0.017443
962,0.0,0.00019,0.000248,0.004027,0.010146,0.009992,0.010258,0.017743
963,0.0,0.000189,0.000247,0.003972,0.010332,0.01021,0.01041,0.01747
964,0.0,0.000182,0.000253,0.003989,0.010038,0.010055,0.010195,0.017545
965,0.0,0.000183,0.000248,0.004001,0.009993,0.010219,0.010377,0.017542
966,0.0,0.000183,0.000247,0.003989,0.010084,0.009898,0.01027,0.017504
967,0.0,0.000183,0.000249,0.004197,0.010076,0.009921,0.010392,0.017465
968,0.0,0.000184,0.000248,0.004037,0.010104,0.009923,0.010305,0.017619
969,0.0,0.000184,0.000254,0.004,0.009967,0.009936,0.010409,0.017762
970,0.0,0.000184,0.000248,0.003972,0.010095,0.010008,0.010455,0.017755
971,0.0,0.000184,0.00025,0.004012,0.010064,0.010049,0.010219,0.017621
972,0.0,0.000184,0.000249,0.003977,0.009949,0.010257,0.009991,0.017705
973,0.0,0.000184,0.000256,0.004072,0.010112,0.010067,0.009906,0.017678
974,0.0,0.000211,0.000249,0.004022,0.010087,0.010189,0.009995,0.017563
975,0.0,0.000183,0.00025,0.004025,0.010095,0.010085,0.010028,0.017852
976,0.0,0.000184,0.000249,0.004001,0.009893,0.010026,0.009929,0.017718
977,0.0,0.000185,0.000249,0.004034,0.009946,0.010202,0.009973,0.017552
978,0.0,0.000184,0.000249,0.004015,0.01,0.010082,0.010063,0.017702
979,0.0,0.000184,0.00025,0.004056,0.009879,0.010161,0.010123,0.017636
980,0.0,0.000184,0.000254,0.004698,0.009959,0.010366,0.010044,0.017731
981,0.0,0.000184,0.000251,0.004123,0.009926,0.010175,0.010216,0.017775
982,0.0,0.000184,0.00025,0.004055,0.010131,0.010203,0.010102,0.018284
983,0.0,0.000183,0.000251,0.004038,0.009891,0.010086,0.009893,0.017691
984,0.0,0.000185,0.00025,0.004032,0.009958,0.010135,0.009925,0.017901
985,0.0,0.000185,0.00025,0.004033,0.010016,0.010348,0.010021,0.017654
986,0.0,0.000184,0.000251,0.004883,0.009945,0.010146,0.010142,0.01772
987,0.0,0.000185,0.000252,0.004091,0.010496,0.010013,0.010113,0.017752
988,0.0,0.000189,0.000251,0.004111,0.009923,0.010017,0.010198,0.017694
989,0.0,0.000186,0.000251,0.004149,0.009938,0.010113,0.009947,0.017871
990,0.0,0.000184,0.000251,0.004129,0.009967,0.010075,0.009843,0.017928
991,0.0,0.000184,0.000252,0.004142,0.010086,0.01023,0.010285,0.017852
992,0.0,0.000185,0.000252,0.004127,0.010104,0.010259,0.010445,0.017836
993,0.0,0.000184,0.000251,0.004809,0.010057,0.010252,0.010101,0.017812
994,0.0,0.000185,0.000256,0.004007,0.010081,0.010311,0.010302,0.017894
995,0.0,0.000186,0.000252,0.004025,0.010229,0.010256,0.010342,0.017874
996,0.0,0.000185,0.000253,0.004014,0.010074,0.010186,0.010253,0.017864
997,0.0,0.000186,0.000252,0.004082,0.010153,0.010266,0.010483,0.01803
998,0.0,0.000192,0.000258,0.004236,0.010279,0.010328,0.01068,0.018021
999,0.0,0.000185,0.000253,0.004035,0.010285,0.010421,0.010377,0.018258
1000,0.0,0.000185,0.000251,0.004048,0.010275,0.010225,0.010287,0.018075
1001,0.0,0.000186,0.000252,0.004104,0.010022,0.010198,0.010237,0.017963
1002,0.0,0.000185,0.000251,0.004038,0.010202,0.010193,0.01048,0.018097
1003,0.0,0.000186,0.000269,0.004058,0.010166,0.010167,0.010431,0.018091
1004,0.0,0.000186,0.000252,0.004066,0.010131,0.010308,0.010515,0.018041
1005,0.0,0.000185,0.000251,0.004082,0.010249,0.010235,0.010611,0.01827
1006,0.0,0.000184,0.000251,0.004035,0.010261,0.01025,0.010661,0.017985
1007,0.0,0.000186,0.000252,0.004069,0.010131,0.010241,0.010459,0.018089
1008,0.0,0.000185,0.000257,0.004143,0.010472,0.010236,0.010567,0.018023
1009,0.0,0.000191,0.000257,0.004062,0.010117,0.010227,0.010447,0.017993
1010,0.0,0.000185,0.00025,0.004593,0.010264,0.010584,0.010632,0.01791
1011,0.0,0.000184,0.000257,0.004055,0.010223,0.010336,0.010597,0.018021
1012,0.0,0.000185,0.000251,0.004029,0.010179,0.010245,0.010372,0.018017
1013,0.0,0.000189,0.000255,0.004057,0.010133,0.010209,0.010407,0.018138
1014,0.0,0.000185,0.000256,0.004634,0.010249,0.010412,0.010613,0.018175
1015,0.0,0.000204,0.000252,0.004065,0.010217,0.010196,0.010709,0.018073
1016,0.0,0.000185,0.000251,0.00404,0.010281,0.010268,0.010588,0.018169
1017,0.0,0.000185,0.000252,0.004075,0.010276,0.010033,0.010586,0.018158
1018,0.0,0.000185,0.000253,0.004093,0.010161,0.010265,0.010469,0.018098
1019,0.0,0.000186,0.000252,0.004044,0.010143,0.010285,0.010488,0.018034
1020,0.0,0.000186,0.000251,0.004192,0.010159,0.010163,0.010363,0.018197
1021,0.0,0.000185,0.000251,0.004066,0.010077,0.010182,0.010279,0.018224
1022,0.0,0.000185,0.000252,0.004121,0.010074,0.010145,0.010271,0.018292
1023,0.0,0.000191,0.000252,0.004082,0.010173,0.010213,0.010415,0.018093
1024,0.0,0.000185,0.000251,0.004095,0.010303,0.010235,0.010819,0.018091
1025,0.0,0.000187,0.000257,0.004111,0.010277,0.010486,0.010452,0.018065
1026,0.0,0.00019,0.000252,0.004052,0.010278,0.010237,0.010657,0.018147
1027,0.0,0.000193,0.000259,0.004545,0.010107,0.010237,0.01048,0.018039
1028,0.0,0.000185,0.000255,0.004032,0.010277,0.010341,0.0107,0.018175
1029,0.0,0.000185,0.000257,0.004042,0.010286,0.010335,0.010606,0.01827
1030,0.0,0.000184,0.000257,0.004247,0.01018,0.010234,0.010521,0.018124
1031,0.0,0.000185,0.000252,0.004026,0.010322,0.010221,0.01061,0.018214
1032,0.0,0.000185,0.000252,0.004035,0.010254,0.010461,0.010435,0.018232
1033,0.0,0.000186,0.000257,0.004033,0.010203,0.010543,0.010498,0.018634
1034,0.0,0.000185,0.000257,0.004092,0.010246,0.010578,0.0104,0.018185
1035,0.0,0.000185,0.000252,0.004057,0.010348,0.010364,0.010408,0.018274
1036,0.0,0.00019,0.000253,0.004067,0.01045,0.010215,0.010468,0.01828
1037,0.0,0.000186,0.000252,0.004077,0.010325,0.010194,0.010478,0.018167
1038,0.0,0.000185,0.000252,0.004053,0.01059,0.010232,0.010643,0.018108
1039,0.0,0.000185,0.000257,0.004107,0.010342,0.010202,0.01068,0.018152
1040,0.0,0.000185,0.000252,0.004074,0.010406,0.010229,0.010579,0.018138
1041,0.0,0.000186,0.00026,0.004041,0.010516,0.010209,0.010622,0.018137
1042,0.0,0.000186,0.000251,0.004024,0.010241,0.010233,0.010482,0.018447
1043,0.0,0.000186,0.000252,0.004028,0.01017,0.010215,0.010536,0.018111
1044,0.0,0.000185,0.000255,0.004291,0.010259,0.010183,0.01063,0.018348
1045,0.0,0.000184,0.000252,0.004091,0.010288,0.010303,0.010534,0.018239
1046,0.0,0.00019,0.000258,0.004102,0.010212,0.010292,0.010287,0.018147
1047,0.0,0.000185,0.000252,0.004043,0.010215,0.010452,0.010553,0.018169
1048,0.0,0.000197,0.000256,0.004048,0.010263,0.010212,0.010401,0.018055
1049,0.0,0.000186,0.000252,0.004347,0.010264,0.010208,0.010612,0.018133
1050,0.0,0.000201,0.000267,0.004074,0.010312,0.010315,0.010632,0.018024
1051,0.0,0.000189,0.000258,0.004032,0.010367,0.010266,0.010798,0.017979
1052,0.0,0.000192,0.000253,0.004101,0.010324,0.010295,0.010659,0.018237
1053,0.0,0.000185,0.000251,0.004076,0.010326,0.010388,0.010616,0.018222
1054,0.0,0.000185,0.000252,0.004038,0.010189,0.0102,0.010498,0.018148
1055,0.0,0.000185,0.000252,0.004075,0.010249,0.010385,0.010333,0.01821
1056,0.0,0.000184,0.000251,0.00408,0.010231,0.01028,0.010555,0.018161
1057,0.0,0.000185,0.000251,0.004077,0.010338,0.010456,0.01066,0.01815
1058,0.0,0.000191,0.000252,0.004078,0.010488,0.010331,0.010685,0.018111
1059,0.0,0.000185,0.000257,0.004031,0.010312,0.010204,0.010708,0.018139
1060,0.0,0.000185,0.000257,0.004035,0.010462,0.010244,0.010666,0.018091
1061,0.0,0.000185,0.00027,0.004076,0.010363,0.010298,0.010781,0.018061
1062,0.0,0.000186,0.000252,0.004032,0.010276,0.010274,0.010758,0.018036
1063,0.0,0.000184,0.000258,0.004067,0.010429,0.010358,0.010836,0.018141
1064,0.0,0.000191,0.000268,0.004026,0.010389,0.010449,0.010755,0.018323
1065,0.0,0.000184,0.000252,0.004088,0.010442,0.010295,0.010726,0.018222
1066,0.0,0.000185,0.000258,0.004025,0.01032,0.010351,0.010722,0.018307
1067,0.0,0.000185,0.000261,0.00415,0.010604,0.010321,0.010644,0.018109
1068,0.0,0.000185,0.000251,0.004025,0.010244,0.0103,0.010426,0.018103
1069,0.0,0.000195,0.000252,0.004053,0.010462,0.010341,0.0106,0.018319
1070,0.0,0.000188,0.00025,0.004075,0.010351,0.010399,0.010447,0.01822
1071,0.0,0.000185,0.000252,0.00404,0.010369,0.010305,0.010577,0.018108
1072,0.0,0.000185,0.000252,0.004037,0.0104,0.010272,0.011062,0.018168
1073,0.0,0.000193,0.000252,0.004062,0.010655,0.010208,0.010586,0.018077
1074,0.0,0.000186,0.000252,0.00413,0.010291,0.010199,0.010659,0.018065
1075,0.0,0.000185,0.000252,0.004056,0.010247,0.010294,0.010782,0.018124
1076,0.0,0.000186,0.000252,0.004026,0.010235,0.010179,0.010648,0.018128
1077,0.0,0.000197,0.000252,0.004052,0.010354,0.010312,0.01062,0.018115
1078,0.0,0.000185,0.00026,0.004121,0.01027,0.010409,0.010543,0.018051
1079,0.0,0.000213,0.000252,0.004086,0.010416,0.010339,0.01066,0.018151
1080,0.0,0.000191,0.000251,0.004075,0.010531,0.010173,0.010597,0.018113
1081,0.0,0.000185,0.000255,0.004048,0.010477,0.010289,0.010775,0.018055
1082,0.0,0.000186,0.000252,0.004062,0.01026,0.010528,0.0106,0.018101
1083,0.0,0.000191,0.000251,0.004029,0.010333,0.010248,0.011277,0.018227
1084,0.0,0.000185,0.00025,0.004026,0.010278,0.010204,0.010598,0.018112
1085,0.0,0.000185,0.000253,0.004027,0.010565,0.010218,0.010486,0.018428
1086,0.0,0.000184,0.000256,0.004076,0.010279,0.010215,0.010827,0.018102
1087,0.0,0.000186,0.000252,0.004043,0.010252,0.010204,0.010712,0.018208
1088,0.0,0.000185,0.000252,0.004033,0.010255,0.010193,0.010579,0.01829
1089,0.0,0.000191,0.000252,0.004048,0.010398,0.010215,0.010806,0.018226
1090,0.0,0.000185,0.000251,0.004051,0.010417,0.010195,0.010663,0.018116
1091,0.0,0.000202,0.000252,0.004045,0.010312,0.010152,0.010673,0.018248
1092,0.0,0.000185,0.000257,0.004018,0.010322,0.01052,0.010606,0.018164
1093,0.0,0.000186,0.000253,0.004029,0.010449,0.010311,0.010702,0.018194
1094,0.0,0.000185,0.000251,0.004097,0.010374,0.010235,0.010713,0.018113
1095,0.0,0.000185,0.000252,0.004204,0.010425,0.010388,0.010688,0.018156
1096,0.0,0.00019,0.000257,0.004181,0.010336,0.010172,0.010667,0.018255
1097,0.0,0.000185,0.000259,0.004067,0.010479,0.01044,0.01083,0.018126
1098,0.0,0.000186,0.000251,0.004014,0.010233,0.010191,0.010553,0.018148
1099,0.0,0.000191,0.000252,0.004059,0.010338,0.010238,0.010671,0.018071
1100,0.0,0.000184,0.000256,0.004054,0.010379,0.010282,0.010642,0.018251
1101,0.0,0.000192,0.00026,0.004084,0.010545,0.010452,0.010698,0.018251
1102,0.0,0.000186,0.000251,0.004583,0.010418,0.010192,0.01051,0.018191
1103,0.0,0.000186,0.000258,0.004005,0.010264,0.010154,0.01053,0.018077
1104,0.0,0.000185,0.000251,0.004054,0.010356,0.010298,0.010846,0.018095
1105,0.0,0.000185,0.000252,0.004105,0.010376,0.010251,0.010799,0.018008
1106,0.0,0.000185,0.000252,0.004072,0.010313,0.010267,0.010513,0.018104
1107,0.0,0.000186,0.000252,0.003992,0.010287,0.01022,0.010573,0.018166
1108,0.0,0.000185,0.000256,0.004016,0.010551,0.010108,0.010634,0.017945
1109,0.0,0.000185,0.000252,0.003979,0.010561,0.010139,0.010736,0.018281
1110,0.0,0.000185,0.000252,0.004002,0.010396,0.010137,0.010743,0.018099
1111,0.0,0.000184,0.00026,0.00405,0.01039,0.010181,0.010743,0.018122
1112,0.0,0.000185,0.000252,0.00399,0.010394,0.010201,0.010772,0.018111
1113,0.0,0.000186,0.000253,0.004357,0.010391,0.010151,0.010463,0.018276
1114,0.0,0.000184,0.000251,0.00402,0.010474,0.010225,0.010927,0.018237
1115,0.0,0.000185,0.000257,0.004095,0.010398,0.010065,0.010862,0.01813
1116,0.0,0.000184,0.000253,0.004026,0.01035,0.010653,0.010733,0.018236
1117,0.0,0.000186,0.000258,0.004017,0.010266,0.010138,0.010557,0.018028
1118,0.0,0.000185,0.000257,0.004045,0.010417,0.01023,0.010682,0.018152
1119,0.0,0.000191,0.000251,0.004054,0.010341,0.010285,0.010932,0.017961
1120,0.0,0.00019,0.000251,0.004147,0.010429,0.01019,0.010877,0.018113
1121,0.0,0.000185,0.000252,0.004052,0.010233,0.010111,0.010662,0.01813
1122,0.0,0.000186,0.000251,0.004035,0.010592,0.010185,0.010839,0.018259
1123,0.0,0.000185,0.000259,0.004602,0.010291,0.010182,0.010798,0.01812
1124,0.0,0.000185,0.000252,0.004033,0.01055,0.010252,0.010831,0.018211
1125,0.0,0.000185,0.000253,0.00404,0.01039,0.010319,0.010699,0.018099
1126,0.0,0.000185,0.000251,0.00407,0.010353,0.010183,0.01058,0.018131
1127,0.0,0.000186,0.000263,0.004066,0.010357,0.010287,0.010659,0.018219
1128,0.0,0.000185,0.000257,0.004022,0.010429,0.010342,0.010738,0.018092
1129,0.0,0.000184,0.000251,0.00403,0.010426,0.01038,0.010858,0.018028
1130,0.0,0.000185,0.000255,0.004049,0.010532,0.010394,0.010854,0.0181
1131,0.0,0.00019,0.000252,0.004052,0.010435,0.010352,0.010933,0.018064
1132,0.0,0.000185,0.000258,0.004033,0.010697,0.01024,0.010798,0.01812
1133,0.0,0.000185,0.000252,0.004059,0.010566,0.010252,0.010764,0.018032
1134,0.0,0.000185,0.000256,0.004026,0.01045,0.010384,0.010803,0.018057
1135,0.0,0.000184,0.000252,0.00406,0.01044,0.01015,0.01093,0.018043
1136,0.0,0.000197,0.000251,0.004063,0.010768,0.0102,0.010911,0.018155
1137,0.0,0.000186,0.000251,0.004062,0.010742,0.01018,0.010844,0.018113
1138,0.0,0.000184,0.000251,0.004066,0.010604,0.010148,0.010829,0.018163
1139,0.0,0.000186,0.000252,0.00408,0.010724,0.010152,0.010899,0.018099
1140,0.0,0.000185,0.000252,0.004023,0.01055,0.010286,0.010901,0.018111
1141,0.0,0.000185,0.000252,0.004049,0.010459,0.010277,0.010783,0.018203
1142,0.0,0.000197,0.000251,0.004056,0.010417,0.010252,0.010854,0.018124
1143,0.0,0.000185,0.000253,0.004013,0.010474,0.01019,0.010858,0.018197
1144,0.0,0.000185,0.000251,0.004043,0.010463,0.010141,0.010722,0.018335
1145,0.0,0.000191,0.000253,0.004049,0.010364,0.010245,0.010702,0.018203
1146,0.0,0.000184,0.000252,0.004055,0.010451,0.010141,0.010928,0.018114
1147,0.0,0.000191,0.000253,0.004081,0.010515,0.010192,0.010662,0.018181
1148,0.0,0.000185,0.000257,0.00409,0.010458,0.010524,0.010769,0.01815
1149,0.0,0.000186,0.000253,0.004081,0.010491,0.010366,0.0109,0.018215
1150,0.0,0.000185,0.000257,0.004021,0.010543,0.010258,0.010922,0.018059
1151,0.0,0.000185,0.000258,0.004018,0.010562,0.01028,0.01095,0.018047
1152,0.0,0.000186,0.000251,0.004051,0.010455,0.010109,0.010904,0.018197
1153,0.0,0.000196,0.000252,0.004038,0.010501,0.01017,0.010844,0.018103
1154,0.0,0.000185,0.000257,0.004076,0.010694,0.010236,0.011104,0.018214
1155,0.0,0.000184,0.000254,0.004019,0.0107,0.010158,0.01097,0.018138
1156,0.0,0.000184,0.000251,0.004038,0.010469,0.010135,0.010832,0.018105
1157,0.0,0.000196,0.000253,0.004614,0.010433,0.010105,0.010758,0.018127
1158,0.0,0.000185,0.000252,0.004234,0.010664,0.010299,0.010903,0.018141
1159,0.0,0.000185,0.000258,0.004055,0.010464,0.010133,0.010881,0.018247
1160,0.0,0.000185,0.000268,0.004059,0.010416,0.010176,0.010716,0.018271
1161,0.0,0.000185,0.000268,0.004559,0.010649,0.010138,0.010907,0.018172
1162,0.0,0.000184,0.000251,0.004072,0.010561,0.010124,0.010838,0.018225
1163,0.0,0.000203,0.000253,0.004061,0.0106,0.010142,0.011014,0.018191
1164,0.0,0.000189,0.000252,0.004068,0.010528,0.010164,0.010596,0.018146
1165,0.0,0.000191,0.000252,0.004056,0.010503,0.010315,0.010747,0.017999
1166,0.0,0.000185,0.000251,0.004024,0.010476,0.01026,0.010664,0.018066
1167,0.0,0.000185,0.000253,0.004054,0.010713,0.0103,0.010908,0.018064
1168,0.0,0.000185,0.000268,0.004083,0.010598,0.010195,0.010897,0.0181
1169,0.0,0.000185,0.000252,0.004046,0.010471,0.010248,0.010872,0.018189
1170,0.0,0.000185,0.000252,0.004042,0.010695,0.01023,0.010892,0.018154
1171,0.0,0.000202,0.000257,0.004043,0.010411,0.010226,0.010913,0.018345
1172,0.0,0.000185,0.000251,0.004019,0.01061,0.010221,0.011058,0.018287
1173,0.0,0.000184,0.000258,0.004134,0.010642,0.010221,0.010989,0.018671
1174,0.0,0.00019,0.000268,0.004022,0.010508,0.010175,0.010858,0.018365
1175,0.0,0.000185,0.000253,0.004024,0.010713,0.010124,0.010908,0.018258
1176,0.0,0.000185,0.000256,0.004062,0.010469,0.010193,0.010944,0.018236
1177,0.0,0.000191,0.000253,0.004093,0.010501,0.010177,0.010921,0.018204
1178,0.0,0.000185,0.000257,0.004068,0.010533,0.010149,0.010765,0.018107
1179,0.0,0.000186,0.000259,0.004223,0.010471,0.010167,0.010816,0.018139
1180,0.0,0.000195,0.000252,0.004116,0.010541,0.010166,0.010856,0.01822
1181,0.0,0.000192,0.000252,0.004046,0.010497,0.010242,0.010819,0.018257
1182,0.0,0.000185,0.000251,0.004033,0.010739,0.010202,0.010765,0.018237
1183,0.0,0.00019,0.000257,0.004069,0.010437,0.010314,0.010654,0.018146
1184,0.0,0.000185,0.000252,0.004061,0.010503,0.010369,0.01076,0.01851
1185,0.0,0.000185,0.000258,0.004011,0.010394,0.010265,0.010732,0.018087
1186,0.0,0.000186,0.000252,0.004058,0.010492,0.010329,0.010651,0.018489
1187,0.0,0.000192,0.000252,0.004892,0.010598,0.010468,0.010847,0.018022
1188,0.0,0.000185,0.000251,0.00403,0.010583,0.010458,0.010738,0.018079
1189,0.0,0.000185,0.000252,0.004068,0.01054,0.010384,0.010712,0.018235
1190,0.0,0.000184,0.000252,0.004101,0.010407,0.010562,0.010447,0.018085
1191,0.0,0.000185,0.000258,0.004424,0.010445,0.010609,0.010669,0.018161
1192,0.0,0.000185,0.000252,0.004044,0.010422,0.010282,0.010731,0.018086
1193,0.0,0.000185,0.000258,0.004028,0.010394,0.010245,0.010542,0.018493
1194,0.0,0.000185,0.000257,0.00408,0.010456,0.010369,0.010905,0.018012
1195,0.0,0.000185,0.000253,0.004044,0.01047,0.010436,0.010883,0.018488
1196,0.0,0.000184,0.000252,0.003998,0.010262,0.01051,0.010383,0.018504
1197,0.0,0.000186,0.000259,0.00407,0.01081,0.010317,0.010876,0.01816
1198,0.0,0.000192,0.000252,0.00458,0.010424,0.010282,0.010716,0.018204
1199,0.0,0.00019,0.000252,0.004054,0.010243,0.010368,0.010529,0.0181
1200,0.0,0.000185,0.000258,0.004021,0.010431,0.010246,0.010902,0.018152
1201,0.0,0.000185,0.000259,0.004624,0.010489,0.010364,0.010914,0.018306
1202,0.0,0.000185,0.000259,0.004042,0.01049,0.010133,0.010975,0.018443
1203,0.0,0.000191,0.000253,0.004039,0.010423,0.010035,0.01083,0.01794
1204,0.0,0.000185,0.000252,0.004196,0.010462,0.010003,0.010885,0.018586
1205,0.0,0.000185,0.000251,0.004035,0.010557,0.010383,0.011039,0.018171
1206,0.0,0.000185,0.000251,0.004036,0.010461,0.010332,0.010878,0.018503
1207,0.0,0.000185,0.000259,0.004027,0.01043,0.010391,0.010867,0.018212
1208,0.0,0.000184,0.000252,0.00403,0.010232,0.010562,0.010232,0.018143
1209,0.0,0.000211,0.000253,0.004093,0.01042,0.010592,0.010922,0.01819
1210,0.0,0.000185,0.000268,0.004053,0.010488,0.01036,0.010771,0.018397
1211,0.0,0.000191,0.000252,0.00417,0.010257,0.010334,0.010513,0.018184
1212,0.0,0.000186,0.000252,0.004055,0.010538,0.010249,0.010671,0.018106
1213,0.0,0.000195,0.000258,0.004023,0.010394,0.010366,0.010717,0.01849
1214,0.0,0.000192,0.000252,0.004059,0.01053,0.010447,0.010843,0.018565
1215,0.0,0.000185,0.000254,0.004583,0.010492,0.010419,0.010917,0.018534
1216,0.0,0.000185,0.000252,0.004242,0.0105,0.010344,0.010803,0.018243
1217,0.0,0.000186,0.000252,0.004036,0.010548,0.01033,0.010696,0.018515
1218,0.0,0.000186,0.00025,0.00463,0.010508,0.010219,0.010573,0.018454
1219,0.0,0.000212,0.000252,0.00407,0.010466,0.010289,0.010724,0.018291
1220,0.0,0.000185,0.000256,0.004023,0.010486,0.01035,0.010677,0.018321
1221,0.0,0.000185,0.000256,0.004035,0.010446,0.010307,0.010774,0.018718
1222,0.0,0.000185,0.000252,0.004061,0.010458,0.010394,0.010918,0.018615
1223,0.0,0.000192,0.00026,0.004032,0.010503,0.010321,0.010801,0.018557
1224,0.0,0.000185,0.000251,0.004022,0.010456,0.010553,0.011008,0.018283
1225,0.0,0.000185,0.000253,0.004065,0.010518,0.010448,0.0109,0.018182
1226,0.0,0.000184,0.000251,0.00409,0.010587,0.010502,0.010825,0.018319
1227,0.0,0.000185,0.000253,0.004058,0.010506,0.010526,0.010526,0.018344
1228,0.0,0.000184,0.000251,0.004786,0.010585,0.010366,0.010731,0.018544
1229,0.0,0.000191,0.000253,0.004084,0.010661,0.010357,0.010734,0.01834
1230,0.0,0.000185,0.000257,0.00404,0.010604,0.010254,0.010854,0.018573
1231,0.0,0.000185,0.000252,0.004047,0.010597,0.010371,0.011068,0.018494
1232,0.0,0.00019,0.000251,0.004633,0.010552,0.010402,0.010972,0.018436
1233,0.0,0.00019,0.000252,0.004041,0.010666,0.010532,0.010933,0.018556
1234,0.0,0.000185,0.000251,0.004023,0.010682,0.01047,0.011048,0.018285
1235,0.0,0.000185,0.000251,0.004022,0.010844,0.010311,0.010779,0.018526
1236,0.0,0.000184,0.000252,0.004224,0.010495,0.010473,0.010941,0.018316
1237,0.0,0.000185,0.000253,0.004042,0.01049,0.010218,0.0107,0.018257
1238,0.0,0.000185,0.000259,0.004133,0.010325,0.01044,0.010715,0.018394
1239,0.0,0.00019,0.000252,0.004058,0.010528,0.01019,0.010772,0.018569
1240,0.0,0.000188,0.000252,0.004072,0.010527,0.010408,0.010818,0.018422
1241,0.0,0.000185,0.000252,0.004044,0.010361,0.01028,0.010713,0.018496
1242,0.0,0.000184,0.000251,0.004151,0.0104,0.010426,0.010692,0.018346
1243,0.0,0.000186,0.000253,0.004049,0.01032,0.010392,0.010505,0.01862
1244,0.0,0.000187,0.000253,0.004022,0.010515,0.010382,0.010821,0.018573
1245,0.0,0.000185,0.000252,0.004047,0.010517,0.010378,0.010821,0.018375
1246,0.0,0.000186,0.000251,0.004036,0.01037,0.010393,0.010765,0.018586
1247,0.0,0.000187,0.000258,0.004068,0.010466,0.010601,0.010625,0.018416
1248,0.0,0.000185,0.000273,0.004068,0.010339,0.010307,0.010688,0.01857
1249,0.0,0.000186,0.000256,0.004309,0.010532,0.010319,0.010606,0.018533
1250,0.0,0.000185,0.000251,0.004082,0.010404,0.010538,0.010783,0.018686
1251,0.0,0.000185,0.000252,0.004011,0.010437,0.01033,0.010616,0.018422
1252,0.0,0.000185,0.000252,0.004053,0.010412,0.010333,0.010388,0.018288
1253,0.0,0.000185,0.000257,0.004646,0.010381,0.010287,0.010412,0.018397
1254,0.0,0.000185,0.000251,0.004053,0.010497,0.010441,0.010578,0.018547
1255,0.0,0.000193,0.000253,0.004039,0.010369,0.010419,0.010508,0.018515
1256,0.0,0.000185,0.00025,0.004055,0.010306,0.010307,0.010457,0.01859
1257,0.0,0.000185,0.000254,0.004027,0.010484,0.010196,0.010633,0.018382
1258,0.0,0.000184,0.000258,0.004033,0.010452,0.010207,0.010662,0.018493
1259,0.0,0.000191,0.000252,0.004029,0.010342,0.010033,0.010877,0.018203
1260,0.0,0.000183,0.000254,0.004039,0.010403,0.010349,0.010775,0.018217
1261,0.0,0.000184,0.000251,0.004171,0.010568,0.010435,0.010663,0.018572
1262,0.0,0.000201,0.000252,0.00415,0.010454,0.010394,0.010549,0.018249
1263,0.0,0.000187,0.000252,0.004047,0.010572,0.010418,0.010841,0.018354
1264,0.0,0.000185,0.000257,0.004096,0.010448,0.010484,0.01065,0.018596
1265,0.0,0.000185,0.000253,0.004055,0.010557,0.010333,0.010963,0.018401
1266,0.0,0.00019,0.000251,0.004133,0.010417,0.010338,0.01057,0.018486
1267,0.0,0.000186,0.000253,0.004204,0.010358,0.010317,0.010478,0.018583
1268,0.0,0.000185,0.000256,0.004053,0.010533,0.010354,0.010432,0.01834
1269,0.0,0.000185,0.000253,0.004029,0.010417,0.010347,0.010615,0.018577
1270,0.0,0.000184,0.000251,0.004204,0.010378,0.010344,0.010522,0.018254
1271,0.0,0.000185,0.000252,0.004101,0.010376,0.010344,0.010431,0.01828
1272,0.0,0.000192,0.000257,0.004059,0.010481,0.010576,0.010595,0.018274
1273,0.0,0.000185,0.000257,0.004031,0.010403,0.010269,0.010619,0.018377
1274,0.0,0.000185,0.000251,0.00404,0.01046,0.01033,0.010461,0.018698
1275,0.0,0.000185,0.000251,0.004454,0.010378,0.010288,0.010442,0.018416
1276,0.0,0.000185,0.000252,0.004017,0.010385,0.01032,0.010423,0.018531
1277,0.0,0.000186,0.000275,0.004052,0.010376,0.010386,0.010474,0.018463
1278,0.0,0.000185,0.000252,0.003997,0.010377,0.010415,0.01044,0.018484
1279,0.0,0.000184,0.000252,0.004027,0.010571,0.010419,0.010545,0.018332
1280,0.0,0.000184,0.000251,0.004053,0.010387,0.010427,0.010416,0.018539
1281,0.0,0.000191,0.000252,0.004067,0.010455,0.01035,0.010625,0.018326
1282,0.0,0.000196,0.000257,0.00402,0.010646,0.010396,0.010528,0.018216
1283,0.0,0.000185,0.000258,0.004003,0.010443,0.010405,0.010445,0.018313
1284,0.0,0.000196,0.000252,0.004004,0.010414,0.01039,0.010403,0.018296
1285,0.0,0.000191,0.000252,0.004549,0.010383,0.010348,0.010553,0.018308
1286,0.0,0.000196,0.000253,0.004064,0.010519,0.010377,0.010622,0.018355
1287,0.0,0.000187,0.000253,0.004546,0.010432,0.010417,0.010421,0.01841
1288,0.0,0.000185,0.000252,0.00425,0.010412,0.01038,0.010465,0.018473
1289,0.0,0.000186,0.000252,0.004034,0.010391,0.01039,0.01043,0.018369
1290,0.0,0.000185,0.000251,0.00401,0.010514,0.010402,0.01044,0.018555
1291,0.0,0.000186,0.000258,0.004724,0.010358,0.01028,0.01038,0.018379
1292,0.0,0.000186,0.000258,0.004054,0.010372,0.010293,0.01046,0.018638
1293,0.0,0.000185,0.000252,0.00402,0.01042,0.010298,0.010465,0.018694
1294,0.0,0.00019,0.000256,0.004092,0.010348,0.01028,0.010426,0.01867
1295,0.0,0.000185,0.000252,0.004634,0.010417,0.010261,0.010388,0.018481
1296,0.0,0.000185,0.000257,0.004024,0.010473,0.010325,0.010415,0.018564
1297,0.0,0.000192,0.000251,0.004048,0.010421,0.01046,0.010725,0.018439
1298,0.0,0.000185,0.000252,0.004055,0.010525,0.010425,0.010505,0.018541
1299,0.0,0.000185,0.000251,0.004053,0.010359,0.010365,0.010539,0.018135
1300,0.0,0.000191,0.000252,0.004053,0.010415,0.010362,0.010593,0.018277
1301,0.0,0.000185,0.000257,0.004039,0.010371,0.010386,0.01045,0.018405
1302,0.0,0.000185,0.000267,0.004074,0.010374,0.010384,0.01039,0.018567
1303,0.0,0.000185,0.000252,0.004033,0.010357,0.010355,0.010349,0.018562
1304,0.0,0.000185,0.000267,0.004042,0.010432,0.010499,0.010483,0.018719
1305,0.0,0.000185,0.000252,0.004042,0.010365,0.010748,0.010464,0.018696
1306,0.0,0.000185,0.000252,0.004058,0.010353,0.010427,0.010395,0.018369
1307,0.0,0.000185,0.000252,0.004249,0.010497,0.010545,0.010326,0.018601
1308,0.0,0.000185,0.000252,0.004118,0.010427,0.010449,0.010381,0.018669
1309,0.0,0.000185,0.000252,0.004153,0.0105,0.010349,0.010357,0.018475
1310,0.0,0.000184,0.000267,0.004056,0.010534,0.010373,0.010515,0.018348
1311,0.0,0.000185,0.000252,0.004045,0.010493,0.010471,0.010407,0.0186
1312,0.0,0.000186,0.000252,0.004064,0.010394,0.010455,0.010386,0.018557
1313,0.0,0.000186,0.000252,0.004067,0.010456,0.010315,0.010482,0.018313
1314,0.0,0.000185,0.000252,0.004042,0.010454,0.010437,0.01043,0.018463
1315,0.0,0.000191,0.000253,0.004045,0.010522,0.010428,0.010548,0.018588
1316,0.0,0.000185,0.000252,0.004052,0.010568,0.010457,0.010614,0.019932
1317,0.0,0.000185,0.000252,0.004132,0.010359,0.010423,0.010405,0.018501
1318,0.0,0.000191,0.000256,0.004266,0.010724,0.010251,0.010613,0.018312
1319,0.0,0.000186,0.000252,0.004197,0.01054,0.010407,0.010461,0.018362
1320,0.0,0.000184,0.000257,0.004662,0.010476,0.010544,0.010466,0.018249
1321,0.0,0.000185,0.000253,0.004643,0.01053,0.010407,0.010377,0.018383
1322,0.0,0.000185,0.00025,0.004055,0.010593,0.010475,0.0106,0.018316
1323,0.0,0.000185,0.000258,0.004071,0.010742,0.010475,0.010458,0.018504
1324,0.0,0.000185,0.000251,0.004116,0.010493,0.010852,0.010551,0.018454
1325,0.0,0.000184,0.000252,0.004064,0.010588,0.010828,0.010795,0.018592
1326,0.0,0.000186,0.000252,0.004054,0.010468,0.010631,0.010999,0.018551
1327,0.0,0.000185,0.000252,0.004081,0.010469,0.010289,0.010734,0.018305
1328,0.0,0.000185,0.000252,0.004046,0.010397,0.010282,0.010793,0.018341
1329,0.0,0.000185,0.000252,0.004056,0.010931,0.010302,0.01082,0.018576
1330,0.0,0.000185,0.000258,0.004085,0.010441,0.01037,0.01075,0.018371
1331,0.0,0.000184,0.000253,0.004024,0.0104,0.010412,0.010637,0.018713
1332,0.0,0.000185,0.000258,0.004217,0.010368,0.010679,0.010844,0.018528
1333,0.0,0.000185,0.000252,0.004029,0.010526,0.010599,0.010743,0.018285
1334,0.0,0.000196,0.000252,0.004044,0.010473,0.010472,0.010766,0.018646
1335,0.0,0.000185,0.000253,0.004199,0.010426,0.010412,0.010798,0.018499
1336,0.0,0.00019,0.000257,0.004061,0.010666,0.010474,0.010892,0.018432
1337,0.0,0.000185,0.000252,0.004066,0.010514,0.010561,0.010859,0.01851
1338,0.0,0.000185,0.000257,0.004077,0.010396,0.010706,0.010823,0.018445
1339,0.0,0.000185,0.000251,0.004176,0.010414,0.010545,0.010639,0.018649
1340,0.0,0.000185,0.000252,0.004019,0.010558,0.010641,0.011008,0.018765
1341,0.0,0.000185,0.000252,0.004041,0.01049,0.010499,0.010927,0.018601
1342,0.0,0.000186,0.000252,0.004033,0.010433,0.010519,0.010994,0.01845
1343,0.0,0.000185,0.000258,0.004047,0.010498,0.010459,0.010726,0.018693
1344,0.0,0.000187,0.000257,0.004069,0.010514,0.010691,0.010952,0.018594
1345,0.0,0.000184,0.00028,0.00403,0.01043,0.010307,0.010822,0.018688
1346,0.0,0.000185,0.000251,0.004045,0.01048,0.010324,0.010698,0.018549
1347,0.0,0.000191,0.000252,0.004187,0.01044,0.010288,0.01059,0.018503
1348,0.0,0.000185,0.000257,0.004066,0.01042,0.010287,0.010736,0.018565
1349,0.0,0.000185,0.000253,0.004247,0.010383,0.010358,0.010657,0.018334
1350,0.0,0.000185,0.000253,0.004068,0.010541,0.010298,0.010741,0.018501
1351,0.0,0.000184,0.000257,0.004245,0.01054,0.010377,0.010862,0.018767
1352,0.0,0.000185,0.000257,0.004035,0.010536,0.010427,0.010854,0.018693
1353,0.0,0.000186,0.000254,0.004037,0.010525,0.010371,0.010784,0.018314
1354,0.0,0.000193,0.00025,0.004487,0.010578,0.010357,0.010855,0.018876
1355,0.0,0.000185,0.000253,0.004196,0.010476,0.01061,0.010825,0.018522
1356,0.0,0.000185,0.000251,0.004127,0.010526,0.010255,0.010853,0.018511
1357,0.0,0.000185,0.000251,0.004028,0.01056,0.010397,0.010673,0.018525
1358,0.0,0.000185,0.000258,0.004088,0.010622,0.010357,0.010769,0.018385
1359,0.0,0.000186,0.000252,0.004226,0.010539,0.01025,0.010913,0.018509
1360,0.0,0.000185,0.000251,0.004013,0.010512,0.010323,0.010748,0.018362
1361,0.0,0.00019,0.000267,0.0045,0.010591,0.010383,0.010918,0.018579
1362,0.0,0.000198,0.000251,0.004024,0.01058,0.010184,0.010813,0.018647
1363,0.0,0.000202,0.000254,0.004209,0.010533,0.010374,0.010922,0.018577
1364,0.0,0.000196,0.000252,0.004062,0.01049,0.010297,0.010929,0.018492
1365,0.0,0.000186,0.000269,0.004513,0.01047,0.010232,0.01096,0.018835
1366,0.0,0.000196,0.000257,0.004003,0.010462,0.01009,0.01084,0.018651
1367,0.0,0.000185,0.000264,0.004022,0.010493,0.01048,0.010825,0.018341
1368,0.0,0.000187,0.000252,0.004623,0.010483,0.010356,0.01072,0.018323
1369,0.0,0.000185,0.000253,0.004251,0.010428,0.010219,0.010656,0.018675
1370,0.0,0.000186,0.000251,0.004042,0.010635,0.01021,0.011162,0.018548
1371,0.0,0.000185,0.000258,0.004495,0.010477,0.010339,0.010792,0.018383
1372,0.0,0.000185,0.000252,0.00411,0.010614,0.010623,0.011001,0.018641
1373,0.0,0.000185,0.000252,0.00403,0.01048,0.010383,0.010847,0.018494
1374,0.0,0.000191,0.000258,0.004163,0.010536,0.010242,0.01081,0.018322
1375,0.0,0.000185,0.000253,0.004095,0.010492,0.010376,0.011044,0.018341
1376,0.0,0.000184,0.000259,0.004034,0.010519,0.010423,0.010904,0.018552
1377,0.0,0.000186,0.000253,0.004104,0.010511,0.010257,0.01078,0.018718
1378,0.0,0.000185,0.000251,0.00401,0.010576,0.010532,0.010777,0.018668
1379,0.0,0.000185,0.000252,0.004009,0.010606,0.010475,0.010994,0.018561
1380,0.0,0.000185,0.000252,0.00407,0.010486,0.010192,0.010735,0.018271
1381,0.0,0.000185,0.000259,0.004106,0.010529,0.01039,0.010941,0.018412
1382,0.0,0.000192,0.000252,0.004022,0.010557,0.010318,0.011014,0.018525
1383,0.0,0.000192,0.000253,0.004034,0.010447,0.010164,0.010821,0.018388
1384,0.0,0.000185,0.00026,0.004173,0.010484,0.010088,0.010854,0.018459
1385,0.0,0.000185,0.000253,0.004576,0.010578,0.010516,0.010762,0.018439
1386,0.0,0.000184,0.00025,0.004819,0.010592,0.010769,0.010917,0.018518
1387,0.0,0.000186,0.000254,0.004043,0.010436,0.010455,0.010898,0.018353
1388,0.0,0.000186,0.000251,0.004142,0.010624,0.010542,0.011175,0.018604
1389,0.0,0.000185,0.000254,0.004065,0.010518,0.010283,0.010911,0.01836
1390,0.0,0.000184,0.000251,0.004121,0.010558,0.010738,0.010983,0.018712
1391,0.0,0.000185,0.000254,0.004053,0.010663,0.010683,0.011127,0.018492
1392,0.0,0.000186,0.000252,0.00405,0.010459,0.010386,0.010939,0.018381
1393,0.0,0.000185,0.000252,0.004018,0.010453,0.010274,0.010871,0.018609
1394,0.0,0.000184,0.000252,0.004032,0.010492,0.010439,0.010922,0.018386
1395,0.0,0.000184,0.000252,0.004068,0.010699,0.010524,0.011035,0.018686
1396,0.0,0.000184,0.000251,0.004261,0.010414,0.010338,0.010878,0.018716
1397,0.0,0.000186,0.000253,0.004036,0.010431,0.010383,0.010872,0.018685
1398,0.0,0.000185,0.000252,0.004059,0.01046,0.010486,0.010834,0.018473
1399,0.0,0.00019,0.000252,0.004841,0.010503,0.01049,0.011005,0.018479
1400,0.0,0.000185,0.000251,0.00458,0.010555,0.010381,0.01089,0.018467
1401,0.0,0.00019,0.000258,0.004164,0.010462,0.010406,0.010973,0.018428
1402,0.0,0.000185,0.000257,0.004054,0.010536,0.010393,0.011086,0.018543
1403,0.0,0.000185,0.000253,0.004033,0.010568,0.010542,0.010809,0.018503
1404,0.0,0.000185,0.000252,0.004147,0.010576,0.010643,0.011111,0.018412
1405,0.0,0.000185,0.000258,0.00403,0.010575,0.010405,0.011152,0.018581
1406,0.0,0.000186,0.000252,0.004018,0.010522,0.010433,0.010932,0.018856
1407,0.0,0.000186,0.000256,0.004045,0.010564,0.010285,0.010935,0.018372
1408,0.0,0.000191,0.000251,0.004024,0.010486,0.010286,0.010758,0.018687
1409,0.0,0.000184,0.000252,0.004022,0.010539,0.010521,0.010886,0.018562
1410,0.0,0.000184,0.000267,0.004314,0.010456,0.010451,0.010855,0.018341
1411,0.0,0.00019,0.000253,0.004058,0.010717,0.010331,0.010772,0.018434
1412,0.0,0.000187,0.000252,0.004223,0.010458,0.010451,0.010885,0.018592
1413,0.0,0.000185,0.000258,0.00405,0.010549,0.010509,0.010891,0.018404
1414,0.0,0.000186,0.000251,0.004045,0.010456,0.010635,0.010612,0.018669
1415,0.0,0.000195,0.000252,0.00403,0.010532,0.010476,0.010813,0.018662
1416,0.0,0.000186,0.000252,0.004072,0.010475,0.010596,0.01089,0.018567
1417,0.0,0.000185,0.000253,0.004215,0.010494,0.010445,0.010782,0.018457
1418,0.0,0.000185,0.00027,0.004021,0.010492,0.010381,0.011012,0.018606
1419,0.0,0.000185,0.000252,0.004016,0.010614,0.010403,0.010754,0.018241
1420,0.0,0.000184,0.000268,0.004074,0.01306,0.0104,0.011004,0.018369
1421,0.0,0.000201,0.000252,0.004028,0.011409,0.010627,0.010855,0.01859
1422,0.0,0.000186,0.000252,0.004095,0.010962,0.010553,0.011054,0.018585
1423,0.0,0.000185,0.000251,0.004032,0.0107,0.010359,0.010844,0.018313
1424,0.0,0.000185,0.000257,0.00405,0.010549,0.010434,0.010987,0.018612
1425,0.0,0.000186,0.000257,0.004522,0.01078,0.010494,0.011062,0.018496
1426,0.0,0.00019,0.000251,0.004069,0.010513,0.010436,0.010794,0.018332
1427,0.0,0.000185,0.000252,0.004131,0.010557,0.010385,0.011042,0.018551
1428,0.0,0.000186,0.000257,0.004031,0.010542,0.010442,0.010615,0.018681
1429,0.0,0.000185,0.000253,0.004039,0.010544,0.01041,0.010622,0.018382
1430,0.0,0.000185,0.000252,0.004039,0.01049,0.010505,0.010574,0.018685
1431,0.0,0.000185,0.000257,0.004132,0.010752,0.010722,0.010836,0.018277
1432,0.0,0.000186,0.000252,0.004084,0.010641,0.010637,0.010664,0.018334
1433,0.0,0.000186,0.000253,0.004624,0.010551,0.010523,0.010654,0.018713
1434,0.0,0.000185,0.000252,0.004053,0.010552,0.010668,0.010661,0.01863
1435,0.0,0.000185,0.000251,0.004062,0.010557,0.010558,0.010719,0.018609
1436,0.0,0.000184,0.000251,0.004026,0.010534,0.010429,0.010772,0.018349
1437,0.0,0.000187,0.000252,0.004174,0.010678,0.010421,0.011269,0.018621
1438,0.0,0.000185,0.000252,0.004063,0.010646,0.01047,0.011161,0.018673
1439,0.0,0.000191,0.000251,0.004067,0.0106,0.010363,0.011138,0.018565
1440,0.0,0.000185,0.000252,0.004045,0.010606,0.010471,0.010962,0.018457
1441,0.0,0.000186,0.000252,0.004025,0.010673,0.010425,0.011043,0.018513
1442,0.0,0.00019,0.000252,0.004098,0.010813,0.010439,0.011115,0.018399
1443,0.0,0.000196,0.000257,0.004059,0.010663,0.010468,0.010982,0.018621
1444,0.0,0.000185,0.000252,0.004242,0.010767,0.010473,0.011048,0.018656
1445,0.0,0.000184,0.000251,0.004035,0.010794,0.010531,0.011123,0.018397
1446,0.0,0.000185,0.000252,0.004676,0.010652,0.010496,0.01103,0.018491
1447,0.0,0.000185,0.000253,0.004044,0.010673,0.010455,0.01098,0.018674
1448,0.0,0.00019,0.000252,0.00409,0.010879,0.010403,0.011102,0.018462
1449,0.0,0.000185,0.000258,0.004786,0.010696,0.010428,0.011056,0.018632
1450,0.0,0.000185,0.000251,0.004037,0.01072,0.010669,0.011066,0.018363
1451,0.0,0.00019,0.000252,0.004734,0.010691,0.010503,0.011105,0.018621
1452,0.0,0.000185,0.000256,0.004035,0.010873,0.01046,0.011111,0.018392
1453,0.0,0.000185,0.000252,0.004148,0.010645,0.010625,0.010904,0.018544
1454,0.0,0.00019,0.000251,0.004015,0.010639,0.010391,0.011241,0.018443
1455,0.0,0.000185,0.000252,0.004053,0.010774,0.010404,0.010971,0.018445
1456,0.0,0.000185,0.000256,0.004078,0.010807,0.010472,0.011058,0.018632
1457,0.0,0.000185,0.000252,0.004065,0.010654,0.010362,0.011062,0.018427
1458,0.0,0.000185,0.000257,0.004068,0.010515,0.010414,0.010906,0.018541
1459,0.0,0.000185,0.000251,0.004029,0.010568,0.010369,0.01112,0.018332
1460,0.0,0.000185,0.000255,0.004032,0.010652,0.010376,0.010974,0.018663
1461,0.0,0.000186,0.000252,0.004051,0.01076,0.010507,0.011127,0.018554
1462,0.0,0.000185,0.000251,0.004032,0.010415,0.010466,0.01084,0.018313
1463,0.0,0.000185,0.000254,0.00405,0.010384,0.01048,0.01065,0.018834
1464,0.0,0.000185,0.000252,0.004144,0.010953,0.010451,0.010961,0.018603
1465,0.0,0.000185,0.000253,0.004096,0.010557,0.010508,0.010716,0.018469
1466,0.0,0.000185,0.000251,0.004522,0.010693,0.01055,0.011467,0.018474
1467,0.0,0.000185,0.000253,0.004199,0.010515,0.010521,0.010754,0.018361
1468,0.0,0.000185,0.000252,0.004059,0.010783,0.010483,0.011206,0.018595
1469,0.0,0.000186,0.000251,0.004073,0.01044,0.010475,0.010931,0.018321
1470,0.0,0.000185,0.000258,0.004114,0.010736,0.010471,0.011242,0.018601
1471,0.0,0.000185,0.000258,0.004055,0.010397,0.010536,0.011215,0.018564
1472,0.0,0.000185,0.000252,0.004196,0.01074,0.010621,0.011198,0.018602
1473,0.0,0.000184,0.000252,0.004019,0.010407,0.010495,0.010576,0.018625
1474,0.0,0.000185,0.000251,0.004048,0.010555,0.01041,0.011022,0.018454
1475,0.0,0.000185,0.00027,0.004094,0.010535,0.010662,0.010872,0.018537
1476,0.0,0.000186,0.000258,0.00402,0.010436,0.010423,0.010931,0.018753
1477,0.0,0.000186,0.000252,0.004051,0.01067,0.010612,0.010763,0.018594
1478,0.0,0.00019,0.000267,0.004087,0.010511,0.010623,0.010756,0.018391
1479,0.0,0.000192,0.000252,0.004017,0.010508,0.010485,0.010889,0.018688
1480,0.0,0.000185,0.000252,0.004059,0.010503,0.010416,0.010744,0.018628
1481,0.0,0.000186,0.000253,0.004035,0.010582,0.010451,0.010872,0.018563
1482,0.0,0.000186,0.000251,0.004042,0.010628,0.010543,0.010878,0.018813
1483,0.0,0.000186,0.000257,0.004038,0.010575,0.01047,0.01068,0.018648
1484,0.0,0.000185,0.000252,0.004048,0.010545,0.01048,0.010797,0.01847
1485,0.0,0.000186,0.000252,0.004039,0.010658,0.010689,0.010861,0.018569
1486,0.0,0.000185,0.000284,0.004024,0.010533,0.010514,0.010877,0.018476
1487,0.0,0.000185,0.000252,0.004045,0.01053,0.010513,0.010834,0.018604
1488,0.0,0.000186,0.000252,0.004112,0.010649,0.010473,0.010951,0.018261
1489,0.0,0.000186,0.000252,0.004033,0.010604,0.01049,0.01102,0.018426
1490,0.0,0.000185,0.000267,0.004056,0.010633,0.010456,0.011057,0.01874
1491,0.0,0.000185,0.000252,0.004025,0.010495,0.010386,0.011009,0.018787
1492,0.0,0.000186,0.000252,0.004058,0.010558,0.010492,0.010997,0.018597
1493,0.0,0.000186,0.000253,0.004068,0.010473,0.010467,0.010762,0.018412
1494,0.0,0.000191,0.000252,0.004037,0.010605,0.010398,0.010986,0.018557
1495,0.0,0.000185,0.000276,0.004034,0.010445,0.010419,0.01075,0.018401
1496,0.0,0.000191,0.000252,0.004066,0.010563,0.010411,0.010822,0.018567
1497,0.0,0.000186,0.000257,0.004071,0.010641,0.010475,0.010926,0.018329
1498,0.0,0.000185,0.000257,0.003995,0.010534,0.010442,0.011072,0.018363
1499,0.0,0.000185,0.000252,0.004015,0.01067,0.010604,0.010952,0.018559
1500,0.0,0.000192,0.000251,0.004024,0.010594,0.010583,0.011091,0.018518
1501,0.0,0.000184,0.000258,0.004694,0.010569,0.010507,0.010935,0.01866
1502,0.0,0.000192,0.000257,0.004058,0.010555,0.0107,0.010907,0.018542
1503,0.0,0.000186,0.000285,0.004481,0.010496,0.010645,0.010848,0.0185
1504,0.0,0.000185,0.000252,0.004038,0.010698,0.01062,0.010976,0.018496
1505,0.0,0.000212,0.000253,0.004094,0.010595,0.010459,0.01103,0.01846
1506,0.0,0.000186,0.00025,0.004032,0.010647,0.010582,0.010988,0.018532
1507,0.0,0.000186,0.000252,0.004059,0.01059,0.01051,0.010982,0.018549
1508,0.0,0.000185,0.000257,0.004034,0.010559,0.010528,0.011114,0.01885
1509,0.0,0.000192,0.000268,0.004042,0.010528,0.010415,0.011012,0.018551
1510,0.0,0.000184,0.000252,0.004007,0.010524,0.010459,0.010798,0.018421
1511,0.0,0.000185,0.000253,0.004052,0.010675,0.010483,0.010838,0.018682
1512,0.0,0.000185,0.000251,0.004096,0.0105,0.010442,0.010918,0.018558
1513,0.0,0.000186,0.000257,0.004062,0.010552,0.010518,0.010753,0.018463
1514,0.0,0.000185,0.000273,0.00401,0.010569,0.010411,0.011018,0.018691
1515,0.0,0.000191,0.000251,0.004041,0.010783,0.010725,0.011248,0.018633
1516,0.0,0.000191,0.000266,0.004029,0.010733,0.010283,0.01107,0.018459
1517,0.0,0.000186,0.000253,0.004022,0.010561,0.010465,0.010884,0.01824
1518,0.0,0.000185,0.000252,0.004529,0.010871,0.010384,0.011087,0.018483
1519,0.0,0.000184,0.000252,0.004096,0.011055,0.010538,0.010932,0.018618
1520,0.0,0.000184,0.000252,0.00406,0.010563,0.010432,0.010933,0.018564
1521,0.0,0.000185,0.000253,0.004038,0.010638,0.010444,0.010969,0.018407
1522,0.0,0.000186,0.000251,0.004731,0.01071,0.010417,0.010976,0.018599
1523,0.0,0.000185,0.000255,0.004069,0.01062,0.010576,0.010721,0.018357
1524,0.0,0.000191,0.000256,0.004007,0.010649,0.010257,0.010948,0.018631
1525,0.0,0.00019,0.000252,0.004083,0.010647,0.010432,0.010874,0.018504
1526,0.0,0.000185,0.000252,0.004099,0.010729,0.010548,0.01087,0.018782
1527,0.0,0.000187,0.000258,0.004008,0.010626,0.010179,0.010781,0.018645
1528,0.0,0.000185,0.000252,0.004027,0.010573,0.010494,0.010641,0.018619
1529,0.0,0.000186,0.000253,0.004058,0.010622,0.010308,0.010729,0.018585
1530,0.0,0.000184,0.000251,0.00404,0.010826,0.010223,0.011082,0.018646
1531,0.0,0.000185,0.000253,0.004065,0.010554,0.010312,0.010835,0.018569
1532,0.0,0.000185,0.000251,0.004033,0.010559,0.01019,0.010801,0.01849
1533,0.0,0.000185,0.000252,0.004053,0.010779,0.010196,0.010953,0.018695
1534,0.0,0.000185,0.000251,0.004579,0.010507,0.010471,0.010867,0.018402
1535,0.0,0.000196,0.000252,0.004589,0.010674,0.010298,0.010899,0.01878
1536,0.0,0.000183,0.000256,0.004074,0.010651,0.010218,0.011097,0.018831
1537,0.0,0.000186,0.000252,0.004043,0.010533,0.010228,0.011241,0.01874
1538,0.0,0.000197,0.000253,0.00403,0.010568,0.010489,0.010816,0.018555
1539,0.0,0.000185,0.000257,0.004013,0.010467,0.010217,0.010815,0.018417
1540,0.0,0.000185,0.000251,0.004005,0.010611,0.010255,0.010928,0.018615
1541,0.0,0.000185,0.000252,0.004002,0.010567,0.010267,0.010952,0.018733
1542,0.0,0.000184,0.000252,0.003994,0.010637,0.01024,0.010899,0.018604
1543,0.0,0.000201,0.000253,0.004027,0.010563,0.010206,0.011038,0.018424
1544,0.0,0.000186,0.000259,0.00406,0.010528,0.010237,0.011014,0.018562
1545,0.0,0.00019,0.000253,0.004013,0.010651,0.010145,0.011084,0.018457
1546,0.0,0.000184,0.000251,0.004028,0.010764,0.010123,0.010982,0.018669
1547,0.0,0.000185,0.000253,0.004037,0.010713,0.010146,0.011125,0.018553
1548,0.0,0.000185,0.000259,0.004176,0.01085,0.010173,0.011122,0.018543
1549,0.0,0.000185,0.000252,0.00403,0.01066,0.010133,0.010958,0.018579
1550,0.0,0.000191,0.000252,0.003985,0.01082,0.010143,0.01114,0.018434
1551,0.0,0.000191,0.000267,0.004634,0.01081,0.010207,0.011104,0.018577
1552,0.0,0.000185,0.000252,0.004089,0.010623,0.010377,0.011034,0.018473
1553,0.0,0.000185,0.000268,0.004741,0.010812,0.010256,0.010933,0.018835
1554,0.0,0.000185,0.000252,0.00406,0.01076,0.010436,0.011197,0.018702
1555,0.0,0.000196,0.000258,0.00414,0.010597,0.010376,0.010899,0.018704
1556,0.0,0.000185,0.000251,0.004075,0.010636,0.010206,0.011068,0.018504
1557,0.0,0.000191,0.000253,0.004046,0.010591,0.010251,0.010839,0.018799
1558,0.0,0.000186,0.000257,0.004059,0.010727,0.010281,0.011028,0.018513
1559,0.0,0.000185,0.000253,0.004035,0.010597,0.010227,0.010838,0.018491
1560,0.0,0.00019,0.000252,0.004019,0.010586,0.010516,0.011025,0.018608
1561,0.0,0.000186,0.000268,0.004062,0.010626,0.010236,0.010893,0.018444
1562,0.0,0.000188,0.000251,0.004047,0.010634,0.010217,0.010976,0.018705
1563,0.0,0.000185,0.000257,0.004037,0.010582,0.010255,0.011055,0.018622
1564,0.0,0.000186,0.000257,0.00469,0.010599,0.010145,0.011072,0.01847
1565,0.0,0.000198,0.000251,0.004019,0.010616,0.010143,0.010779,0.018484
1566,0.0,0.000185,0.000252,0.004186,0.010669,0.010124,0.010867,0.018516
1567,0.0,0.000185,0.000252,0.004031,0.010629,0.010158,0.010866,0.018483
1568,0.0,0.000185,0.000252,0.004186,0.01088,0.010582,0.010953,0.018352
1569,0.0,0.000185,0.000252,0.004814,0.010636,0.010155,0.010843,0.018588
1570,0.0,0.000185,0.000251,0.00464,0.010683,0.010202,0.010846,0.018475
1571,0.0,0.000191,0.000253,0.004164,0.010662,0.010234,0.010928,0.018647
1572,0.0,0.000191,0.000257,0.004757,0.010477,0.010191,0.010632,0.018519
1573,0.0,0.000212,0.000253,0.004114,0.010808,0.010252,0.01095,0.018492
1574,0.0,0.000185,0.000252,0.004082,0.010711,0.010376,0.010673,0.018629
1575,0.0,0.000184,0.000253,0.003988,0.010609,0.010533,0.010727,0.018667
1576,0.0,0.000213,0.000251,0.003993,0.010713,0.010228,0.010742,0.018688
1577,0.0,0.000188,0.000258,0.004001,0.010596,0.01024,0.010725,0.018753
1578,0.0,0.000185,0.000252,0.00407,0.010605,0.010214,0.010702,0.018714
1579,0.0,0.00019,0.000253,0.004176,0.0106,0.010251,0.010736,0.01859
1580,0.0,0.000185,0.000252,0.004029,0.010647,0.01047,0.010729,0.018466
1581,0.0,0.00019,0.000255,0.004122,0.01091,0.010156,0.010799,0.01861
1582,0.0,0.000186,0.000252,0.004029,0.010752,0.010273,0.010839,0.018373
1583,0.0,0.000184,0.000257,0.004052,0.010731,0.010168,0.010899,0.018576
1584,0.0,0.000184,0.000251,0.004067,0.010755,0.010134,0.010877,0.018429
1585,0.0,0.000184,0.000253,0.004087,0.01077,0.01014,0.010937,0.018669
1586,0.0,0.000187,0.000252,0.004037,0.010721,0.010414,0.010824,0.018464
1587,0.0,0.000186,0.000258,0.004055,0.010724,0.01016,0.010729,0.018464
1588,0.0,0.000185,0.000252,0.0041,0.010756,0.010337,0.010909,0.018627
1589,0.0,0.000185,0.000282,0.0041,0.010633,0.010237,0.010724,0.018423
1590,0.0,0.00019,0.000262,0.004082,0.010759,0.010245,0.010986,0.018757
1591,0.0,0.000185,0.000267,0.004067,0.010795,0.010204,0.010928,0.018614
1592,0.0,0.000185,0.000252,0.004024,0.010752,0.010228,0.010846,0.018523
1593,0.0,0.000185,0.000252,0.004014,0.010773,0.010465,0.010734,0.018665
1594,0.0,0.000185,0.000252,0.004014,0.010614,0.010345,0.010776,0.018751
1595,0.0,0.000185,0.000258,0.004175,0.01083,0.010242,0.011034,0.018696
1596,0.0,0.000184,0.000252,0.004052,0.010839,0.010484,0.010812,0.018491
1597,0.0,0.000185,0.000253,0.003996,0.010777,0.010217,0.010996,0.018594
1598,0.0,0.000186,0.000251,0.004038,0.010708,0.010404,0.010728,0.018576
1599,0.0,0.000185,0.000252,0.004068,0.010622,0.010204,0.010867,0.018549
1600,0.0,0.000185,0.000252,0.00406,0.010687,0.010143,0.010823,0.018533
1601,0.0,0.0002,0.000285,0.00401,0.010695,0.010176,0.010808,0.018745
1602,0.0,0.000186,0.000267,0.004549,0.010766,0.010445,0.010895,0.018664
1603,0.0,0.000186,0.000252,0.004023,0.010815,0.010127,0.010893,0.018491
1604,0.0,0.000185,0.000251,0.004038,0.010599,0.010385,0.010742,0.018597
1605,0.0,0.000185,0.000257,0.004219,0.010587,0.01015,0.010723,0.01844
1606,0.0,0.000191,0.000252,0.004129,0.010711,0.01024,0.01083,0.01859
1607,0.0,0.000187,0.000252,0.00406,0.010706,0.010354,0.010918,0.0184
1608,0.0,0.000185,0.000268,0.004056,0.010672,0.010232,0.010799,0.01867
1609,0.0,0.000184,0.000252,0.004093,0.010962,0.010282,0.010922,0.01872
1610,0.0,0.000185,0.000252,0.004027,0.010777,0.010204,0.010919,0.018627
1611,0.0,0.000185,0.000253,0.004155,0.010759,0.01019,0.010775,0.018478
1612,0.0,0.000184,0.000252,0.004048,0.010743,0.010211,0.010741,0.018558
1613,0.0,0.000185,0.000258,0.004139,0.010828,0.010221,0.010961,0.018381
1614,0.0,0.000185,0.000251,0.004083,0.010795,0.010243,0.010793,0.018698
1615,0.0,0.00019,0.000253,0.00406,0.010732,0.010486,0.010792,0.018593
1616,0.0,0.000195,0.000268,0.004026,0.010612,0.010259,0.010724,0.018391
1617,0.0,0.000186,0.000259,0.00401,0.010808,0.010375,0.010798,0.018855
1618,0.0,0.000186,0.000252,0.00407,0.010797,0.010152,0.010854,0.018447
1619,0.0,0.000185,0.000253,0.004049,0.010749,0.010172,0.010923,0.018401
1620,0.0,0.000185,0.000252,0.004036,0.010755,0.010168,0.010905,0.01869
1621,0.0,0.000185,0.000253,0.004043,0.010858,0.010169,0.010987,0.018796
1622,0.0,0.000187,0.000252,0.004097,0.010627,0.01015,0.010756,0.018628
1623,0.0,0.00019,0.000254,0.004119,0.0106,0.010115,0.010696,0.018354
1624,0.0,0.000185,0.000257,0.004051,0.010913,0.010207,0.011004,0.018674
1625,0.0,0.000185,0.000252,0.00421,0.010796,0.010313,0.01082,0.018706
1626,0.0,0.000184,0.000267,0.004026,0.010656,0.010463,0.01096,0.018589
1627,0.0,0.000192,0.000257,0.004066,0.010768,0.010236,0.011175,0.018642
1628,0.0,0.000186,0.000251,0.004048,0.010821,0.010208,0.011164,0.018437
1629,0.0,0.0002,0.000254,0.004151,0.010748,0.010191,0.011214,0.018671
1630,0.0,0.000185,0.000251,0.004071,0.010637,0.010154,0.010965,0.018573
1631,0.0,0.000185,0.000251,0.004047,0.010728,0.010247,0.010828,0.018388
1632,0.0,0.000186,0.000251,0.004141,0.010673,0.010346,0.010882,0.018635
1633,0.0,0.000185,0.000252,0.004031,0.010847,0.010307,0.010968,0.018405
1634,0.0,0.00019,0.000251,0.004051,0.010769,0.010157,0.010891,0.018403
1635,0.0,0.000185,0.000253,0.004034,0.010644,0.010256,0.0109,0.018268
1636,0.0,0.000191,0.000251,0.004122,0.010793,0.010283,0.011047,0.018416
1637,0.0,0.000185,0.000258,0.004227,0.010832,0.010122,0.011102,0.018719
1638,0.0,0.000185,0.000251,0.004535,0.010666,0.010225,0.010867,0.018582
1639,0.0,0.000184,0.000253,0.004089,0.010737,0.010154,0.010997,0.01844
1640,0.0,0.000184,0.000251,0.004614,0.010727,0.010361,0.010955,0.018617
1641,0.0,0.000191,0.000258,0.004001,0.010825,0.010422,0.011264,0.018477
1642,0.0,0.000186,0.000251,0.004207,0.010719,0.010164,0.011042,0.01871
1643,0.0,0.000185,0.000281,0.004058,0.010471,0.010211,0.010613,0.018581
1644,0.0,0.000185,0.000253,0.004041,0.010744,0.010225,0.01104,0.018738
1645,0.0,0.000184,0.000252,0.004109,0.010807,0.010224,0.011228,0.018709
1646,0.0,0.000184,0.000252,0.004608,0.010682,0.010319,0.010843,0.01844
1647,0.0,0.000192,0.000256,0.004028,0.010805,0.010156,0.011092,0.018818
1648,0.0,0.000186,0.000252,0.004145,0.010726,0.010147,0.011072,0.018654
1649,0.0,0.000186,0.000252,0.004096,0.010688,0.010305,0.010849,0.018735
1650,0.0,0.000184,0.000256,0.004051,0.010656,0.010241,0.010903,0.018463
1651,0.0,0.000184,0.000253,0.004047,0.010733,0.010348,0.01095,0.018619
1652,0.0,0.000185,0.000251,0.004068,0.010709,0.010289,0.011183,0.018863
1653,0.0,0.000191,0.000251,0.004015,0.010688,0.010247,0.011106,0.018688
1654,0.0,0.000186,0.000257,0.004473,0.010711,0.010154,0.01101,0.01848
1655,0.0,0.000186,0.000252,0.004224,0.010776,0.01021,0.011042,0.018811
1656,0.0,0.000189,0.000251,0.004009,0.010676,0.010439,0.011132,0.018632
1657,0.0,0.000184,0.000253,0.003991,0.010694,0.010191,0.011048,0.018704
1658,0.0,0.000185,0.000252,0.003971,0.010633,0.010158,0.011059,0.018942
1659,0.0,0.000185,0.000252,0.004175,0.010783,0.010306,0.011002,0.018713
1660,0.0,0.000185,0.000251,0.004103,0.010861,0.0102,0.011405,0.018588
1661,0.0,0.000193,0.000253,0.004056,0.010844,0.010211,0.011212,0.018601
1662,0.0,0.000185,0.000252,0.003999,0.010714,0.010366,0.011127,0.018469
1663,0.0,0.00019,0.000252,0.004019,0.010778,0.010138,0.011037,0.018653
1664,0.0,0.000186,0.000253,0.004089,0.010851,0.010283,0.011306,0.018452
1665,0.0,0.000192,0.000252,0.004103,0.010866,0.010194,0.010936,0.018715
1666,0.0,0.000185,0.000258,0.004069,0.010695,0.010148,0.011017,0.018501
1667,0.0,0.000197,0.000251,0.00402,0.010629,0.010186,0.011018,0.018487
1668,0.0,0.00019,0.000252,0.004184,0.010829,0.010206,0.011111,0.018554
1669,0.0,0.000185,0.000253,0.004017,0.010751,0.010167,0.010959,0.018541
1670,0.0,0.000191,0.000257,0.004011,0.010703,0.010143,0.010903,0.018569
1671,0.0,0.000185,0.000258,0.004078,0.010771,0.010135,0.010947,0.01848
1672,0.0,0.000185,0.000252,0.00466,0.010742,0.010186,0.011116,0.018782
1673,0.0,0.000185,0.000251,0.00411,0.010824,0.010231,0.011191,0.018628
1674,0.0,0.000186,0.000252,0.004035,0.010824,0.010263,0.01119,0.018521
1675,0.0,0.000185,0.000283,0.004084,0.010703,0.010208,0.011031,0.018624
1676,0.0,0.000186,0.000253,0.004051,0.010857,0.010224,0.011359,0.018476
1677,0.0,0.000186,0.000258,0.004056,0.010707,0.010251,0.011147,0.018655
1678,0.0,0.000185,0.000253,0.00402,0.010739,0.010164,0.011166,0.018692
1679,0.0,0.000185,0.000258,0.004078,0.010715,0.010165,0.011146,0.018686
1680,0.0,0.000185,0.00025,0.00403,0.010702,0.010117,0.011096,0.018599
1681,0.0,0.000184,0.000252,0.004592,0.010545,0.010184,0.010882,0.018389
1682,0.0,0.000191,0.000252,0.00402,0.010779,0.010185,0.010952,0.018539
1683,0.0,0.000185,0.000258,0.004077,0.010683,0.010187,0.011037,0.01864
1684,0.0,0.000185,0.000259,0.004041,0.010686,0.010132,0.011156,0.01864
1685,0.0,0.000196,0.000253,0.004019,0.010666,0.01024,0.010876,0.018707
1686,0.0,0.000184,0.000252,0.004439,0.010796,0.01016,0.011175,0.018562
1687,0.0,0.000186,0.000252,0.004006,0.010714,0.010195,0.010959,0.018528
1688,0.0,0.000184,0.000252,0.004023,0.010677,0.010143,0.011178,0.018586
1689,0.0,0.000185,0.000257,0.004623,0.010672,0.01018,0.010946,0.01841
1690,0.0,0.000195,0.000252,0.004027,0.010706,0.010239,0.011209,0.018787
1691,0.0,0.000185,0.000257,0.004037,0.010752,0.010232,0.011069,0.018338
1692,0.0,0.000185,0.000252,0.004009,0.010866,0.01019,0.011356,0.018486
1693,0.0,0.000185,0.000253,0.004049,0.01088,0.010152,0.011349,0.0187
1694,0.0,0.000185,0.000269,0.004105,0.010976,0.010171,0.01136,0.01859
1695,0.0,0.000185,0.000252,0.004019,0.010847,0.010212,0.011308,0.018442
1696,0.0,0.000185,0.000252,0.004037,0.010797,0.010145,0.01131,0.018354
1697,0.0,0.000185,0.000259,0.004147,0.010839,0.010233,0.011344,0.018618
1698,0.0,0.000185,0.000252,0.004423,0.010634,0.010312,0.011053,0.018584
1699,0.0,0.000185,0.000255,0.004123,0.010834,0.010265,0.011152,0.018654
1700,0.0,0.000185,0.000252,0.004139,0.010794,0.010239,0.011145,0.018602
1701,0.0,0.000191,0.000257,0.004183,0.01069,0.010179,0.011053,0.018628
1702,0.0,0.000186,0.000251,0.004066,0.010765,0.010134,0.01098,0.018726
1703,0.0,0.000186,0.000251,0.004026,0.010728,0.010319,0.01124,0.018733
1704,0.0,0.000184,0.000251,0.004038,0.010825,0.010193,0.01114,0.018789
1705,0.0,0.000185,0.000253,0.004096,0.011014,0.010196,0.011267,0.018573
1706,0.0,0.000186,0.000257,0.004019,0.010958,0.010148,0.011304,0.018695
1707,0.0,0.000187,0.000253,0.004019,0.010848,0.010284,0.011402,0.018772
1708,0.0,0.000184,0.000251,0.00402,0.010892,0.01026,0.011182,0.018769
1709,0.0,0.000185,0.000252,0.004044,0.010816,0.010255,0.01099,0.01848
1710,0.0,0.000184,0.000252,0.004019,0.010882,0.010224,0.011302,0.018538
1711,0.0,0.000184,0.000252,0.00403,0.010954,0.010213,0.011275,0.018463
1712,0.0,0.000185,0.000257,0.004003,0.010891,0.010452,0.011229,0.018641
1713,0.0,0.000184,0.000253,0.003997,0.010827,0.010392,0.01138,0.018445
1714,0.0,0.000186,0.000252,0.004701,0.010772,0.010303,0.011109,0.018677
1715,0.0,0.000185,0.000253,0.004142,0.010761,0.010268,0.011025,0.018581
1716,0.0,0.000185,0.000251,0.004015,0.010869,0.010204,0.011156,0.018469
1717,0.0,0.000185,0.000253,0.004071,0.010786,0.010199,0.010999,0.018772
1718,0.0,0.000186,0.000252,0.004023,0.010548,0.010355,0.01112,0.018732
1719,0.0,0.000186,0.000257,0.004349,0.010577,0.010184,0.010765,0.018648
1720,0.0,0.000195,0.000253,0.00399,0.010427,0.010145,0.010751,0.0186
1721,0.0,0.000185,0.000252,0.004651,0.010656,0.01016,0.010838,0.018676
1722,0.0,0.000192,0.000252,0.004012,0.010487,0.01026,0.010808,0.01863
1723,0.0,0.000185,0.000258,0.004109,0.010488,0.010272,0.010842,0.018443
1724,0.0,0.000186,0.000251,0.00399,0.01063,0.010188,0.010743,0.018616
1725,0.0,0.000185,0.000257,0.004082,0.0104,0.010162,0.010721,0.018593
1726,0.0,0.000185,0.000251,0.00401,0.01053,0.010187,0.010808,0.018765
1727,0.0,0.000185,0.000254,0.004076,0.010541,0.010154,0.010687,0.018544
1728,0.0,0.000192,0.000252,0.004001,0.010582,0.010236,0.011005,0.018713
1729,0.0,0.000185,0.000257,0.004027,0.010487,0.010459,0.010774,0.018633
1730,0.0,0.000184,0.000252,0.00403,0.010542,0.0102,0.010816,0.018451
1731,0.0,0.000185,0.000257,0.00404,0.010668,0.010272,0.010761,0.018747
1732,0.0,0.000185,0.00025,0.003992,0.010498,0.010194,0.010628,0.018748
1733,0.0,0.000185,0.000259,0.004007,0.010482,0.010262,0.010684,0.018707
1734,0.0,0.000185,0.000252,0.004012,0.010534,0.010278,0.010732,0.018515
1735,0.0,0.000185,0.000268,0.004161,0.010412,0.010313,0.010732,0.01864
1736,0.0,0.000185,0.000251,0.004097,0.010444,0.010193,0.010698,0.018628
1737,0.0,0.000197,0.000252,0.004207,0.010574,0.010241,0.010647,0.018445
1738,0.0,0.000188,0.000257,0.004017,0.010406,0.010269,0.010746,0.018464
1739,0.0,0.000184,0.000252,0.004538,0.010562,0.01016,0.010647,0.018725
1740,0.0,0.000184,0.000252,0.00463,0.010446,0.010199,0.010829,0.01863
1741,0.0,0.000185,0.000268,0.004021,0.010556,0.010181,0.010977,0.018303
1742,0.0,0.000185,0.000257,0.004043,0.01049,0.010184,0.010648,0.018511
1743,0.0,0.000185,0.000252,0.004054,0.010467,0.010387,0.010689,0.01869
1744,0.0,0.000187,0.000252,0.004021,0.010467,0.010181,0.010695,0.018547
1745,0.0,0.000199,0.000253,0.004038,0.010457,0.010235,0.010918,0.018613
1746,0.0,0.000185,0.000251,0.004028,0.010611,0.010267,0.010883,0.01836
1747,0.0,0.000185,0.000253,0.004019,0.010558,0.010371,0.010783,0.018523
1748,0.0,0.000191,0.000258,0.004035,0.010487,0.010462,0.010863,0.018664
1749,0.0,0.000185,0.00026,0.004061,0.010567,0.010528,0.010699,0.018447
1750,0.0,0.000184,0.000257,0.004019,0.010742,0.01033,0.011012,0.018899
1751,0.0,0.000185,0.000253,0.004047,0.01076,0.01034,0.010941,0.018788
1752,0.0,0.000192,0.000252,0.004035,0.010548,0.010291,0.010943,0.018758
1753,0.0,0.000192,0.000252,0.004065,0.010694,0.010174,0.010994,0.018647
1754,0.0,0.000185,0.000251,0.004,0.010612,0.010419,0.010965,0.018785
1755,0.0,0.000185,0.000253,0.004003,0.010721,0.010267,0.011017,0.018582
1756,0.0,0.000186,0.00025,0.004025,0.010852,0.010224,0.011115,0.018457
1757,0.0,0.000185,0.000253,0.004008,0.010686,0.010415,0.011203,0.018483
1758,0.0,0.000191,0.000256,0.004085,0.010719,0.010158,0.011089,0.018634
1759,0.0,0.000184,0.000253,0.004075,0.010983,0.010322,0.011069,0.018497
1760,0.0,0.000184,0.000251,0.004021,0.010725,0.010163,0.011268,0.018734
1761,0.0,0.000185,0.000252,0.004026,0.010665,0.010164,0.011129,0.018656
1762,0.0,0.000186,0.000252,0.004127,0.01083,0.010201,0.011249,0.018524
1763,0.0,0.000204,0.000275,0.004954,0.01077,0.010422,0.011266,0.018766
1764,0.0,0.000185,0.000252,0.004042,0.010706,0.010331,0.011118,0.018601
1765,0.0,0.000184,0.000253,0.004008,0.010839,0.010329,0.011061,0.018533
1766,0.0,0.000185,0.00026,0.004037,0.010809,0.010347,0.011135,0.018827
1767,0.0,0.000185,0.000255,0.004009,0.010706,0.010584,0.011114,0.018728
1768,0.0,0.000185,0.000251,0.003998,0.010683,0.010345,0.011088,0.018585
1769,0.0,0.000185,0.000259,0.003997,0.010824,0.010562,0.011125,0.018574
1770,0.0,0.000185,0.000252,0.004053,0.01072,0.010331,0.011014,0.018714
1771,0.0,0.000191,0.000257,0.00405,0.01078,0.010234,0.011396,0.018595
1772,0.0,0.000186,0.000252,0.003983,0.010727,0.010219,0.010996,0.018401
1773,0.0,0.000185,0.000252,0.004065,0.010818,0.010225,0.011124,0.018452
1774,0.0,0.000185,0.000252,0.004027,0.01072,0.010244,0.011161,0.018694
1775,0.0,0.000185,0.000253,0.004032,0.010704,0.010156,0.011142,0.018468
1776,0.0,0.000184,0.000252,0.00405,0.010682,0.010338,0.011294,0.018721
1777,0.0,0.00019,0.000252,0.00401,0.010832,0.010182,0.011137,0.018616
1778,0.0,0.000186,0.000251,0.004013,0.010806,0.010166,0.011075,0.018561
1779,0.0,0.000185,0.000252,0.004046,0.010743,0.010171,0.011207,0.018655
1780,0.0,0.000185,0.000256,0.004087,0.010754,0.01032,0.011106,0.018537
1781,0.0,0.000192,0.000251,0.00412,0.01075,0.010313,0.011058,0.018801
1782,0.0,0.000185,0.000251,0.004073,0.010743,0.010326,0.011155,0.018693
1783,0.0,0.000185,0.000252,0.004224,0.010707,0.010659,0.011113,0.018573
1784,0.0,0.000185,0.000251,0.004501,0.010831,0.010346,0.011088,0.018332
1785,0.0,0.000193,0.000252,0.004049,0.010736,0.010353,0.011119,0.018536
1786,0.0,0.000185,0.000252,0.004058,0.010752,0.010311,0.011233,0.018815
1787,0.0,0.000186,0.000251,0.004003,0.010687,0.010362,0.011131,0.01864
1788,0.0,0.000185,0.000257,0.00405,0.010747,0.010462,0.011101,0.018394
1789,0.0,0.000185,0.000258,0.004134,0.010774,0.010391,0.011043,0.018469
1790,0.0,0.000189,0.000251,0.004086,0.010809,0.010461,0.011155,0.018803
1791,0.0,0.000185,0.000251,0.004646,0.010777,0.010472,0.011101,0.018428
1792,0.0,0.000185,0.000257,0.004056,0.010719,0.010433,0.011002,0.018623
1793,0.0,0.000185,0.000258,0.004096,0.010708,0.010491,0.011184,0.018473
1794,0.0,0.000185,0.000252,0.004042,0.010843,0.010882,0.011214,0.018615
1795,0.0,0.000185,0.000251,0.004041,0.010775,0.010443,0.011092,0.018483
1796,0.0,0.000184,0.000257,0.004091,0.010741,0.010545,0.011021,0.018584
1797,0.0,0.000185,0.000252,0.003998,0.010732,0.01079,0.011205,0.018408
1798,0.0,0.000185,0.000251,0.004013,0.010748,0.010547,0.011079,0.018596
1799,0.0,0.000184,0.000252,0.004047,0.010708,0.010516,0.011063,0.018678
1800,0.0,0.000191,0.000257,0.004054,0.010815,0.010368,0.011003,0.018657
1801,0.0,0.000191,0.000252,0.004056,0.010752,0.010332,0.010897,0.018558
1802,0.0,0.000186,0.000251,0.004003,0.010698,0.010286,0.011167,0.018824
1803,0.0,0.000184,0.000258,0.00414,0.010867,0.010339,0.010985,0.018658
1804,0.0,0.000186,0.000252,0.004004,0.010839,0.010377,0.010997,0.018429
1805,0.0,0.000185,0.000252,0.00403,0.010723,0.01035,0.011199,0.018651
1806,0.0,0.000185,0.000256,0.004732,0.010747,0.010528,0.011194,0.018636
1807,0.0,0.000185,0.000252,0.003992,0.010736,0.010433,0.011076,0.018468
1808,0.0,0.000185,0.000252,0.005183,0.010852,0.010404,0.011033,0.018699
1809,0.0,0.00019,0.000252,0.004073,0.01078,0.010698,0.01115,0.018857
1810,0.0,0.000184,0.000251,0.004058,0.01078,0.010539,0.010942,0.018614
1811,0.0,0.00019,0.000263,0.004035,0.010827,0.010614,0.010961,0.018492
1812,0.0,0.000185,0.000252,0.004015,0.010655,0.010572,0.011005,0.018663
1813,0.0,0.000185,0.000252,0.004045,0.010824,0.010422,0.011141,0.018627
1814,0.0,0.000185,0.000253,0.004068,0.010753,0.010397,0.010939,0.018673
1815,0.0,0.000193,0.000258,0.004006,0.010647,0.010409,0.010933,0.018554
1816,0.0,0.000185,0.000252,0.004064,0.010597,0.010397,0.010978,0.018523
1817,0.0,0.000186,0.000253,0.004516,0.010688,0.010509,0.010956,0.018867
1818,0.0,0.000185,0.000252,0.004034,0.010786,0.010445,0.011058,0.018766
1819,0.0,0.00019,0.000252,0.004029,0.010698,0.010401,0.010981,0.018646
1820,0.0,0.00019,0.00025,0.004071,0.010679,0.010364,0.011123,0.018625
1821,0.0,0.000185,0.000251,0.004041,0.010742,0.010456,0.011151,0.018806
1822,0.0,0.000192,0.000252,0.004044,0.010674,0.01037,0.011125,0.018663
1823,0.0,0.000185,0.000252,0.004257,0.010854,0.010378,0.010968,0.018586
1824,0.0,0.000186,0.000252,0.004044,0.010844,0.010351,0.010926,0.018628
1825,0.0,0.000185,0.000252,0.00402,0.010669,0.010535,0.010907,0.018402
1826,0.0,0.000184,0.000256,0.004019,0.010654,0.010467,0.010966,0.01842
1827,0.0,0.000186,0.000252,0.004078,0.010686,0.010489,0.010954,0.018774
1828,0.0,0.000185,0.000251,0.004013,0.010687,0.010428,0.010947,0.018545
1829,0.0,0.000185,0.000258,0.004049,0.010658,0.010376,0.011011,0.018434
1830,0.0,0.000184,0.000251,0.004062,0.010791,0.010686,0.010958,0.018672
1831,0.0,0.000184,0.000252,0.004597,0.010926,0.010432,0.010951,0.018623
1832,0.0,0.000185,0.000251,0.004059,0.010817,0.010504,0.011116,0.018792
1833,0.0,0.000185,0.000254,0.00403,0.010989,0.010393,0.011129,0.018686
1834,0.0,0.000185,0.000251,0.004496,0.010677,0.010638,0.01101,0.01876
1835,0.0,0.00019,0.000257,0.004013,0.010603,0.010536,0.011158,0.01865
1836,0.0,0.000184,0.000251,0.004032,0.010698,0.010424,0.011099,0.018507
1837,0.0,0.000191,0.000252,0.004076,0.01077,0.010655,0.0112,0.01862
1838,0.0,0.000184,0.000257,0.004005,0.010755,0.010436,0.01111,0.01848
1839,0.0,0.000185,0.000253,0.004559,0.01075,0.010521,0.0112,0.018856
1840,0.0,0.000184,0.000251,0.004059,0.010785,0.010396,0.011059,0.018713
1841,0.0,0.00019,0.000252,0.00404,0.01091,0.010434,0.010964,0.018689
1842,0.0,0.000185,0.000251,0.004702,0.010721,0.010521,0.011106,0.018334
1843,0.0,0.000185,0.000262,0.004004,0.010689,0.010414,0.011101,0.018237
1844,0.0,0.000185,0.000252,0.004094,0.010752,0.010467,0.011116,0.0185
1845,0.0,0.000185,0.000253,0.003983,0.010681,0.010494,0.011238,0.018609
1846,0.0,0.000199,0.000253,0.004058,0.010687,0.01047,0.011009,0.01849
1847,0.0,0.000186,0.000251,0.004025,0.010614,0.010463,0.011022,0.018743
1848,0.0,0.000186,0.000273,0.003981,0.010963,0.010761,0.010954,0.0186
1849,0.0,0.000186,0.000253,0.004003,0.010641,0.01048,0.01102,0.018621
1850,0.0,0.000185,0.000251,0.004148,0.010655,0.010409,0.011067,0.018729
1851,0.0,0.000185,0.000252,0.003978,0.010751,0.010611,0.011033,0.018513
1852,0.0,0.000192,0.000261,0.004054,0.010698,0.010369,0.01106,0.018777
1853,0.0,0.000186,0.000252,0.004024,0.010673,0.010684,0.011143,0.018812
1854,0.0,0.000186,0.000251,0.004085,0.01067,0.010467,0.01103,0.018672
1855,0.0,0.00019,0.000252,0.004053,0.010731,0.01034,0.01123,0.018772
1856,0.0,0.000185,0.000251,0.004041,0.010724,0.010379,0.011027,0.018746
1857,0.0,0.000186,0.000252,0.004052,0.01077,0.010438,0.011065,0.018688
1858,0.0,0.000184,0.000257,0.004021,0.01093,0.010433,0.011235,0.018546
1859,0.0,0.000185,0.000253,0.004017,0.010777,0.010369,0.011145,0.018709
1860,0.0,0.000185,0.000252,0.004013,0.010812,0.010401,0.011108,0.01871
1861,0.0,0.000185,0.000252,0.004039,0.01075,0.010532,0.010982,0.018608
1862,0.0,0.000185,0.000257,0.004063,0.010921,0.01059,0.011232,0.018521
1863,0.0,0.000185,0.000253,0.004023,0.010715,0.010495,0.010855,0.018774
1864,0.0,0.000184,0.000264,0.004023,0.010724,0.010454,0.010999,0.018767
1865,0.0,0.000185,0.000251,0.004019,0.010707,0.010682,0.010944,0.018618
1866,0.0,0.000185,0.000252,0.004074,0.010657,0.010414,0.011076,0.018375
1867,0.0,0.000185,0.000253,0.004046,0.010934,0.010444,0.010839,0.018592
1868,0.0,0.000185,0.000251,0.004001,0.010664,0.010463,0.010783,0.01859
1869,0.0,0.000184,0.000252,0.004026,0.010816,0.010448,0.010811,0.018711
1870,0.0,0.0002,0.000252,0.004031,0.0109,0.010416,0.010836,0.018434
1871,0.0,0.000185,0.000253,0.003998,0.010725,0.010744,0.011004,0.018716
1872,0.0,0.000186,0.000258,0.004032,0.010729,0.010444,0.010783,0.018529
1873,0.0,0.000186,0.000252,0.003996,0.01081,0.010367,0.011108,0.018772
1874,0.0,0.000185,0.000268,0.004002,0.010889,0.010652,0.010959,0.018644
1875,0.0,0.000191,0.000257,0.004034,0.01098,0.010371,0.01097,0.018774
1876,0.0,0.000185,0.000257,0.004009,0.010809,0.010393,0.010982,0.018575
1877,0.0,0.000186,0.000257,0.004618,0.01097,0.010352,0.010938,0.018907
1878,0.0,0.00019,0.000257,0.004024,0.010755,0.010421,0.010956,0.018625
1879,0.0,0.000184,0.000252,0.004047,0.011014,0.010527,0.011065,0.018578
1880,0.0,0.000185,0.000253,0.004099,0.010752,0.010677,0.010971,0.018828
1881,0.0,0.000192,0.000253,0.004161,0.010746,0.010549,0.011243,0.018798
1882,0.0,0.000191,0.000256,0.004146,0.010752,0.010478,0.010862,0.018637
1883,0.0,0.000185,0.000255,0.004018,0.010888,0.010474,0.010875,0.018487
1884,0.0,0.000185,0.000252,0.004083,0.01065,0.010465,0.010837,0.018702
1885,0.0,0.000185,0.000257,0.004031,0.010931,0.010451,0.010853,0.018597
1886,0.0,0.0002,0.000258,0.004091,0.010779,0.010506,0.010849,0.018645
1887,0.0,0.000185,0.000258,0.00409,0.010739,0.01056,0.010895,0.018787
1888,0.0,0.000191,0.000251,0.004063,0.010918,0.010497,0.010964,0.018609
1889,0.0,0.000185,0.000258,0.00403,0.010837,0.010523,0.011008,0.018512
1890,0.0,0.000185,0.000256,0.004042,0.010841,0.010437,0.011006,0.018812
1891,0.0,0.000185,0.000259,0.004024,0.010819,0.010442,0.011122,0.018662
1892,0.0,0.000186,0.000254,0.00402,0.010927,0.010404,0.010967,0.018541
1893,0.0,0.000185,0.000252,0.004162,0.011031,0.010608,0.011097,0.019067
1894,0.0,0.000185,0.000252,0.004005,0.010926,0.010564,0.010994,0.018644
1895,0.0,0.000185,0.000262,0.004018,0.010933,0.010405,0.01113,0.018554
1896,0.0,0.000184,0.000252,0.004056,0.011008,0.010453,0.011048,0.018666
1897,0.0,0.000192,0.000259,0.004146,0.010964,0.010475,0.011001,0.018612
1898,0.0,0.000185,0.000268,0.004048,0.010859,0.010554,0.011086,0.018604
1899,0.0,0.000185,0.000252,0.004205,0.010756,0.010623,0.010941,0.018688
1900,0.0,0.000184,0.000257,0.004016,0.010794,0.010548,0.011032,0.018567
1901,0.0,0.000185,0.000258,0.00412,0.01097,0.010604,0.011125,0.018525
1902,0.0,0.000185,0.000252,0.004728,0.010774,0.010735,0.011036,0.018717
1903,0.0,0.000184,0.000252,0.004025,0.01093,0.010476,0.011052,0.018644
1904,0.0,0.000186,0.000252,0.004083,0.010904,0.010627,0.011078,0.018424
1905,0.0,0.000185,0.000252,0.004107,0.010858,0.010743,0.011051,0.018467
1906,0.0,0.000184,0.000251,0.003994,0.01091,0.010512,0.011184,0.018463
1907,0.0,0.000185,0.000258,0.004162,0.010874,0.010767,0.011169,0.018553
1908,0.0,0.000185,0.000252,0.004123,0.010903,0.010377,0.011093,0.018642
1909,0.0,0.000184,0.000252,0.004115,0.01083,0.01046,0.011015,0.018487
1910,0.0,0.000185,0.000252,0.004043,0.010947,0.010405,0.011032,0.018733
1911,0.0,0.000185,0.000257,0.004017,0.010818,0.010445,0.011016,0.018622
1912,0.0,0.000187,0.000267,0.004229,0.010822,0.010625,0.011074,0.018583
1913,0.0,0.000185,0.000252,0.004036,0.010808,0.010383,0.011035,0.018464
1914,0.0,0.000185,0.000252,0.004021,0.010861,0.010351,0.011015,0.018623
1915,0.0,0.000184,0.000252,0.004052,0.010814,0.010399,0.011001,0.018666
1916,0.0,0.000185,0.000253,0.004026,0.010757,0.010517,0.011012,0.018614
1917,0.0,0.000186,0.000258,0.004003,0.010901,0.010372,0.011104,0.018674
1918,0.0,0.000184,0.000268,0.004053,0.010799,0.010504,0.011059,0.018807
1919,0.0,0.000185,0.000253,0.004015,0.010953,0.010405,0.011138,0.018649
1920,0.0,0.000184,0.000251,0.004038,0.011066,0.010805,0.011096,0.018623
1921,0.0,0.000184,0.000253,0.004019,0.010894,0.010358,0.011344,0.018557
1922,0.0,0.000186,0.000251,0.004018,0.010862,0.010522,0.011237,0.018603
1923,0.0,0.000196,0.000253,0.004051,0.010896,0.010625,0.011225,0.018808
1924,0.0,0.000186,0.000251,0.004026,0.010858,0.010495,0.011216,0.018908
1925,0.0,0.000184,0.000252,0.004213,0.010811,0.010387,0.011226,0.018612
1926,0.0,0.000186,0.000253,0.00407,0.010953,0.010481,0.011333,0.018427
1927,0.0,0.000191,0.000253,0.004021,0.01092,0.010396,0.011275,0.018397
1928,0.0,0.000185,0.000251,0.004033,0.010801,0.010533,0.011332,0.018314
1929,0.0,0.000185,0.000253,0.00401,0.010804,0.010655,0.011122,0.018496
1930,0.0,0.000185,0.000253,0.004036,0.010848,0.010334,0.011253,0.01878
1931,0.0,0.000185,0.000258,0.00408,0.010933,0.010467,0.01127,0.01868
1932,0.0,0.000185,0.000251,0.004039,0.01086,0.010455,0.011299,0.018555
1933,0.0,0.000191,0.000252,0.004002,0.011012,0.010283,0.011237,0.018788
1934,0.0,0.000184,0.000258,0.004166,0.010899,0.010606,0.01117,0.018667
1935,0.0,0.000185,0.000253,0.004053,0.01083,0.010476,0.011123,0.018493
1936,0.0,0.000184,0.000251,0.004113,0.010812,0.010482,0.011193,0.018834
1937,0.0,0.000186,0.000254,0.00402,0.01092,0.010501,0.011366,0.018476
1938,0.0,0.00019,0.000252,0.004041,0.01078,0.010502,0.011312,0.018417
1939,0.0,0.000186,0.000252,0.004024,0.010743,0.010364,0.011294,0.018567
1940,0.0,0.0002,0.000252,0.00401,0.010811,0.010723,0.011306,0.018618
1941,0.0,0.000185,0.000254,0.004125,0.010976,0.010459,0.010974,0.018491
1942,0.0,0.000185,0.000251,0.004211,0.010912,0.010416,0.010993,0.019033
1943,0.0,0.000186,0.000253,0.004151,0.010797,0.010727,0.011239,0.018657
1944,0.0,0.000185,0.000258,0.004079,0.010778,0.010414,0.011221,0.018576
1945,0.0,0.000191,0.000253,0.003988,0.010918,0.010584,0.011238,0.018843
1946,0.0,0.000184,0.000257,0.004379,0.010907,0.010365,0.011225,0.018785
1947,0.0,0.000185,0.000258,0.004007,0.01087,0.010517,0.011361,0.018609
1948,0.0,0.000186,0.000252,0.004027,0.010972,0.010309,0.011247,0.018658
1949,0.0,0.000185,0.000253,0.003989,0.01088,0.010527,0.011259,0.018485
1950,0.0,0.000185,0.000256,0.004831,0.010899,0.010319,0.011337,0.018626
1951,0.0,0.000185,0.000271,0.004037,0.010908,0.010312,0.011428,0.01845
1952,0.0,0.000185,0.000252,0.004001,0.01089,0.010493,0.011308,0.018495
1953,0.0,0.000185,0.000252,0.004059,0.011089,0.010402,0.01137,0.01876
1954,0.0,0.000185,0.000252,0.004008,0.010954,0.010596,0.011452,0.018645
1955,0.0,0.000184,0.000252,0.004106,0.010979,0.010328,0.01161,0.018545
1956,0.0,0.000184,0.000252,0.004006,0.010961,0.010601,0.011362,0.018389
1957,0.0,0.000185,0.000254,0.004041,0.010927,0.010527,0.011401,0.018416
1958,0.0,0.000185,0.000253,0.004031,0.010873,0.010532,0.011469,0.018647
1959,0.0,0.000185,0.000252,0.004542,0.010906,0.010538,0.011424,0.018761
1960,0.0,0.000192,0.000251,0.004047,0.011037,0.010619,0.011217,0.018802
1961,0.0,0.000186,0.000251,0.004099,0.010779,0.01048,0.011253,0.018559
1962,0.0,0.000186,0.000256,0.004004,0.010961,0.010481,0.011248,0.018419
1963,0.0,0.000191,0.000257,0.004081,0.010897,0.010458,0.011494,0.018733
1964,0.0,0.000185,0.000252,0.004,0.010852,0.010358,0.011494,0.018508
1965,0.0,0.000191,0.000253,0.004058,0.010903,0.010478,0.011382,0.018637
1966,0.0,0.00019,0.000256,0.004059,0.010969,0.01064,0.011302,0.018351
1967,0.0,0.000186,0.000258,0.004087,0.01091,0.010435,0.011449,0.018385
1968,0.0,0.000185,0.000251,0.004037,0.01093,0.01044,0.011438,0.018532
1969,0.0,0.000185,0.000252,0.004041,0.010916,0.010516,0.011422,0.018744
1970,0.0,0.000184,0.000257,0.00411,0.01081,0.010578,0.011369,0.01876
1971,0.0,0.000185,0.000254,0.004614,0.010849,0.010773,0.011321,0.018705
1972,0.0,0.000186,0.000267,0.003996,0.011092,0.010445,0.011305,0.018529
1973,0.0,0.000185,0.000252,0.004003,0.010956,0.010683,0.011455,0.018847
1974,0.0,0.000185,0.000252,0.003976,0.010829,0.010787,0.011472,0.018699
1975,0.0,0.000193,0.000263,0.004173,0.010823,0.010647,0.011294,0.018498
1976,0.0,0.000185,0.000267,0.004045,0.010899,0.010677,0.011291,0.018708
1977,0.0,0.000186,0.000253,0.003983,0.010853,0.010572,0.011259,0.01849
1978,0.0,0.000186,0.000252,0.004001,0.01084,0.010625,0.011255,0.018665
1979,0.0,0.000185,0.000258,0.003974,0.010843,0.010441,0.011415,0.018676
1980,0.0,0.000184,0.000252,0.004038,0.010953,0.010572,0.011441,0.018693
1981,0.0,0.000185,0.000257,0.004017,0.010953,0.010548,0.011274,0.018448
1982,0.0,0.000191,0.000252,0.004055,0.010915,0.010537,0.011455,0.018612
1983,0.0,0.000185,0.000252,0.003988,0.011053,0.010403,0.011325,0.018794
1984,0.0,0.000185,0.000252,0.00401,0.010936,0.010549,0.011456,0.018693
1985,0.0,0.000192,0.000253,0.004065,0.010943,0.010453,0.011406,0.01852
1986,0.0,0.000191,0.000252,0.003991,0.011058,0.010481,0.011395,0.01877
1987,0.0,0.000192,0.000259,0.003997,0.011367,0.010434,0.011456,0.018845
1988,0.0,0.00019,0.000252,0.00402,0.010888,0.010539,0.011456,0.018643
1989,0.0,0.000192,0.000252,0.003981,0.010871,0.010613,0.011313,0.01863
1990,0.0,0.000185,0.000252,0.003986,0.010832,0.010657,0.011287,0.01864
1991,0.0,0.000185,0.000252,0.004025,0.010833,0.010725,0.011489,0.01873
1992,0.0,0.000185,0.000252,0.003986,0.01093,0.010582,0.011321,0.018741
1993,0.0,0.000185,0.000258,0.003995,0.010846,0.010604,0.011224,0.01877
1994,0.0,0.000185,0.000251,0.003976,0.010942,0.010498,0.011409,0.018601
1995,0.0,0.000186,0.000253,0.004029,0.010865,0.010562,0.011242,0.018762
1996,0.0,0.000184,0.000252,0.004021,0.010858,0.010513,0.011316,0.018629
1997,0.0,0.000186,0.000252,0.004065,0.010869,0.010692,0.011248,0.018568
1998,0.0,0.000185,0.000257,0.004008,0.010823,0.010444,0.011341,0.018674
1999,0.0,0.000185,0.000252,0.004047,0.010898,0.010477,0.01123,0.018686
2000,0.0,0.000184,0.000257,0.004057,0.010913,0.010558,0.011275,0.018723
2001,0.0,0.000183,0.000253,0.004087,0.010936,0.010378,0.011442,0.018489
2002,0.0,0.000185,0.000257,0.003981,0.010982,0.010527,0.011334,0.018601
2003,0.0,0.000185,0.000253,0.004104,0.010931,0.010506,0.011454,0.018711
2004,0.0,0.000184,0.000256,0.003999,0.011074,0.010503,0.011345,0.018368
2005,0.0,0.000184,0.000253,0.003993,0.01101,0.010498,0.011468,0.018494
2006,0.0,0.000185,0.000251,0.003999,0.010954,0.010473,0.011496,0.018845
2007,0.0,0.000185,0.000254,0.004158,0.010979,0.0105,0.01141,0.018476
2008,0.0,0.00019,0.000257,0.00399,0.010943,0.010508,0.011348,0.018668
2009,0.0,0.000185,0.000252,0.004196,0.010934,0.010694,0.011279,0.018474
2010,0.0,0.000184,0.000253,0.003971,0.010976,0.010602,0.011251,0.018754
2011,0.0,0.00019,0.000251,0.003986,0.010892,0.010528,0.011179,0.018682
2012,0.0,0.000185,0.000251,0.00401,0.010898,0.010495,0.011493,0.018674
2013,0.0,0.000185,0.000253,0.003982,0.011,0.010526,0.011258,0.018431
2014,0.0,0.000185,0.000252,0.003993,0.010877,0.010533,0.011457,0.018577
2015,0.0,0.000185,0.000252,0.004007,0.010946,0.010589,0.011398,0.018757
2016,0.0,0.00019,0.000267,0.004565,0.010971,0.01043,0.011387,0.018653
2017,0.0,0.000185,0.000252,0.004082,0.011144,0.01048,0.011526,0.018472
2018,0.0,0.000203,0.000256,0.004237,0.011243,0.010533,0.011524,0.018726
2019,0.0,0.000186,0.000257,0.004618,0.011176,0.010588,0.011664,0.018598
2020,0.0,0.000184,0.000252,0.004201,0.01123,0.010591,0.011571,0.018647
