instance_number,clingo,clingo api,clingo api heu,dlv2,incr heu,no remodel,no switch,std incr
0,0.01,0.003742,0.003679,0.012721,0.013093,0.008657,0.013258,0.011462
1,0.008,0.002902,0.02352,0.012627,0.003059,0.002382,0.003094,0.003997
2,0.008,0.002949,0.024048,0.012461,0.002302,0.001852,0.002403,0.003184
3,0.009,0.00302,0.023649,0.012802,0.002211,0.001845,0.001957,0.002805
4,0.009,0.003086,0.023988,0.012885,0.00189,0.001867,0.001877,0.002763
5,0.011,0.003189,0.023911,0.010147,0.001924,0.001865,0.001912,0.002771
6,0.009,0.003239,0.024342,0.010142,0.007391,0.007128,0.007458,0.007886
7,0.011,0.003312,0.023995,0.010156,0.003574,0.003451,0.003557,0.005049
8,0.012,0.003437,0.024853,0.010171,0.003243,0.003233,0.003327,0.004764
9,0.012,0.003488,0.024616,0.0102919999999999,0.003363,0.003291,0.003338,0.004791
10,0.01,0.003618,0.024918,0.010196,0.003346,0.003297,0.003321,0.004769
11,0.012,0.003655,0.024675,0.01028,0.003324,0.003366,0.003313,0.004801
12,0.01,0.00376,0.025191,0.010386,0.00874,0.008526,0.008933,0.009948
13,0.01,0.003793,0.025322,0.010268,0.00474,0.004678,0.00498,0.006911
14,0.01,0.003942,0.025527,0.010466,0.004482,0.004426,0.004548,0.006452
15,0.011,0.003934,0.025457,0.01033,0.004473,0.004429,0.00453,0.006603
16,0.011,0.004025,0.025831,0.010698,0.004532,0.004459,0.004742,0.006595
17,0.011,0.004135,0.026066,0.010358,0.004532,0.004443,0.004408,0.006899
18,0.011,0.004215,0.026031,0.010516,0.005423,0.005351,0.005542,0.007114
19,0.014,0.00431,0.026111,0.010616,0.00551,0.005428,0.005663,0.00702
20,0.012,0.004376,0.026343,0.010491,0.005493,0.00531,0.005471,0.007082
21,0.012,0.004439,0.026471,0.010617,0.005649,0.005432,0.0056,0.007245
22,0.014,0.004576,0.026433,0.0091829999999999,0.005674,0.005335,0.005587,0.007055
23,0.012,0.004638,0.026797,0.009239,0.005681,0.005456,0.00573,0.007082
24,0.015,0.00473,0.027436,0.010586,0.005595,0.005236,0.005793,0.007102
25,0.012,0.004924,0.027035,0.010604,0.005534,0.005163,0.005702,0.007138
26,0.013,0.004886,0.027445,0.010671,0.005358,0.005211,0.005418,0.007119
27,0.015,0.004899,0.02703,0.010759,0.005375,0.005529,0.005451,0.007171
28,0.013,0.004993,0.02752,0.00927,0.005519,0.005626,0.005536,0.007313
29,0.015,0.005075,0.027823,0.009333,0.005479,0.005504,0.005509,0.007456
30,0.013,0.005188,0.027566,0.009306,0.005528,0.005514,0.005675,0.007254
31,0.013,0.005256,0.027783,0.009357,0.00551,0.005545,0.005704,0.007295
32,0.016,0.005297,0.02787,0.009471,0.005503,0.005547,0.005667,0.007313
33,0.014,0.005373,0.028381,0.0093619999999999,0.005538,0.005534,0.005493,0.007308
34,0.016,0.00551,0.028323,0.009361,0.005552,0.005496,0.005601,0.007513
35,0.014,0.005507,0.02858,0.010907,0.005558,0.005202,0.005907,0.007308
36,0.014,0.005688,0.028607,0.011067,0.005629,0.005315,0.005775,0.007342
37,0.014,0.006452,0.028623,0.011068,0.00581,0.005306,0.005679,0.007314
38,0.014,0.00578,0.029053,0.010934,0.005648,0.005487,0.005655,0.007344
39,0.017,0.005874,0.028973,0.011059,0.005638,0.005621,0.005758,0.007301
40,0.014,0.006012,0.029068,0.0110539999999999,0.005714,0.005615,0.005814,0.007285
41,0.015,0.006003,0.029128,0.011179,0.005702,0.005484,0.005825,0.007434
42,0.015,0.00615,0.029249,0.011177,0.005594,0.005386,0.005619,0.007406
43,0.018,0.006163,0.029255,0.011201,0.005633,0.005637,0.005818,0.007455
44,0.018,0.006326,0.029698,0.011304,0.005639,0.005639,0.005811,0.007414
45,0.015,0.006489,0.030132,0.011278,0.005673,0.005622,0.005733,0.007549
46,0.017,0.006404,0.029987,0.014712,0.005663,0.00565,0.005737,0.007528
47,0.015,0.006726,0.029999,0.011346,0.005649,0.005596,0.005718,0.007489
48,0.018,0.006868,0.030442,0.011176,0.005645,0.005634,0.005827,0.007435
49,0.018,0.00695,0.0302,0.0113029999999999,0.005714,0.005732,0.005842,0.007593
50,0.016,0.006878,0.030794,0.011484,0.005632,0.005648,0.005704,0.007445
51,0.019,0.006803,0.03073,0.011434,0.005676,0.005656,0.005764,0.007515
52,0.016,0.006922,0.031007,0.0114939999999999,0.005675,0.005672,0.005823,0.007661
53,0.016,0.007145,0.031197,0.0115129999999999,0.00577,0.005625,0.005774,0.007464
54,0.014,0.007065,0.031038,0.011459,0.005789,0.005862,0.005891,0.007511
55,0.019,0.007121,0.031234,0.011509,0.005745,0.005673,0.005846,0.007464
56,0.017,0.007197,0.031332,0.011581,0.005699,0.0057,0.005685,0.00753
57,0.017,0.007468,0.031644,0.011548,0.005762,0.005697,0.005882,0.007508
58,0.015,0.007564,0.032014,0.011513,0.005743,0.005716,0.005903,0.007489
59,0.015,0.007753,0.031783,0.0116619999999999,0.005706,0.005728,0.005827,0.007677
60,0.02,0.007748,0.032,0.011498,0.005658,0.005687,0.00571,0.007805
61,0.018,0.007665,0.031999,0.011799,0.005626,0.005696,0.00575,0.007534
62,0.015,0.00771,0.032313,0.011657,0.005427,0.005651,0.005604,0.007649
63,0.02,0.007796,0.032191,0.011599,0.00548,0.00568,0.005484,0.007701
64,0.017,0.008414,0.032701,0.011695,0.005389,0.005742,0.005502,0.00758
65,0.021,0.007998,0.033055,0.0117449999999999,0.005472,0.005677,0.005453,0.007758
66,0.02,0.008032,0.03293,0.011755,0.005783,0.005736,0.005761,0.007575
67,0.021,0.008057,0.033735,0.011659,0.005711,0.005721,0.005826,0.007555
68,0.016,0.008265,0.033535,0.0116759999999999,0.005688,0.005719,0.005855,0.007605
69,0.021,0.008219,0.033081,0.011877,0.005736,0.005698,0.005867,0.007638
70,0.016,0.008309,0.033223,0.011848,0.005685,0.005735,0.005813,0.007603
71,0.014,0.008373,0.033617,0.011861,0.005695,0.005764,0.005765,0.007616
72,0.022,0.008599,0.033535,0.01194,0.005873,0.005813,0.006128,0.00763
73,0.016,0.009906,0.033969,0.011973,0.0058,0.005786,0.005997,0.007582
74,0.022,0.008904,0.033877,0.011921,0.005813,0.005814,0.006042,0.007663
75,0.015,0.008711,0.034039,0.011937,0.005879,0.005779,0.005983,0.007677
76,0.022,0.008868,0.034255,0.0121079999999999,0.005929,0.005858,0.005854,0.007641
77,0.022,0.008851,0.034794,0.012034,0.005929,0.005878,0.006059,0.007734
78,0.018,0.009337,0.034433,0.012071,0.00592,0.005765,0.005943,0.007704
79,0.023,0.009364,0.034364,0.0120469999999999,0.005758,0.005833,0.005936,0.007726
80,0.017,0.009104,0.034755,0.015512,0.00581,0.005821,0.005955,0.007727
81,0.023,0.00948,0.034885,0.0123659999999999,0.0058,0.005874,0.005981,0.007735
82,0.018,0.00986,0.035313,0.012071,0.006001,0.005869,0.005987,0.007713
83,0.023,0.009363,0.035489,0.012114,0.005845,0.00588,0.005995,0.007793
84,0.023,0.0095,0.035402,0.012139,0.005952,0.005946,0.005959,0.007839
85,0.018,0.009518,0.035413,0.012189,0.006058,0.005956,0.005869,0.007803
86,0.015,0.00963,0.035609,0.012282,0.005943,0.006014,0.005882,0.007869
87,0.016,0.009669,0.036323,0.012258,0.005889,0.005867,0.005873,0.007771
88,0.024,0.010267,0.035924,0.012402,0.005895,0.005923,0.005968,0.007793
89,0.018,0.011181,0.036313,0.012425,0.005842,0.005872,0.005878,0.007865
90,0.025,0.010078,0.036223,0.012242,0.005903,0.00591,0.005885,0.007866
91,0.019,0.010008,0.036342,0.012259,0.005947,0.005962,0.005974,0.007822
92,0.016,0.01002,0.036563,0.012316,0.005944,0.00591,0.005937,0.007862
93,0.024,0.010147,0.036691,0.012398,0.005938,0.005881,0.005917,0.00783
94,0.019,0.010308,0.036754,0.012516,0.005972,0.005961,0.006046,0.007863
95,0.016,0.010217,0.0366,0.012451,0.005954,0.005971,0.005971,0.007825
96,0.016,0.010534,0.036942,0.012421,0.006172,0.005988,0.005973,0.007815
97,0.017,0.010463,0.037058,0.012498,0.005905,0.005981,0.005937,0.007908
98,0.016,0.010966,0.037341,0.012313,0.005871,0.00591,0.005921,0.007899
99,0.025,0.01058,0.037364,0.01266,0.005879,0.005902,0.005908,0.007864
100,0.019,0.010678,0.03772,0.012661,0.005983,0.005906,0.00592,0.007954
101,0.025,0.011202,0.038826,0.012504,0.006041,0.005927,0.005953,0.007908
102,0.026,0.010972,0.03823,0.012511,0.006023,0.00594,0.00594,0.008
103,0.026,0.010986,0.037908,0.012553,0.005954,0.005918,0.006006,0.007947
104,0.018,0.011271,0.038336,0.01266,0.006048,0.005952,0.005955,0.007902
105,0.026,0.011079,0.038355,0.012901,0.006029,0.006021,0.005958,0.007924
106,0.026,0.011501,0.038364,0.0126169999999999,0.005957,0.005922,0.005941,0.008
107,0.02,0.011129,0.03897,0.012704,0.005977,0.005978,0.005957,0.007967
108,0.018,0.01164,0.039032,0.012896,0.005957,0.006022,0.005957,0.007972
109,0.017,0.011417,0.03894,0.012674,0.006111,0.006087,0.006133,0.007994
110,0.022,0.011556,0.038826,0.012736,0.006229,0.006009,0.006109,0.008038
111,0.026,0.011902,0.039433,0.012891,0.006088,0.006017,0.006114,0.008123
112,0.027,0.011952,0.039526,0.013047,0.006058,0.006065,0.006068,0.008142
113,0.018,0.011848,0.039589,0.0129859999999999,0.00616,0.005781,0.006071,0.00818
114,0.027,0.011814,0.039619,0.012844,0.005937,0.005897,0.005936,0.008212
115,0.018,0.012121,0.039707,0.012905,0.005789,0.005715,0.005988,0.00815
116,0.027,0.012099,0.039816,0.012941,0.005685,0.0057,0.005677,0.008046
117,0.027,0.012405,0.039801,0.012988,0.005735,0.005762,0.005855,0.008049
118,0.027,0.012614,0.04007,0.0128709999999999,0.005738,0.00578,0.00591,0.008014
119,0.018,0.012531,0.040384,0.013079,0.00574,0.005733,0.005772,0.008069
120,0.027,0.012345,0.040673,0.01306,0.006127,0.005755,0.006214,0.008286
121,0.019,0.012276,0.04075,0.0129769999999999,0.006149,0.006106,0.006193,0.008088
122,0.019,0.01246,0.04054,0.013159,0.006081,0.006053,0.006233,0.008182
123,0.019,0.012505,0.04135,0.013099,0.0061,0.006066,0.006134,0.008246
124,0.028,0.012874,0.040916,0.013021,0.006175,0.006194,0.006139,0.008263
125,0.019,0.012599,0.041151,0.013156,0.006147,0.006087,0.006123,0.008297
126,0.019,0.013923,0.041315,0.013162,0.006122,0.00606,0.006128,0.008369
127,0.019,0.012727,0.04146,0.0130759999999999,0.006292,0.006248,0.006322,0.008104
128,0.028,0.013299,0.041674,0.016824,0.00628,0.006212,0.006229,0.008121
129,0.029,0.013102,0.041619,0.013307,0.006182,0.006336,0.006233,0.008099
130,0.019,0.01315,0.042216,0.013516,0.006235,0.006202,0.006156,0.008159
131,0.02,0.013073,0.042057,0.0135319999999999,0.006168,0.006178,0.006169,0.008115
132,0.029,0.013327,0.042223,0.013322,0.006298,0.006195,0.006187,0.008198
133,0.02,0.013325,0.042362,0.01338,0.005926,0.006337,0.005857,0.00824
134,0.02,0.013577,0.042439,0.013427,0.006192,0.005874,0.006191,0.008277
135,0.018,0.013576,0.042329,0.013554,0.006241,0.005786,0.006298,0.008287
136,0.018,0.01392,0.042869,0.0136499999999999,0.006268,0.005878,0.006357,0.008175
137,0.029,0.013615,0.042588,0.013709,0.006358,0.005896,0.0063,0.008344
138,0.029,0.013713,0.043361,0.013436,0.006354,0.005849,0.006308,0.008413
139,0.029,0.013899,0.043015,0.0137979999999999,0.006374,0.005942,0.006304,0.008258
140,0.03,0.01384,0.043421,0.013371,0.006246,0.005914,0.006269,0.008256
141,0.029,0.013972,0.043227,0.013677,0.00628,0.005901,0.006322,0.008246
142,0.026,0.014223,0.043595,0.013567,0.006289,0.005899,0.006304,0.008254
143,0.03,0.014019,0.043948,0.01359,0.006383,0.005993,0.006296,0.008337
144,0.025,0.014244,0.044631,0.0136219999999999,0.006273,0.006011,0.006274,0.008316
145,0.03,0.014284,0.043783,0.013783,0.006491,0.006187,0.006345,0.00839
146,0.029,0.014364,0.044049,0.013845,0.006302,0.006097,0.006269,0.008364
147,0.021,0.014531,0.044133,0.013642,0.00629,0.00613,0.006305,0.008523
148,0.021,0.016013,0.044484,0.013795,0.006357,0.00612,0.006449,0.008507
149,0.03,0.014448,0.044286,0.013753,0.006306,0.006155,0.006318,0.008442
150,0.03,0.014879,0.044793,0.013772,0.006313,0.006124,0.006367,0.008664
151,0.021,0.014737,0.044302,0.013954,0.006346,0.005986,0.006334,0.008385
152,0.021,0.014813,0.04493,0.0138789999999999,0.006331,0.005991,0.00645,0.008542
153,0.031,0.015009,0.045248,0.013926,0.005975,0.005927,0.006115,0.008509
154,0.031,0.01498,0.045384,0.011996,0.006299,0.006128,0.006412,0.008492
155,0.031,0.015098,0.045266,0.0138789999999999,0.006279,0.006172,0.006451,0.008427
156,0.022,0.015183,0.045569,0.0139129999999999,0.006263,0.006132,0.006595,0.008779
157,0.029,0.015171,0.045552,0.014039,0.006326,0.006177,0.006556,0.009003
158,0.031,0.015473,0.04587,0.014091,0.006299,0.00616,0.006479,0.008912
159,0.027,0.015426,0.045706,0.014084,0.006335,0.006185,0.006527,0.008913
160,0.024,0.015494,0.04636,0.014104,0.006324,0.006151,0.006521,0.009104
161,0.023,0.015459,0.04622,0.014126,0.006335,0.006014,0.006488,0.008845
162,0.028,0.015773,0.046184,0.012133,0.006335,0.006037,0.006589,0.008715
163,0.033,0.016011,0.04716,0.012175,0.006472,0.006285,0.006571,0.008753
164,0.022,0.016078,0.046729,0.010275,0.006424,0.006095,0.006441,0.008664
165,0.023,0.016473,0.046632,0.0102259999999999,0.006446,0.006313,0.006653,0.008723
166,0.032,0.016129,0.047453,0.012243,0.006425,0.006291,0.006764,0.008586
167,0.031,0.016209,0.047175,0.01435,0.006499,0.00642,0.0068,0.00845
168,0.023,0.015988,0.047399,0.014283,0.006434,0.006602,0.006772,0.008705
169,0.023,0.016033,0.047096,0.014299,0.006366,0.006241,0.006497,0.008834
170,0.023,0.016337,0.047336,0.014464,0.006277,0.006284,0.006311,0.008779
171,0.024,0.016309,0.047754,0.01432,0.006421,0.006254,0.006579,0.008881
172,0.023,0.016912,0.047489,0.014282,0.006472,0.00635,0.006816,0.008599
173,0.033,0.016466,0.047564,0.014397,0.006189,0.00628,0.006489,0.008579
174,0.033,0.01688,0.047843,0.01462,0.006132,0.00624,0.006258,0.008616
175,0.032,0.016928,0.048393,0.012397,0.00639,0.00642,0.006611,0.008762
176,0.032,0.016817,0.048591,0.014571,0.006717,0.006377,0.006758,0.008874
177,0.024,0.016804,0.048753,0.014492,0.006615,0.006364,0.006828,0.008739
178,0.033,0.017011,0.049305,0.012585,0.006423,0.006312,0.006576,0.008882
179,0.024,0.0173,0.04898,0.01444,0.00624,0.006324,0.006269,0.008865
180,0.032,0.017441,0.048849,0.014715,0.006199,0.006381,0.006379,0.008791
181,0.025,0.017461,0.049273,0.01444,0.006269,0.006399,0.006284,0.008694
182,0.033,0.01717,0.051098,0.014634,0.006483,0.006362,0.006667,0.00893
183,0.025,0.01733,0.048748,0.014694,0.00637,0.006432,0.006591,0.008973
184,0.033,0.018342,0.049431,0.0147409999999999,0.006309,0.006329,0.006502,0.008798
185,0.033,0.017391,0.049315,0.014642,0.006592,0.006424,0.006501,0.008945
186,0.025,0.017704,0.049554,0.0148329999999999,0.006524,0.006641,0.006447,0.008815
187,0.033,0.0179,0.049986,0.014567,0.00653,0.006621,0.006466,0.008674
188,0.033,0.017733,0.049949,0.014579,0.006397,0.006466,0.00648,0.008902
189,0.034,0.018335,0.049711,0.0148329999999999,0.006734,0.006361,0.006443,0.008841
190,0.033,0.018283,0.050906,0.014643,0.006613,0.006393,0.006306,0.008846
191,0.024,0.018194,0.051059,0.014699,0.006811,0.006539,0.006663,0.008793
192,0.033,0.018117,0.051415,0.012676,0.006766,0.006531,0.006785,0.008759
193,0.025,0.018034,0.050622,0.01495,0.006814,0.006468,0.006713,0.008814
194,0.034,0.018294,0.050637,0.014887,0.006723,0.006312,0.006499,0.008882
195,0.026,0.018269,0.050969,0.014949,0.006673,0.006767,0.006528,0.008912
196,0.034,0.018861,0.05111,0.0149879999999999,0.006669,0.006832,0.006456,0.008962
197,0.026,0.018841,0.051274,0.01293,0.006587,0.006833,0.006477,0.008895
198,0.035,0.018457,0.051099,0.012789,0.006663,0.006788,0.006764,0.00893
199,0.026,0.018462,0.051232,0.014956,0.006742,0.006691,0.006802,0.00883
200,0.026,0.019783,0.052654,0.014822,0.006624,0.006589,0.006629,0.008951
201,0.035,0.018626,0.052033,0.015018,0.006697,0.006466,0.006683,0.009012
202,0.026,0.018785,0.052583,0.013063,0.006774,0.006448,0.006823,0.009191
203,0.035,0.019096,0.052004,0.012945,0.006785,0.006542,0.006669,0.009011
204,0.035,0.018936,0.05197,0.015102,0.00661,0.006498,0.006554,0.008993
205,0.035,0.019023,0.052855,0.015015,0.006707,0.006484,0.006729,0.008981
206,0.036,0.019738,0.052713,0.015072,0.006547,0.006556,0.006657,0.009018
207,0.036,0.019684,0.052484,0.0151609999999999,0.006543,0.006534,0.006618,0.009213
208,0.036,0.019217,0.053133,0.018678,0.006599,0.006612,0.006594,0.009325
209,0.036,0.019221,0.052671,0.0151569999999999,0.006575,0.006532,0.006673,0.009142
210,0.037,0.019844,0.05298,0.015271,0.006617,0.006768,0.00657,0.008977
211,0.029,0.020765,0.052881,0.0153909999999999,0.006786,0.006905,0.006768,0.009057
212,0.027,0.019655,0.053176,0.0152799999999999,0.006734,0.007005,0.006857,0.009017
213,0.037,0.019623,0.053475,0.015214,0.006429,0.006717,0.00661,0.00903
214,0.028,0.01969,0.05445,0.0152579999999999,0.006826,0.006713,0.006904,0.009161
215,0.037,0.019627,0.053709,0.015285,0.006767,0.006704,0.006901,0.009097
216,0.028,0.019793,0.054143,0.01532,0.006487,0.006443,0.006413,0.009171
217,0.037,0.019834,0.054765,0.015358,0.00649,0.006406,0.006509,0.009114
218,0.028,0.020013,0.054184,0.01543,0.006879,0.006892,0.007044,0.008981
219,0.038,0.020043,0.054443,0.015291,0.006895,0.006935,0.006988,0.009049
220,0.035,0.020462,0.054953,0.015271,0.006533,0.006568,0.006542,0.008995
221,0.028,0.020176,0.054308,0.0154089999999999,0.006606,0.00663,0.006651,0.009223
222,0.037,0.020353,0.054638,0.015373,0.006763,0.006545,0.00677,0.009258
223,0.038,0.02029,0.054453,0.013248,0.006595,0.006562,0.006548,0.009229
224,0.028,0.02084,0.054997,0.015287,0.006639,0.006466,0.006557,0.009362
225,0.038,0.020653,0.055471,0.015375,0.006549,0.006545,0.006647,0.009045
226,0.028,0.021105,0.05555,0.015512,0.006846,0.006589,0.00682,0.009126
227,0.037,0.021038,0.055894,0.015529,0.006676,0.006637,0.006751,0.009235
228,0.03,0.020863,0.057769,0.015519,0.00668,0.006513,0.006833,0.009219
229,0.035,0.020814,0.055297,0.018859,0.006813,0.006549,0.006751,0.009429
230,0.038,0.021902,0.055767,0.0156749999999999,0.00682,0.006611,0.006817,0.009297
231,0.03,0.021408,0.055896,0.015835,0.006782,0.006598,0.006766,0.009366
232,0.037,0.021124,0.055842,0.015599,0.006708,0.006564,0.006719,0.009282
233,0.038,0.021401,0.056283,0.013621,0.006857,0.007093,0.006952,0.00913
234,0.03,0.021667,0.056567,0.015658,0.006951,0.006987,0.006923,0.009346
235,0.039,0.021574,0.056473,0.015739,0.00656,0.007031,0.00656,0.009526
236,0.03,0.021661,0.057127,0.015888,0.006785,0.00704,0.006914,0.009231
237,0.039,0.021635,0.056844,0.015836,0.006899,0.006989,0.006904,0.009233
238,0.03,0.022083,0.057171,0.0193559999999999,0.006941,0.007174,0.006877,0.009341
239,0.03,0.021687,0.057126,0.015997,0.006944,0.006649,0.007122,0.009274
240,0.039,0.022118,0.058711,0.01599,0.007066,0.006964,0.00721,0.009204
241,0.038,0.02283,0.057395,0.015922,0.006705,0.006932,0.006886,0.009329
242,0.039,0.022276,0.057684,0.016066,0.006967,0.006857,0.007128,0.009236
243,0.039,0.022474,0.057425,0.016042,0.006915,0.006953,0.007176,0.009337
244,0.03,0.022057,0.057622,0.015981,0.006581,0.006981,0.006859,0.009338
245,0.03,0.022855,0.058044,0.015955,0.006807,0.006932,0.007117,0.009475
246,0.04,0.022846,0.057979,0.016038,0.007056,0.007024,0.007319,0.009471
247,0.031,0.022231,0.05815,0.0162889999999999,0.006941,0.007207,0.007263,0.009433
248,0.031,0.0227,0.05836,0.013938,0.006929,0.007032,0.007092,0.009322
249,0.031,0.022609,0.058317,0.013899,0.006922,0.007092,0.007043,0.009683
250,0.031,0.023109,0.059053,0.016139,0.006932,0.007037,0.00695,0.009574
251,0.031,0.023197,0.058646,0.01405,0.006963,0.007044,0.006997,0.009474
252,0.031,0.022975,0.062546,0.011723,0.006956,0.007097,0.00693,0.009558
253,0.04,0.022829,0.058757,0.014,0.007008,0.007068,0.007011,0.00952
254,0.038,0.023743,0.059399,0.019496,0.007029,0.0072,0.007098,0.009495
255,0.04,0.023622,0.059018,0.01623,0.00707,0.007118,0.007086,0.009506
256,0.041,0.023396,0.060135,0.01985,0.007178,0.006932,0.007146,0.009548
257,0.041,0.024192,0.059442,0.014081,0.007238,0.007387,0.007335,0.009421
258,0.032,0.024045,0.059938,0.014109,0.007133,0.006973,0.007187,0.00955
259,0.032,0.023742,0.060457,0.01187,0.007104,0.007193,0.007099,0.009587
260,0.041,0.023333,0.061244,0.014312,0.007137,0.007062,0.007244,0.009586
261,0.032,0.023831,0.060162,0.014419,0.007051,0.007041,0.007083,0.009727
262,0.032,0.023778,0.059999,0.014077,0.007183,0.007057,0.007111,0.009683
263,0.041,0.023548,0.05999,0.0141939999999999,0.007188,0.007046,0.007148,0.009598
264,0.041,0.024256,0.060488,0.014244,0.007168,0.007024,0.007263,0.009793
265,0.041,0.023969,0.060691,0.011973,0.007096,0.00678,0.007074,0.009576
266,0.042,0.0245,0.06075,0.014147,0.007318,0.007117,0.00722,0.009617
267,0.042,0.024154,0.06125,0.011976,0.007259,0.006688,0.007215,0.009543
268,0.036,0.024191,0.061644,0.014482,0.007272,0.007116,0.007162,0.009613
269,0.042,0.024956,0.061321,0.012136,0.007266,0.007096,0.007356,0.009511
270,0.034,0.024214,0.062364,0.014023,0.007301,0.007056,0.00729,0.009634
271,0.033,0.024223,0.061682,0.014051,0.007216,0.007082,0.007273,0.009696
272,0.042,0.024533,0.061826,0.0143989999999999,0.006795,0.007088,0.006897,0.009905
273,0.042,0.024306,0.061614,0.012032,0.00723,0.007105,0.007254,0.009881
274,0.033,0.025261,0.062246,0.014378,0.00705,0.007171,0.007061,0.009943
275,0.042,0.02477,0.062368,0.011521,0.007042,0.007131,0.007155,0.009594
276,0.034,0.024873,0.062658,0.009869,0.007093,0.006892,0.007159,0.009668
277,0.043,0.024726,0.06254,0.012105,0.006935,0.007115,0.006933,0.009614
278,0.042,0.025415,0.062349,0.009581,0.007097,0.007223,0.007375,0.009659
279,0.041,0.02529,0.062991,0.009878,0.006952,0.007239,0.006851,0.009698
280,0.043,0.025376,0.06236,0.012279,0.007079,0.007366,0.006991,0.009722
281,0.04,0.024922,0.06293,0.012325,0.006897,0.006999,0.006882,0.009809
282,0.036,0.025067,0.063142,0.012256,0.006937,0.007116,0.006872,0.01009
283,0.034,0.025027,0.06393,0.014538,0.007067,0.007101,0.006884,0.009735
284,0.043,0.025606,0.063548,0.0123,0.006924,0.007239,0.00695,0.009764
285,0.043,0.025234,0.063421,0.014603,0.006932,0.007283,0.006916,0.00967
286,0.034,0.025296,0.06404,0.014667,0.006876,0.007035,0.006879,0.009779
287,0.042,0.025696,0.063635,0.0146269999999999,0.006894,0.006953,0.006991,0.009857
288,0.044,0.025687,0.068584,0.014602,0.006882,0.007082,0.006925,0.009764
289,0.043,0.025813,0.064247,0.0123069999999999,0.006899,0.007022,0.00708,0.009792
290,0.043,0.025992,0.064799,0.01465,0.006865,0.007121,0.006876,0.009884
291,0.044,0.025979,0.064875,0.0147059999999999,0.007202,0.007158,0.007244,0.010076
292,0.035,0.026113,0.066121,0.014789,0.00712,0.007122,0.007213,0.009819
293,0.044,0.025945,0.064713,0.012375,0.007153,0.007148,0.007252,0.010113
294,0.035,0.026706,0.067268,0.01474,0.007198,0.007059,0.007191,0.009953
295,0.035,0.026116,0.064672,0.014723,0.007211,0.007144,0.007285,0.009899
296,0.044,0.026517,0.064531,0.02059,0.007261,0.007378,0.007189,0.009995
297,0.044,0.026754,0.06479,0.016984,0.007069,0.00697,0.007033,0.010078
298,0.045,0.026602,0.065202,0.016957,0.007044,0.006883,0.007094,0.010209
299,0.044,0.026406,0.065504,0.017035,0.007046,0.007424,0.007041,0.009911
300,0.035,0.02688,0.065879,0.0170559999999999,0.006904,0.007399,0.006935,0.010068
301,0.044,0.026862,0.065631,0.0149019999999999,0.007316,0.007292,0.007466,0.010284
302,0.044,0.026635,0.066065,0.015072,0.00729,0.007328,0.007305,0.010083
303,0.045,0.026603,0.065999,0.014889,0.00729,0.007459,0.007289,0.010216
304,0.037,0.027319,0.06582,0.014854,0.007293,0.0074,0.007286,0.010129
305,0.045,0.026841,0.066985,0.0149119999999999,0.007326,0.007498,0.00775,0.01001
306,0.036,0.027035,0.066838,0.014945,0.007302,0.007407,0.007836,0.010023
307,0.037,0.027611,0.068607,0.012732,0.006982,0.007399,0.007449,0.010059
308,0.045,0.027961,0.066675,0.0150779999999999,0.00703,0.007524,0.007421,0.010291
309,0.045,0.028137,0.067221,0.015044,0.00731,0.007365,0.007655,0.010071
310,0.037,0.027901,0.067166,0.015188,0.00733,0.007362,0.007595,0.010132
311,0.046,0.027206,0.067027,0.015065,0.007325,0.007341,0.007709,0.010324
312,0.047,0.027341,0.067782,0.021024,0.007328,0.007421,0.007394,0.010123
313,0.045,0.028339,0.069894,0.017436,0.007285,0.007546,0.007266,0.010138
314,0.037,0.028282,0.067796,0.017561,0.007374,0.007457,0.007259,0.010404
315,0.047,0.027681,0.067559,0.0175059999999999,0.007309,0.007449,0.007258,0.010184
316,0.036,0.027773,0.068229,0.017512,0.007518,0.00756,0.007543,0.010237
317,0.038,0.027693,0.068502,0.017498,0.007021,0.007478,0.007072,0.010467
318,0.039,0.027974,0.068391,0.021157,0.007032,0.007618,0.007033,0.010235
319,0.039,0.028356,0.068235,0.015193,0.007047,0.007697,0.007135,0.010314
320,0.048,0.027989,0.068506,0.015224,0.007315,0.007589,0.007074,0.010217
321,0.046,0.028196,0.068618,0.015279,0.007106,0.007607,0.007219,0.010236
322,0.039,0.028429,0.069045,0.020717,0.007123,0.007669,0.007326,0.010285
323,0.038,0.028989,0.068988,0.017447,0.007197,0.007232,0.007246,0.010202
324,0.039,0.028701,0.068745,0.017461,0.007383,0.007214,0.007387,0.010289
325,0.047,0.02957,0.068884,0.017435,0.007417,0.007157,0.007358,0.010348
326,0.042,0.028989,0.069446,0.017528,0.007694,0.007454,0.007495,0.010316
327,0.047,0.029423,0.069166,0.015441,0.007696,0.007495,0.0075,0.010381
328,0.038,0.02896,0.06919,0.015399,0.007476,0.007522,0.00748,0.010442
329,0.039,0.029126,0.072752,0.015415,0.007469,0.007462,0.007541,0.010392
330,0.039,0.029294,0.070592,0.015454,0.007493,0.007521,0.007629,0.010421
331,0.048,0.028945,0.070673,0.013195,0.007503,0.007852,0.007511,0.010334
332,0.043,0.028921,0.070001,0.021476,0.007484,0.007812,0.007613,0.010454
333,0.038,0.028832,0.070009,0.017699,0.007587,0.007561,0.007736,0.010359
334,0.042,0.029157,0.070147,0.017734,0.007523,0.00748,0.007628,0.01073
335,0.048,0.02955,0.070578,0.017933,0.00722,0.007438,0.0072,0.010422
336,0.048,0.029338,0.070796,0.0158139999999999,0.007384,0.007375,0.00735,0.010742
337,0.036,0.029783,0.070803,0.015646,0.007522,0.007443,0.00767,0.010458
338,0.049,0.029334,0.071226,0.015638,0.007522,0.007793,0.007709,0.010566
339,0.048,0.029774,0.070673,0.0131779999999999,0.007609,0.007748,0.007893,0.010537
340,0.047,0.030505,0.074191,0.013315,0.007537,0.007667,0.00769,0.010683
341,0.039,0.029637,0.071042,0.021546,0.007481,0.007535,0.007585,0.010529
342,0.049,0.030078,0.071204,0.015931,0.007593,0.00747,0.007726,0.01067
343,0.049,0.0298,0.071679,0.0157089999999999,0.007626,0.007573,0.007757,0.010558
344,0.04,0.030364,0.071803,0.013519,0.007577,0.007713,0.007761,0.01069
345,0.041,0.029882,0.074809,0.016034,0.007531,0.007582,0.007751,0.010641
346,0.049,0.030028,0.07512,0.013816,0.00763,0.007658,0.007944,0.010603
347,0.049,0.030433,0.072759,0.016226,0.007851,0.008028,0.007901,0.010659
348,0.04,0.030526,0.073784,0.0139339999999999,0.007803,0.008007,0.007921,0.010743
349,0.048,0.030849,0.072324,0.010989,0.0078,0.007885,0.007872,0.010692
350,0.049,0.03057,0.076187,0.011191,0.00785,0.007988,0.007936,0.010645
351,0.042,0.030876,0.073126,0.0111899999999999,0.00776,0.007914,0.007978,0.01058
352,0.051,0.030522,0.072485,0.010948,0.007884,0.007817,0.007976,0.010654
353,0.049,0.030901,0.072792,0.011202,0.007785,0.007939,0.007753,0.010714
354,0.049,0.031107,0.072948,0.013767,0.00784,0.008007,0.007938,0.01072
355,0.041,0.031332,0.073049,0.016063,0.00772,0.007995,0.008049,0.011132
356,0.05,0.03113,0.073311,0.014981,0.007822,0.007843,0.008343,0.01083
357,0.05,0.031473,0.073231,0.013717,0.007748,0.007737,0.00786,0.010668
358,0.049,0.03116,0.073492,0.013835,0.007692,0.007729,0.007699,0.010933
359,0.04,0.03174,0.074591,0.013821,0.007852,0.007771,0.007687,0.010814
360,0.053,0.032421,0.073786,0.0109779999999999,0.007562,0.007773,0.007348,0.010886
361,0.042,0.031155,0.073908,0.0110549999999999,0.007668,0.007933,0.00745,0.01083
362,0.051,0.031964,0.074122,0.0113379999999999,0.007617,0.007776,0.00788,0.010894
363,0.041,0.031766,0.074276,0.013811,0.007739,0.007841,0.008669,0.010823
364,0.051,0.031805,0.074552,0.016377,0.007704,0.007944,0.008765,0.010958
365,0.05,0.031646,0.074582,0.014012,0.007669,0.007913,0.008478,0.010828
366,0.042,0.031765,0.074527,0.014033,0.007707,0.007931,0.008481,0.010835
367,0.042,0.031816,0.074775,0.013944,0.007822,0.007805,0.008605,0.010924
368,0.051,0.031699,0.074958,0.013938,0.007742,0.007921,0.008808,0.010937
369,0.051,0.031846,0.074869,0.014192,0.007745,0.007826,0.008924,0.010951
370,0.051,0.032278,0.075299,0.01439,0.00753,0.007823,0.008586,0.010922
371,0.042,0.032252,0.075731,0.011443,0.007602,0.007805,0.008644,0.010903
372,0.043,0.034052,0.075638,0.01147,0.007553,0.007392,0.008602,0.010943
373,0.051,0.032263,0.07612,0.01148,0.007591,0.007803,0.008545,0.01096
374,0.043,0.032411,0.077396,0.011302,0.007604,0.007964,0.009692,0.010998
375,0.044,0.033172,0.076192,0.011418,0.007741,0.007892,0.009465,0.010931
376,0.052,0.036887,0.07802,0.01151,0.00765,0.007683,0.008351,0.011058
377,0.042,0.032491,0.078607,0.011181,0.007733,0.007653,0.008285,0.010961
378,0.044,0.032673,0.076399,0.011505,0.007893,0.007626,0.008311,0.011094
379,0.052,0.032912,0.076345,0.01166,0.007683,0.007747,0.008063,0.011021
380,0.042,0.032822,0.07648,0.014347,0.007528,0.007764,0.008028,0.011029
381,0.053,0.032618,0.080362,0.011609,0.007556,0.007843,0.007989,0.011032
382,0.043,0.033074,0.077137,0.011532,0.007821,0.00772,0.008324,0.011231
383,0.044,0.033682,0.076762,0.014385,0.007829,0.007765,0.008143,0.011136
384,0.053,0.033314,0.077291,0.014266,0.007816,0.007735,0.008592,0.011113
385,0.052,0.034302,0.077366,0.0116789999999999,0.007963,0.007741,0.008772,0.011097
386,0.052,0.033351,0.077561,0.011324,0.007843,0.007726,0.008372,0.011187
387,0.044,0.033496,0.077749,0.011418,0.007853,0.007886,0.008151,0.011107
388,0.053,0.033594,0.078178,0.011636,0.007599,0.007688,0.008012,0.01121
389,0.052,0.033433,0.078063,0.011732,0.00757,0.007682,0.007845,0.011168
390,0.053,0.033867,0.07826,0.011732,0.007695,0.0079,0.007927,0.011235
391,0.052,0.033821,0.077875,0.011793,0.007748,0.007559,0.007944,0.011195
392,0.044,0.03394,0.07918,0.011728,0.007797,0.007528,0.007899,0.011204
393,0.045,0.034242,0.078537,0.011723,0.007766,0.007503,0.007878,0.01122
394,0.052,0.033907,0.078628,0.011632,0.007816,0.007573,0.007994,0.011371
395,0.044,0.034842,0.078372,0.0118149999999999,0.007723,0.007598,0.00788,0.01127
396,0.046,0.03464,0.079591,0.011833,0.007753,0.007627,0.00791,0.011689
397,0.054,0.034837,0.078945,0.011797,0.00777,0.007712,0.008265,0.011348
398,0.045,0.034571,0.079901,0.011768,0.007778,0.007654,0.007989,0.011225
399,0.046,0.034371,0.079689,0.0146889999999999,0.00765,0.007647,0.007697,0.011251
400,0.053,0.035174,0.078968,0.011802,0.007743,0.008024,0.007838,0.011315
401,0.053,0.034985,0.079643,0.011725,0.007698,0.007875,0.007922,0.011434
402,0.054,0.035243,0.082277,0.011757,0.007764,0.007834,0.007973,0.011443
403,0.044,0.035031,0.080188,0.011906,0.007739,0.007941,0.007925,0.01142
404,0.047,0.034842,0.080365,0.0118529999999999,0.007964,0.007946,0.008089,0.011378
405,0.055,0.034944,0.079992,0.0118839999999999,0.008006,0.007866,0.008047,0.011404
406,0.046,0.03582,0.081954,0.011904,0.007873,0.008059,0.007932,0.011474
407,0.054,0.03484,0.08016,0.011916,0.007806,0.007928,0.00795,0.011608
408,0.046,0.035351,0.080946,0.014807,0.007783,0.007719,0.007982,0.011428
409,0.045,0.034899,0.080529,0.011875,0.007824,0.007729,0.008095,0.011463
410,0.055,0.035329,0.081239,0.011878,0.007828,0.007662,0.007884,0.011517
411,0.047,0.036201,0.085048,0.011925,0.007808,0.007991,0.007864,0.01154
412,0.055,0.036381,0.080883,0.014644,0.007923,0.008032,0.007991,0.011461
413,0.046,0.035407,0.081897,0.014907,0.007842,0.008009,0.008125,0.011593
414,0.046,0.035389,0.081391,0.0119219999999999,0.007916,0.00807,0.008105,0.01161
415,0.054,0.037909,0.081559,0.0120019999999999,0.007938,0.0081,0.008041,0.011743
416,0.055,0.036171,0.082054,0.012025,0.007908,0.008107,0.008217,0.012047
417,0.055,0.03545,0.081738,0.014935,0.007873,0.008132,0.008075,0.011702
418,0.046,0.035928,0.08268,0.012052,0.007841,0.008107,0.007916,0.011775
419,0.046,0.037068,0.082019,0.012093,0.007862,0.008135,0.00803,0.011737
420,0.057,0.036371,0.082212,0.012051,0.008209,0.008121,0.008345,0.011754
421,0.046,0.036025,0.082319,0.0122779999999999,0.008313,0.008141,0.008647,0.011873
422,0.047,0.036258,0.082735,0.012114,0.008274,0.008151,0.008414,0.011973
423,0.047,0.036249,0.08242,0.0121739999999999,0.008241,0.008095,0.008293,0.011967
424,0.046,0.036651,0.082613,0.012118,0.008245,0.008178,0.008491,0.011906
425,0.057,0.036588,0.082856,0.012222,0.008174,0.008237,0.008413,0.011968
426,0.048,0.036334,0.083182,0.0121579999999999,0.008274,0.008214,0.008468,0.012072
427,0.05,0.037851,0.08399,0.012158,0.008278,0.008211,0.008431,0.011989
428,0.047,0.037334,0.084107,0.012006,0.008285,0.008356,0.008336,0.011984
429,0.057,0.036976,0.084181,0.012129,0.008301,0.00836,0.00833,0.011967
430,0.056,0.036494,0.083318,0.011857,0.008319,0.008238,0.008426,0.011948
431,0.056,0.036858,0.083404,0.015165,0.008405,0.008254,0.00856,0.011986
432,0.049,0.037165,0.084105,0.012103,0.008359,0.008151,0.008656,0.012083
433,0.047,0.037117,0.084086,0.012312,0.008386,0.008185,0.008409,0.012052
434,0.048,0.037076,0.084427,0.0151659999999999,0.00842,0.008167,0.008436,0.012039
435,0.055,0.03697,0.084682,0.024029,0.008357,0.00821,0.008525,0.012035
436,0.057,0.038391,0.086226,0.020138,0.00839,0.008279,0.008521,0.012051
437,0.057,0.037157,0.084534,0.017836,0.008361,0.008242,0.008574,0.012248
438,0.059,0.037734,0.084854,0.017563,0.008348,0.008393,0.008476,0.012157
439,0.048,0.037726,0.084748,0.017616,0.008009,0.00839,0.008185,0.012143
440,0.049,0.037737,0.08524,0.01532,0.007986,0.008208,0.008046,0.012151
441,0.049,0.038321,0.085937,0.0151469999999999,0.008208,0.008348,0.008305,0.012089
442,0.053,0.037785,0.085507,0.015176,0.008171,0.008302,0.008168,0.012309
443,0.048,0.037877,0.088087,0.015206,0.008104,0.008301,0.008375,0.012254
444,0.049,0.038571,0.086393,0.012389,0.008083,0.008289,0.008197,0.012259
445,0.057,0.037441,0.085365,0.01241,0.008062,0.008281,0.00815,0.012164
446,0.057,0.038918,0.092081,0.012138,0.008065,0.008298,0.008289,0.012342
447,0.058,0.038382,0.086036,0.0240909999999999,0.008131,0.008331,0.008292,0.012364
448,0.055,0.038901,0.08606,0.024004,0.008323,0.008512,0.008432,0.012258
449,0.052,0.038311,0.085984,0.020675,0.008139,0.008515,0.008303,0.012224
450,0.052,0.039571,0.092875,0.015408,0.00824,0.008431,0.008276,0.012335
451,0.052,0.039603,0.086772,0.015661,0.00817,0.008392,0.008359,0.012318
452,0.052,0.038384,0.086451,0.0122069999999999,0.008129,0.008487,0.0084,0.012388
453,0.053,0.03899,0.086967,0.012168,0.008135,0.008349,0.008272,0.01222
454,0.052,0.038584,0.08706,0.012656,0.008177,0.008399,0.008198,0.012344
455,0.059,0.038878,0.087249,0.0125559999999999,0.008323,0.008399,0.008347,0.012406
456,0.054,0.04043,0.08722,0.012634,0.00825,0.008605,0.00835,0.012401
457,0.053,0.039592,0.08775,0.012766,0.008155,0.008741,0.008294,0.012324
458,0.053,0.039525,0.087866,0.01264,0.008207,0.008465,0.008245,0.012359
459,0.055,0.041368,0.093171,0.015563,0.008115,0.008402,0.00821,0.012399
460,0.053,0.039704,0.088072,0.01275,0.008372,0.008424,0.008484,0.012373
461,0.055,0.039488,0.088405,0.012675,0.008356,0.008482,0.00846,0.012423
462,0.053,0.039627,0.08839,0.015137,0.008228,0.008462,0.008499,0.012407
463,0.054,0.039186,0.08831,0.012767,0.008254,0.008618,0.008373,0.012576
464,0.054,0.03947,0.090059,0.012736,0.008249,0.008501,0.008256,0.012405
465,0.054,0.039321,0.088321,0.01286,0.008285,0.008464,0.008397,0.012463
466,0.053,0.039542,0.089058,0.012792,0.008354,0.008509,0.008443,0.012507
467,0.054,0.039583,0.088906,0.01566,0.00834,0.008453,0.008452,0.012514
468,0.054,0.039625,0.089007,0.015626,0.00835,0.008478,0.008323,0.013139
469,0.055,0.039662,0.089317,0.012845,0.00834,0.008481,0.00847,0.012674
470,0.053,0.041031,0.089474,0.0125399999999999,0.008383,0.008553,0.008551,0.012601
471,0.054,0.039855,0.089138,0.012823,0.008394,0.00848,0.008456,0.012597
472,0.054,0.040404,0.090179,0.01278,0.008406,0.008516,0.008404,0.012671
473,0.053,0.04015,0.089968,0.015865,0.008285,0.008308,0.008363,0.012561
474,0.055,0.039913,0.090749,0.015827,0.008655,0.008593,0.008751,0.012719
475,0.06,0.040662,0.092011,0.012939,0.008631,0.008611,0.008814,0.012622
476,0.054,0.04054,0.089984,0.0129249999999999,0.008671,0.008537,0.008852,0.012657
477,0.055,0.041933,0.090113,0.013027,0.008461,0.008529,0.008643,0.012721
478,0.055,0.040501,0.091488,0.013064,0.00865,0.008564,0.008702,0.012609
479,0.054,0.041,0.090649,0.012966,0.008871,0.008686,0.008733,0.012701
480,0.055,0.041031,0.090501,0.016044,0.008589,0.00865,0.00864,0.012585
481,0.054,0.040929,0.090166,0.012941,0.008697,0.008625,0.008798,0.012749
482,0.054,0.040419,0.091232,0.016058,0.008658,0.008544,0.008837,0.012821
483,0.056,0.041255,0.091523,0.013058,0.008682,0.008736,0.008892,0.012697
484,0.055,0.041648,0.09161,0.01304,0.008683,0.008607,0.008833,0.012602
485,0.055,0.04372,0.091974,0.013051,0.008728,0.008238,0.008934,0.012712
486,0.056,0.04134,0.092201,0.015933,0.008798,0.008581,0.009116,0.012948
487,0.055,0.044317,0.091423,0.0160009999999999,0.008666,0.008643,0.008916,0.012805
488,0.056,0.041654,0.092528,0.01599,0.008309,0.008675,0.00852,0.012684
489,0.057,0.041437,0.091412,0.013018,0.00829,0.008597,0.008453,0.012734
490,0.056,0.041436,0.092317,0.013091,0.008339,0.008714,0.008659,0.012864
491,0.056,0.041997,0.092709,0.01314,0.008369,0.008712,0.008581,0.012887
492,0.056,0.041466,0.092353,0.016064,0.008824,0.008688,0.008922,0.012927
493,0.056,0.041848,0.092529,0.01316,0.008602,0.008795,0.00878,0.012939
494,0.055,0.041593,0.092917,0.016198,0.008552,0.00866,0.008882,0.012909
495,0.056,0.041515,0.092474,0.016108,0.008687,0.008811,0.008907,0.013048
496,0.064,0.04344,0.093385,0.013135,0.008585,0.008606,0.008743,0.012918
497,0.061,0.04216,0.092685,0.012849,0.008587,0.008731,0.008567,0.012938
498,0.06,0.041913,0.093319,0.016231,0.00876,0.008719,0.008858,0.012989
499,0.062,0.041787,0.093558,0.013284,0.008963,0.008777,0.008968,0.012963
500,0.061,0.042498,0.093762,0.013322,0.008874,0.008861,0.009063,0.013031
501,0.06,0.042836,0.093297,0.0254089999999999,0.008799,0.009082,0.008917,0.013001
502,0.059,0.042891,0.093464,0.018915,0.008889,0.008673,0.008982,0.013058
503,0.061,0.042814,0.093932,0.018954,0.008964,0.008578,0.008884,0.013038
504,0.062,0.043105,0.09369,0.016571,0.008844,0.008562,0.008985,0.013102
505,0.059,0.042642,0.094217,0.016264,0.009227,0.008813,0.009177,0.013125
506,0.063,0.043125,0.094774,0.016348,0.008698,0.008821,0.008869,0.013079
507,0.058,0.042688,0.094704,0.01646,0.008905,0.008756,0.008753,0.013098
508,0.062,0.042686,0.094853,0.016189,0.008728,0.00877,0.008694,0.013259
509,0.063,0.042829,0.095056,0.0134339999999999,0.008718,0.008754,0.009013,0.013212
510,0.064,0.042727,0.094838,0.015916,0.008715,0.008973,0.008935,0.013075
511,0.06,0.043716,0.095441,0.016026,0.008744,0.008827,0.00882,0.013188
512,0.063,0.043746,0.096471,0.013372,0.009033,0.008465,0.009095,0.013048
513,0.063,0.043186,0.095386,0.013426,0.009013,0.008887,0.009077,0.013204
514,0.064,0.043591,0.095267,0.01346,0.008934,0.008675,0.00914,0.013125
515,0.064,0.044338,0.09562,0.013521,0.00894,0.008454,0.009078,0.013016
516,0.064,0.043473,0.096363,0.013233,0.008919,0.008481,0.009052,0.01325
517,0.061,0.043419,0.096205,0.016525,0.009181,0.008466,0.009229,0.013226
518,0.062,0.043222,0.102261,0.013437,0.009205,0.008697,0.009223,0.0133
519,0.063,0.043903,0.095854,0.0135559999999999,0.008917,0.009014,0.00919,0.013065
520,0.064,0.044407,0.096265,0.013473,0.008841,0.008595,0.009052,0.013119
521,0.063,0.043915,0.096962,0.016256,0.008791,0.008626,0.008995,0.013117
522,0.065,0.044321,0.096822,0.014343,0.008691,0.008628,0.008855,0.013066
523,0.064,0.043984,0.096614,0.013429,0.008816,0.008694,0.009035,0.013128
524,0.062,0.0443,0.097661,0.016304,0.008716,0.008753,0.00889,0.013165
525,0.064,0.04435,0.097231,0.025574,0.008623,0.008711,0.008864,0.013262
526,0.064,0.044461,0.097334,0.019187,0.008746,0.008718,0.008861,0.013248
527,0.059,0.044886,0.098802,0.013714,0.009284,0.009155,0.009431,0.013469
528,0.066,0.045103,0.097508,0.016643,0.009291,0.009199,0.009489,0.013496
529,0.06,0.04427,0.097113,0.013682,0.009418,0.009147,0.009477,0.013488
530,0.059,0.044996,0.098008,0.016553,0.009289,0.009154,0.0095,0.01341
531,0.06,0.045265,0.098062,0.016973,0.009311,0.009209,0.009451,0.013501
532,0.062,0.045286,0.097654,0.013717,0.009295,0.009251,0.009523,0.013773
533,0.061,0.045299,0.09822,0.016793,0.009417,0.009241,0.009317,0.013553
534,0.061,0.044661,0.098074,0.0137119999999999,0.009318,0.009394,0.009403,0.013621
535,0.062,0.044928,0.097689,0.0139029999999999,0.009287,0.009246,0.009521,0.013436
536,0.061,0.045988,0.09813,0.013789,0.009293,0.009346,0.009534,0.013623
537,0.067,0.045177,0.098359,0.013877,0.009389,0.009483,0.009671,0.013579
538,0.061,0.046425,0.099156,0.013817,0.009501,0.009414,0.009618,0.013748
539,0.062,0.045034,0.098763,0.013707,0.009318,0.009232,0.009606,0.013485
540,0.061,0.046262,0.099423,0.0138049999999999,0.0094,0.009192,0.009658,0.013573
541,0.06,0.045339,0.099694,0.016773,0.009289,0.009204,0.009568,0.013519
542,0.066,0.04973,0.099571,0.016781,0.009227,0.009212,0.009608,0.013776
543,0.065,0.045959,0.10218,0.016862,0.00938,0.009321,0.009715,0.013782
544,0.065,0.046415,0.099658,0.013938,0.009322,0.009269,0.009641,0.013604
545,0.066,0.046237,0.099946,0.016738,0.009347,0.009292,0.00962,0.013572
546,0.067,0.04572,0.100517,0.016864,0.009298,0.009392,0.009503,0.013625
547,0.068,0.045689,0.099856,0.016834,0.009431,0.009572,0.009554,0.0136
548,0.066,0.046788,0.101068,0.0139,0.009604,0.009341,0.009446,0.013666
549,0.067,0.046716,0.101404,0.0139369999999999,0.009669,0.009401,0.009452,0.013696
550,0.07,0.046468,0.100778,0.016878,0.009455,0.009312,0.009481,0.013667
551,0.068,0.046465,0.100732,0.017057,0.009486,0.009308,0.009656,0.013776
552,0.067,0.047231,0.10029,0.014028,0.009375,0.009534,0.009556,0.013687
553,0.067,0.046557,0.100773,0.0140559999999999,0.009388,0.009429,0.009659,0.01366
554,0.067,0.046484,0.101187,0.014014,0.0094,0.009335,0.009678,0.0138
555,0.067,0.046953,0.101282,0.017135,0.009389,0.009274,0.009594,0.013929
556,0.067,0.0491,0.101155,0.013644,0.009363,0.00929,0.009578,0.013682
557,0.066,0.046589,0.101511,0.013973,0.009506,0.009409,0.009641,0.013795
558,0.068,0.046572,0.101806,0.013988,0.009469,0.009383,0.009597,0.013973
559,0.063,0.046836,0.103129,0.014015,0.009558,0.009292,0.009797,0.01409
560,0.069,0.047414,0.102022,0.0141489999999999,0.009626,0.00933,0.009937,0.014092
561,0.067,0.047538,0.102058,0.016509,0.009619,0.009274,0.009889,0.014036
562,0.066,0.047274,0.10264,0.014225,0.009651,0.009355,0.009685,0.01392
563,0.067,0.047182,0.102737,0.017391,0.009602,0.009513,0.009693,0.01403
564,0.068,0.0484,0.103264,0.017117,0.009548,0.009367,0.009697,0.014114
565,0.067,0.047542,0.104291,0.0141039999999999,0.009508,0.009437,0.009677,0.014108
566,0.069,0.048211,0.102728,0.016974,0.009555,0.009512,0.009849,0.014058
567,0.068,0.047882,0.104125,0.017067,0.009514,0.009441,0.009722,0.014182
568,0.067,0.048883,0.103166,0.014181,0.009566,0.00943,0.009916,0.014168
569,0.068,0.047868,0.102922,0.017141,0.009575,0.009429,0.00961,0.014214
570,0.069,0.047985,0.106288,0.014173,0.009514,0.009498,0.009687,0.01427
571,0.068,0.047936,0.10356,0.017123,0.009558,0.009429,0.009769,0.014268
572,0.068,0.049289,0.104134,0.026413,0.009672,0.009508,0.009955,0.014345
573,0.068,0.047586,0.103405,0.02008,0.009509,0.009479,0.009978,0.014275
574,0.064,0.047914,0.103768,0.017049,0.009541,0.009471,0.009998,0.014405
575,0.063,0.048063,0.111999,0.017162,0.00967,0.00947,0.009874,0.014273
576,0.065,0.048588,0.104238,0.0138599999999999,0.009607,0.009696,0.009834,0.014283
577,0.068,0.048006,0.103978,0.017213,0.009624,0.009556,0.009754,0.014344
578,0.066,0.048896,0.104856,0.017242,0.009537,0.009695,0.00973,0.014272
579,0.065,0.048352,0.105154,0.017297,0.009562,0.009619,0.009794,0.014118
580,0.066,0.049057,0.104612,0.014373,0.009568,0.009612,0.009985,0.014231
581,0.068,0.048125,0.105384,0.014414,0.009586,0.009497,0.009789,0.014397
582,0.071,0.048779,0.104832,0.026839,0.0097,0.00961,0.009818,0.014168
583,0.068,0.049768,0.105568,0.020415,0.009818,0.00952,0.009845,0.014372
584,0.069,0.04958,0.107288,0.017192,0.009669,0.009564,0.009923,0.014352
585,0.07,0.049427,0.105023,0.014483,0.009816,0.00961,0.009907,0.014472
586,0.07,0.049104,0.105715,0.014548,0.009667,0.009724,0.009891,0.01452
587,0.069,0.04899,0.105587,0.014524,0.009756,0.009556,0.009938,0.014565
588,0.07,0.049448,0.106396,0.0226299999999999,0.009773,0.009542,0.010027,0.014624
589,0.071,0.048896,0.106575,0.020009,0.009748,0.009675,0.009935,0.014525
590,0.069,0.049323,0.106111,0.017199,0.009667,0.009636,0.009994,0.014655
591,0.071,0.049421,0.106215,0.0174649999999999,0.009697,0.009601,0.010242,0.014662
592,0.072,0.049368,0.106547,0.014224,0.009687,0.00969,0.009864,0.014571
593,0.071,0.049313,0.106844,0.0144739999999999,0.009765,0.009751,0.009866,0.014583
594,0.071,0.049713,0.108454,0.017424,0.009941,0.009769,0.0098,0.0147
595,0.07,0.050075,0.107268,0.017448,0.009918,0.009698,0.009873,0.014864
596,0.069,0.051228,0.108966,0.026743,0.009857,0.009711,0.009861,0.014752
597,0.071,0.049761,0.107417,0.020374,0.009805,0.009776,0.009866,0.014675
598,0.072,0.049739,0.10692,0.017537,0.009732,0.009679,0.009847,0.01474
599,0.072,0.050046,0.107405,0.014629,0.00977,0.009703,0.009902,0.014721
600,0.071,0.050606,0.107474,0.0142259999999999,0.009803,0.009727,0.010007,0.014684
601,0.07,0.049986,0.110866,0.01791,0.009832,0.009871,0.010105,0.01479
602,0.07,0.049886,0.108241,0.017662,0.009753,0.009711,0.010068,0.014714
603,0.074,0.052288,0.10815,0.01762,0.009742,0.009723,0.009975,0.014819
604,0.071,0.051932,0.108077,0.017536,0.009838,0.009786,0.010084,0.014759
605,0.075,0.050392,0.108078,0.0174299999999999,0.009936,0.009714,0.010297,0.014784
606,0.071,0.050635,0.11075,0.017412,0.009781,0.009857,0.010141,0.014828
607,0.07,0.051902,0.108196,0.017502,0.009927,0.009752,0.010538,0.01481
608,0.072,0.052197,0.109549,0.017759,0.009874,0.009826,0.010158,0.014806
609,0.073,0.050807,0.108915,0.017558,0.009934,0.0098,0.010161,0.015027
610,0.068,0.050981,0.109299,0.017641,0.010047,0.009736,0.01049,0.014796
611,0.073,0.051361,0.10912,0.017515,0.010088,0.009838,0.010226,0.014799
612,0.073,0.051548,0.109795,0.017703,0.009861,0.009829,0.010246,0.014987
613,0.071,0.051386,0.109479,0.017661,0.010063,0.009818,0.010404,0.01485
614,0.071,0.05122,0.109619,0.017632,0.009892,0.009878,0.010156,0.014911
615,0.068,0.055275,0.109853,0.017762,0.009894,0.010244,0.010177,0.01505
616,0.072,0.052536,0.109834,0.017715,0.009928,0.009941,0.010052,0.01499
617,0.072,0.051175,0.11057,0.017454,0.009893,0.009832,0.009958,0.014992
618,0.072,0.051508,0.110776,0.017689,0.009994,0.00984,0.010024,0.015039
619,0.071,0.051215,0.110409,0.017613,0.00995,0.009812,0.010153,0.01501
620,0.074,0.052035,0.110706,0.017824,0.009987,0.010037,0.010474,0.014941
621,0.072,0.052384,0.110174,0.014393,0.009944,0.009949,0.010039,0.014989
622,0.074,0.051669,0.110309,0.017833,0.009965,0.009951,0.01024,0.015156
623,0.072,0.051873,0.111892,0.01792,0.010024,0.009996,0.010159,0.015042
624,0.072,0.053049,0.110973,0.017756,0.010007,0.010051,0.01016,0.015007
625,0.068,0.053483,0.110636,0.024538,0.009979,0.010009,0.010316,0.015065
626,0.071,0.051911,0.110916,0.01728,0.010012,0.010006,0.010482,0.015095
627,0.069,0.052375,0.111447,0.017542,0.010021,0.010029,0.01027,0.015099
628,0.071,0.052571,0.111649,0.017965,0.010047,0.009927,0.010254,0.015065
629,0.072,0.05236,0.111455,0.017746,0.010028,0.009927,0.010218,0.015089
630,0.074,0.052173,0.1119,0.017958,0.010022,0.010103,0.010231,0.015141
631,0.073,0.053293,0.111215,0.017954,0.01008,0.0099,0.010243,0.015178
632,0.071,0.052994,0.111934,0.0177389999999999,0.01008,0.010014,0.010304,0.015214
633,0.076,0.053132,0.114948,0.0150529999999999,0.010037,0.010091,0.010288,0.01517
634,0.074,0.052996,0.115365,0.0180029999999999,0.010132,0.009943,0.010268,0.015287
635,0.069,0.053085,0.112411,0.015042,0.010135,0.010037,0.01029,0.015217
636,0.071,0.053015,0.11315,0.017872,0.010214,0.010254,0.010388,0.015305
637,0.071,0.052942,0.112375,0.017997,0.010326,0.010062,0.010438,0.015233
638,0.069,0.053101,0.113111,0.018063,0.010196,0.010293,0.010373,0.015228
639,0.065,0.054561,0.112897,0.017984,0.010511,0.010058,0.010474,0.015371
640,0.075,0.054765,0.11317,0.017877,0.010484,0.010142,0.010498,0.015263
641,0.069,0.053999,0.114387,0.018231,0.010176,0.01012,0.010938,0.015317
642,0.074,0.053768,0.114009,0.01792,0.010162,0.009947,0.010392,0.015395
643,0.069,0.053853,0.113857,0.027341,0.010165,0.010127,0.010366,0.015322
644,0.074,0.05384,0.113729,0.020923,0.010181,0.010188,0.010502,0.015361
645,0.074,0.053226,0.114325,0.018179,0.010283,0.010011,0.010307,0.015359
646,0.073,0.053549,0.113563,0.018569,0.010369,0.010033,0.010311,0.015512
647,0.085,0.054619,0.116122,0.018271,0.010312,0.010037,0.010301,0.01539
648,0.075,0.054584,0.114469,0.018331,0.010187,0.010179,0.010343,0.015438
649,0.07,0.053773,0.114405,0.0239659999999999,0.010204,0.010159,0.010516,0.015472
650,0.075,0.053822,0.114502,0.027821,0.010238,0.010073,0.010465,0.015454
651,0.071,0.053929,0.116062,0.0212009999999999,0.010209,0.010071,0.010425,0.015415
652,0.074,0.055059,0.115407,0.0147559999999999,0.010251,0.010079,0.01052,0.015498
653,0.07,0.054991,0.115945,0.018137,0.010328,0.009983,0.010404,0.015525
654,0.079,0.054187,0.115944,0.018036,0.010321,0.010134,0.010493,0.015502
655,0.071,0.054274,0.115248,0.018258,0.010671,0.01009,0.010631,0.015517
656,0.071,0.054957,0.114963,0.018104,0.010511,0.010113,0.010532,0.015728
657,0.077,0.054485,0.115673,0.018085,0.010472,0.010184,0.010681,0.015511
658,0.071,0.056451,0.116358,0.018297,0.01069,0.010165,0.010485,0.015557
659,0.071,0.057171,0.116109,0.018301,0.01024,0.010306,0.010349,0.015504
660,0.072,0.055227,0.116476,0.018179,0.010307,0.010113,0.010412,0.015812
661,0.074,0.055659,0.116224,0.018506,0.010308,0.010192,0.010446,0.015615
662,0.072,0.055732,0.115753,0.018596,0.010236,0.010275,0.01047,0.015575
663,0.075,0.054825,0.116237,0.018275,0.010435,0.010216,0.01049,0.015771
664,0.071,0.055575,0.118377,0.018307,0.010324,0.01041,0.010446,0.01576
665,0.076,0.056425,0.115995,0.0185,0.010285,0.010375,0.010777,0.015676
666,0.073,0.055646,0.119218,0.018416,0.010242,0.01021,0.010505,0.015794
667,0.076,0.056502,0.116302,0.018211,0.010347,0.010218,0.01055,0.015759
668,0.072,0.055846,0.121019,0.018537,0.010319,0.010138,0.01051,0.015725
669,0.077,0.055187,0.117345,0.0184709999999999,0.010491,0.010395,0.010713,0.015763
670,0.073,0.055333,0.11761,0.01849,0.010386,0.010285,0.010638,0.015835
671,0.073,0.0575,0.117542,0.018403,0.010395,0.010329,0.010538,0.015924
672,0.077,0.05614,0.117766,0.028331,0.010414,0.010265,0.010646,0.015876
673,0.076,0.056472,0.118565,0.021295,0.010411,0.010329,0.01072,0.015752
674,0.072,0.055731,0.117682,0.018272,0.010378,0.010318,0.010611,0.015988
675,0.075,0.056412,0.117485,0.018355,0.010528,0.010384,0.010741,0.015996
676,0.078,0.056641,0.11907,0.027827,0.010403,0.01055,0.011027,0.015813
677,0.078,0.057506,0.118198,0.021593,0.010434,0.010426,0.011033,0.015835
678,0.073,0.056547,0.118262,0.018482,0.010544,0.010425,0.010926,0.015844
679,0.08,0.056714,0.117825,0.018834,0.010501,0.010435,0.010564,0.015824
680,0.073,0.056569,0.118824,0.018403,0.010573,0.010477,0.01095,0.015858
681,0.077,0.05859,0.118046,0.018407,0.010405,0.010368,0.010661,0.01595
682,0.078,0.056345,0.119633,0.018508,0.010458,0.010318,0.010836,0.016071
683,0.077,0.05641,0.119228,0.018674,0.010599,0.010318,0.011083,0.015881
684,0.075,0.058422,0.119575,0.018698,0.010586,0.010402,0.010897,0.015925
685,0.077,0.056311,0.119245,0.0185509999999999,0.010606,0.0104,0.010973,0.015983
686,0.076,0.056987,0.121779,0.018399,0.010624,0.010426,0.011074,0.016013
687,0.075,0.057104,0.119144,0.018554,0.010561,0.010431,0.010782,0.016121
688,0.074,0.057739,0.120403,0.0186999999999999,0.010768,0.010557,0.010994,0.016105
689,0.078,0.05704,0.119824,0.01858,0.010607,0.010729,0.010905,0.015928
690,0.079,0.05821,0.120223,0.018552,0.010679,0.010967,0.010895,0.015843
691,0.079,0.057286,0.119972,0.018915,0.010612,0.010625,0.010824,0.015855
692,0.082,0.057685,0.11999,0.018552,0.010631,0.010496,0.01124,0.016044
693,0.076,0.05733,0.122018,0.018797,0.010702,0.010579,0.01095,0.015916
694,0.078,0.058442,0.120193,0.018648,0.010614,0.010757,0.010884,0.015919
695,0.082,0.057769,0.120426,0.028498,0.010643,0.010685,0.010995,0.015878
696,0.079,0.058019,0.121046,0.021526,0.010848,0.010554,0.010818,0.015996
697,0.079,0.057702,0.127564,0.018984,0.010808,0.010569,0.010919,0.015979
698,0.081,0.058561,0.121952,0.0184809999999999,0.01081,0.010677,0.011019,0.015991
699,0.08,0.057865,0.121942,0.018559,0.010658,0.010746,0.010905,0.016603
700,0.08,0.058253,0.121407,0.01866,0.010819,0.010489,0.011076,0.016533
701,0.08,0.058401,0.121806,0.01882,0.01075,0.010695,0.010882,0.016539
702,0.08,0.058404,0.121439,0.018696,0.010737,0.010543,0.011079,0.016448
703,0.079,0.058444,0.128309,0.018767,0.010582,0.010758,0.010845,0.016422
704,0.076,0.059229,0.122152,0.01875,0.010627,0.010711,0.010879,0.016363
705,0.076,0.05786,0.121846,0.018739,0.010828,0.010665,0.01108,0.01641
706,0.079,0.058476,0.123997,0.0189,0.010538,0.010707,0.010832,0.016391
707,0.077,0.058746,0.123167,0.018793,0.010575,0.010832,0.011064,0.016703
708,0.08,0.058584,0.122822,0.018781,0.010914,0.010754,0.010888,0.016362
709,0.075,0.0592,0.129874,0.018763,0.010685,0.01078,0.010985,0.016484
710,0.078,0.059055,0.123659,0.0189389999999999,0.010664,0.010798,0.010745,0.016426
711,0.078,0.058809,0.122983,0.018878,0.010934,0.010917,0.010983,0.016445
712,0.081,0.059473,0.122973,0.01897,0.010834,0.010843,0.01099,0.016469
713,0.08,0.059015,0.131322,0.018959,0.010799,0.010774,0.011175,0.01645
714,0.081,0.059931,0.123792,0.018941,0.010819,0.01077,0.011122,0.016421
715,0.082,0.058945,0.123165,0.018947,0.010736,0.010566,0.011121,0.016514
716,0.082,0.060475,0.12421,0.018985,0.010747,0.010947,0.011066,0.016687
717,0.084,0.058629,0.124748,0.019004,0.010696,0.010791,0.011085,0.016821
718,0.082,0.060592,0.123885,0.027977,0.010762,0.010749,0.011294,0.016602
719,0.083,0.059471,0.124775,0.019117,0.010769,0.010859,0.011376,0.016651
720,0.082,0.061159,0.124211,0.018876,0.010834,0.01081,0.011181,0.016861
721,0.082,0.059552,0.124358,0.019199,0.0109,0.010848,0.011445,0.016654
722,0.083,0.059508,0.125003,0.0191369999999999,0.010758,0.010804,0.011082,0.016727
723,0.079,0.059842,0.125594,0.019342,0.010789,0.010823,0.011201,0.016701
724,0.082,0.060048,0.124922,0.018996,0.010857,0.010851,0.011114,0.01669
725,0.081,0.06036,0.12867,0.019169,0.010856,0.010991,0.010985,0.016662
726,0.084,0.059474,0.124692,0.019221,0.010838,0.010801,0.011084,0.017001
727,0.083,0.059896,0.125075,0.0193039999999999,0.010903,0.011095,0.01119,0.016665
728,0.081,0.060629,0.125368,0.019461,0.011015,0.011016,0.011034,0.016633
729,0.082,0.060551,0.127594,0.019582,0.010902,0.010912,0.011196,0.016626
730,0.082,0.060598,0.126151,0.019541,0.010924,0.010751,0.0111,0.016733
731,0.083,0.062761,0.126266,0.019438,0.011185,0.010819,0.011413,0.01693
732,0.083,0.0619,0.126316,0.019542,0.011074,0.010871,0.011394,0.01677
733,0.083,0.060336,0.126215,0.019475,0.010911,0.010726,0.011599,0.01676
734,0.079,0.060708,0.125732,0.019417,0.010975,0.010673,0.011229,0.016948
735,0.083,0.06083,0.125894,0.019616,0.011212,0.01078,0.01131,0.016889
736,0.079,0.061381,0.127539,0.017916,0.011002,0.010803,0.011215,0.016793
737,0.079,0.061042,0.126917,0.019092,0.010901,0.010858,0.011097,0.016982
738,0.084,0.060558,0.127169,0.01746,0.011154,0.010781,0.011245,0.016879
739,0.079,0.060798,0.126632,0.016732,0.011101,0.011069,0.011505,0.016976
740,0.078,0.062012,0.127022,0.0191749999999999,0.010954,0.010945,0.011315,0.01687
741,0.081,0.060601,0.127244,0.019574,0.011232,0.011014,0.011576,0.016902
742,0.08,0.062047,0.126794,0.0198479999999999,0.011073,0.011017,0.011261,0.01702
743,0.079,0.061882,0.127083,0.019629,0.011035,0.010889,0.011297,0.017125
744,0.08,0.062543,0.127737,0.019695,0.011093,0.010902,0.011415,0.016963
745,0.084,0.061613,0.127416,0.019853,0.010913,0.010961,0.011288,0.016942
746,0.082,0.061687,0.128171,0.020172,0.010955,0.010946,0.01135,0.016959
747,0.08,0.066386,0.12756,0.019828,0.011057,0.010946,0.011362,0.017166
748,0.082,0.065532,0.128728,0.0197649999999999,0.01095,0.010983,0.010905,0.017048
749,0.085,0.061805,0.128784,0.020014,0.01103,0.011035,0.011303,0.017011
750,0.082,0.062928,0.128222,0.019843,0.011038,0.011142,0.011239,0.017083
751,0.08,0.061981,0.129164,0.020114,0.010898,0.011092,0.011116,0.017106
752,0.084,0.062726,0.129485,0.019705,0.011074,0.011025,0.011412,0.017076
753,0.083,0.062752,0.128278,0.020031,0.011083,0.010997,0.011394,0.017234
754,0.081,0.06209,0.129888,0.019923,0.011019,0.010949,0.01129,0.017042
755,0.085,0.062143,0.129189,0.019122,0.011038,0.011033,0.011146,0.017124
756,0.085,0.063108,0.129342,0.019331,0.011192,0.010952,0.011277,0.017088
757,0.083,0.062044,0.133604,0.019582,0.011034,0.0111,0.011191,0.017243
758,0.084,0.072032,0.129126,0.0296899999999999,0.011105,0.011084,0.011567,0.017147
759,0.082,0.062437,0.129317,0.020266,0.011089,0.011011,0.011429,0.017159
760,0.082,0.063972,0.130304,0.0193419999999999,0.01136,0.011079,0.011527,0.017287
761,0.081,0.062676,0.129878,0.020238,0.011086,0.01115,0.011619,0.017218
762,0.086,0.063277,0.1303,0.020016,0.011179,0.011115,0.011364,0.017198
763,0.081,0.063461,0.131119,0.019948,0.011123,0.01122,0.011557,0.017207
764,0.08,0.06321,0.131201,0.019847,0.01123,0.011308,0.01131,0.01731
765,0.088,0.062722,0.131496,0.0199419999999999,0.01112,0.011193,0.011489,0.017374
766,0.086,0.063039,0.130841,0.019876,0.011144,0.01121,0.01125,0.017508
767,0.081,0.06358,0.133837,0.019845,0.011121,0.011295,0.011169,0.017347
768,0.083,0.064398,0.134581,0.019954,0.011168,0.011189,0.011327,0.017508
769,0.076,0.063689,0.130928,0.020011,0.011224,0.011147,0.011429,0.01734
770,0.086,0.063113,0.131923,0.0201949999999999,0.011186,0.011362,0.011529,0.017578
771,0.084,0.071459,0.131477,0.0203439999999999,0.011309,0.011383,0.011362,0.017413
772,0.084,0.064798,0.131734,0.0200079999999999,0.011165,0.01127,0.011532,0.017472
773,0.083,0.063611,0.132394,0.0201329999999999,0.011252,0.011152,0.011374,0.01749
774,0.082,0.063676,0.134584,0.020208,0.011285,0.011193,0.01176,0.017481
775,0.082,0.064024,0.132237,0.020124,0.011405,0.011129,0.011268,0.01755
776,0.082,0.064379,0.131435,0.020073,0.011205,0.011227,0.011284,0.017502
777,0.085,0.068911,0.131399,0.020238,0.011158,0.011226,0.011206,0.017551
778,0.085,0.064346,0.138008,0.019366,0.011353,0.011321,0.01144,0.017541
779,0.082,0.063878,0.132713,0.019775,0.011518,0.01122,0.011671,0.017472
780,0.087,0.064887,0.132379,0.020086,0.011341,0.011261,0.011524,0.017664
781,0.087,0.064189,0.132426,0.0200009999999999,0.011332,0.011304,0.011582,0.017593
782,0.087,0.064759,0.138163,0.020002,0.011353,0.011329,0.011725,0.017487
783,0.089,0.06478,0.132254,0.0201359999999999,0.011324,0.01135,0.011759,0.017547
784,0.083,0.066189,0.132724,0.020311,0.011333,0.011411,0.011405,0.017655
785,0.083,0.064878,0.133399,0.020298,0.011322,0.011348,0.011476,0.017605
786,0.084,0.064568,0.135828,0.0201389999999999,0.011463,0.011438,0.011557,0.017668
787,0.086,0.065276,0.133992,0.020094,0.011429,0.011396,0.011941,0.017685
788,0.083,0.06616,0.137265,0.020193,0.011552,0.011596,0.011894,0.017644
789,0.084,0.067168,0.13391,0.020615,0.011402,0.011707,0.01171,0.017802
790,0.086,0.064522,0.133869,0.020388,0.011447,0.01165,0.011763,0.017724
791,0.084,0.067411,0.135808,0.020192,0.011763,0.011573,0.011787,0.017767
792,0.085,0.067404,0.133749,0.020233,0.011578,0.011474,0.011917,0.017773
793,0.084,0.065278,0.134529,0.020651,0.011528,0.011488,0.0118,0.018036
794,0.084,0.065462,0.137373,0.020398,0.011688,0.011457,0.011805,0.01778
795,0.085,0.065722,0.134665,0.0202359999999999,0.011613,0.011628,0.011778,0.017914
796,0.084,0.066069,0.13559,0.020272,0.011524,0.011395,0.011821,0.017927
797,0.096,0.065906,0.135325,0.020261,0.011563,0.011613,0.012029,0.017964
798,0.085,0.066074,0.135262,0.0306649999999999,0.011607,0.011313,0.011866,0.017937
799,0.084,0.0655,0.135035,0.020328,0.01166,0.011517,0.012038,0.017896
800,0.084,0.067134,0.140709,0.020653,0.011505,0.011604,0.011636,0.017951
801,0.089,0.06697,0.1511,0.020662,0.011654,0.011505,0.011793,0.017964
802,0.084,0.066129,0.135777,0.02029,0.011615,0.011513,0.011902,0.017812
803,0.085,0.065682,0.1368,0.020422,0.011518,0.011544,0.011746,0.017974
804,0.092,0.066951,0.135933,0.020471,0.011461,0.011594,0.011736,0.017942
805,0.092,0.065936,0.136549,0.020442,0.011469,0.01159,0.011802,0.018093
806,0.09,0.065991,0.141001,0.020263,0.011532,0.011644,0.011629,0.018016
807,0.093,0.066607,0.135786,0.020422,0.011746,0.011489,0.01187,0.017989
808,0.092,0.067767,0.147883,0.020576,0.011456,0.011551,0.01155,0.01798
809,0.092,0.066281,0.136258,0.02043,0.011498,0.011717,0.011688,0.018107
810,0.092,0.066738,0.137696,0.020336,0.011792,0.011635,0.01171,0.018023
811,0.091,0.06663,0.137095,0.020333,0.011493,0.011533,0.011689,0.018062
812,0.09,0.068454,0.137512,0.020149,0.01156,0.011538,0.011515,0.018045
813,0.092,0.066452,0.13746,0.020384,0.011698,0.011554,0.011893,0.018059
814,0.092,0.067558,0.138231,0.020364,0.011658,0.011614,0.011843,0.018171
815,0.092,0.067416,0.137892,0.030798,0.011709,0.011674,0.011948,0.018056
816,0.093,0.06829,0.137431,0.020459,0.011787,0.011786,0.01195,0.018078
817,0.093,0.067113,0.137957,0.020696,0.011816,0.011536,0.012069,0.018068
818,0.091,0.067509,0.137917,0.018001,0.01172,0.011644,0.012104,0.018285
819,0.093,0.067079,0.137897,0.020386,0.011729,0.01163,0.012109,0.018132
820,0.091,0.068805,0.138483,0.020513,0.011947,0.011664,0.012018,0.018216
821,0.091,0.067415,0.139217,0.020395,0.01194,0.011662,0.012064,0.018105
822,0.091,0.067641,0.138677,0.0204859999999999,0.011853,0.011822,0.012008,0.018216
823,0.092,0.06843,0.138258,0.020529,0.011946,0.011672,0.012101,0.018252
824,0.093,0.068485,0.138854,0.020426,0.011891,0.011709,0.012226,0.01828
825,0.095,0.067692,0.140513,0.020443,0.011925,0.011708,0.012093,0.018572
826,0.093,0.067908,0.139258,0.020649,0.011755,0.011729,0.011886,0.018363
827,0.095,0.06819,0.139859,0.020621,0.011926,0.011831,0.012158,0.018402
828,0.095,0.069543,0.139994,0.020859,0.011757,0.011707,0.012032,0.018311
829,0.101,0.0683,0.139069,0.020721,0.012155,0.011964,0.012446,0.018505
830,0.092,0.068154,0.13938,0.020523,0.011896,0.011787,0.01221,0.018589
831,0.095,0.068295,0.139776,0.020914,0.01228,0.011784,0.01224,0.018458
832,0.088,0.069228,0.14049,0.020911,0.011839,0.011794,0.012068,0.018421
833,0.092,0.068324,0.142963,0.020684,0.011905,0.011921,0.012285,0.018398
834,0.091,0.068756,0.14162,0.0207119999999999,0.012074,0.011872,0.012288,0.01849
835,0.093,0.073231,0.140224,0.020746,0.012064,0.011762,0.012458,0.018509
836,0.093,0.069795,0.140897,0.031383,0.011962,0.011889,0.012152,0.018778
837,0.096,0.073524,0.141176,0.020724,0.011998,0.011854,0.012255,0.018588
838,0.093,0.069025,0.140766,0.02044,0.012232,0.011961,0.012373,0.018499
839,0.091,0.070177,0.140387,0.020568,0.012029,0.011904,0.012111,0.018537
840,0.094,0.069691,0.141056,0.020923,0.011977,0.011823,0.012197,0.018508
841,0.095,0.069129,0.141289,0.020852,0.011958,0.01192,0.012008,0.018571
842,0.095,0.069381,0.152172,0.0209579999999999,0.011754,0.011906,0.012212,0.018542
843,0.095,0.069322,0.141597,0.020869,0.011682,0.011963,0.011867,0.018725
844,0.094,0.069961,0.141717,0.020724,0.011721,0.012025,0.011832,0.018515
845,0.095,0.069872,0.141053,0.020896,0.011779,0.011965,0.01191,0.0187
846,0.09,0.069728,0.14184,0.020921,0.01176,0.012108,0.011911,0.018877
847,0.093,0.070048,0.14169,0.02084,0.011813,0.01198,0.012063,0.019065
848,0.094,0.072648,0.142319,0.020825,0.012015,0.011916,0.011946,0.018638
849,0.097,0.069616,0.141771,0.020779,0.01203,0.011931,0.012184,0.018608
850,0.094,0.069951,0.142393,0.020711,0.012016,0.012109,0.011931,0.018659
851,0.095,0.070161,0.14292,0.020863,0.011996,0.011951,0.012211,0.018594
852,0.091,0.071382,0.142381,0.03017,0.012043,0.011968,0.012641,0.018733
853,0.093,0.070157,0.143304,0.031168,0.012113,0.012089,0.01255,0.01869
854,0.096,0.070156,0.143631,0.02085,0.012043,0.012009,0.012358,0.018849
855,0.095,0.07019,0.142479,0.0207089999999999,0.011979,0.011972,0.012595,0.018809
856,0.094,0.070715,0.142756,0.020765,0.012025,0.012027,0.012506,0.018864
857,0.095,0.070107,0.143012,0.021124,0.012045,0.012149,0.012416,0.018759
858,0.097,0.071069,0.143579,0.021479,0.012042,0.012045,0.012343,0.018884
859,0.095,0.07127,0.144224,0.021076,0.012422,0.012062,0.012379,0.018839
860,0.094,0.070626,0.144236,0.021138,0.011944,0.012036,0.012358,0.018827
861,0.097,0.070735,0.14449,0.021188,0.012119,0.012058,0.012397,0.018809
862,0.09,0.070852,0.143523,0.021363,0.012121,0.011948,0.012563,0.018764
863,0.09,0.070617,0.144709,0.021393,0.012101,0.012026,0.012364,0.018933
864,0.095,0.072751,0.144573,0.021178,0.012189,0.01201,0.012562,0.018927
865,0.094,0.071018,0.144775,0.021109,0.012045,0.012044,0.012202,0.019115
866,0.093,0.071276,0.14464,0.021001,0.012148,0.012004,0.012377,0.018983
867,0.094,0.071708,0.145268,0.02095,0.012158,0.012143,0.012414,0.019051
868,0.096,0.071682,0.144831,0.021303,0.012109,0.012088,0.012419,0.019038
869,0.101,0.071825,0.145251,0.021553,0.012248,0.012201,0.012771,0.01896
870,0.095,0.072013,0.14577,0.021595,0.01226,0.012259,0.012448,0.019091
871,0.096,0.071545,0.144712,0.0212829999999999,0.012319,0.012143,0.012733,0.018989
872,0.096,0.072531,0.145224,0.021673,0.012464,0.012251,0.012635,0.019195
873,0.093,0.071698,0.144827,0.0216029999999999,0.012345,0.012123,0.012577,0.019065
874,0.091,0.07213,0.145867,0.020802,0.012291,0.012291,0.012643,0.019021
875,0.096,0.071694,0.145163,0.021458,0.012285,0.012128,0.012649,0.019043
876,0.093,0.072262,0.145906,0.021328,0.012329,0.012176,0.012852,0.019056
877,0.091,0.072307,0.146601,0.021231,0.012329,0.012185,0.012627,0.01917
878,0.097,0.072266,0.146652,0.021613,0.01228,0.012148,0.012703,0.019938
879,0.097,0.071977,0.146561,0.021405,0.012324,0.012099,0.01266,0.019727
880,0.097,0.073941,0.146047,0.021664,0.012921,0.012202,0.012906,0.019417
881,0.098,0.072201,0.146445,0.021322,0.012324,0.012221,0.012733,0.019355
882,0.1,0.07176,0.147924,0.02164,0.012346,0.012219,0.012969,0.020066
883,0.098,0.073684,0.147344,0.021621,0.012335,0.012383,0.012653,0.019517
884,0.097,0.073284,0.146902,0.021433,0.012322,0.012108,0.012829,0.01947
885,0.098,0.072275,0.146965,0.021523,0.012246,0.012238,0.012744,0.019458
886,0.094,0.074019,0.147142,0.021496,0.012429,0.012321,0.012982,0.019508
887,0.093,0.073236,0.147058,0.031646,0.012645,0.012155,0.012928,0.019409
888,0.099,0.074301,0.147346,0.021704,0.01261,0.012215,0.012959,0.019483
889,0.099,0.073259,0.148766,0.031681,0.012561,0.012245,0.013072,0.019566
890,0.097,0.073292,0.148147,0.032058,0.012538,0.012457,0.01307,0.019639
891,0.104,0.073502,0.148235,0.021637,0.012551,0.01227,0.012937,0.019538
892,0.093,0.074303,0.148657,0.020104,0.012421,0.012272,0.012813,0.019552
893,0.097,0.074497,0.149364,0.0208089999999999,0.012329,0.012251,0.013013,0.019531
894,0.101,0.074162,0.148756,0.02132,0.012637,0.012323,0.013314,0.019584
895,0.099,0.074075,0.148032,0.021715,0.012373,0.012344,0.012721,0.019573
896,0.101,0.074292,0.149265,0.0214499999999999,0.012573,0.012361,0.012909,0.019596
897,0.1,0.075844,0.148925,0.021564,0.012623,0.012381,0.013232,0.019625
898,0.101,0.07388,0.149209,0.021634,0.012879,0.01229,0.013155,0.019693
899,0.098,0.073797,0.149311,0.02189,0.012632,0.012352,0.013302,0.019853
900,0.1,0.075523,0.151824,0.0217699999999999,0.012576,0.012349,0.01284,0.019739
901,0.098,0.07347,0.150267,0.021616,0.012658,0.012313,0.013314,0.01968
902,0.099,0.073133,0.149337,0.021834,0.012684,0.012282,0.012954,0.019751
903,0.101,0.075233,0.151932,0.021669,0.012544,0.012407,0.012973,0.019659
904,0.099,0.075221,0.151126,0.021947,0.012486,0.012726,0.012759,0.019931
905,0.098,0.073804,0.151654,0.021561,0.012736,0.012574,0.013281,0.01986
906,0.1,0.074327,0.149927,0.021589,0.012761,0.012505,0.013283,0.019751
907,0.099,0.074928,0.150578,0.021638,0.012685,0.012543,0.01311,0.019848
908,0.101,0.07523,0.150846,0.02178,0.012637,0.012452,0.013027,0.019903
909,0.101,0.074292,0.15158,0.021854,0.012589,0.012484,0.013249,0.01999
910,0.095,0.074822,0.151456,0.032927,0.012721,0.012614,0.013466,0.019832
911,0.098,0.076841,0.150641,0.032675,0.012638,0.012641,0.013071,0.019846
912,0.101,0.076208,0.154511,0.022397,0.012566,0.012352,0.012944,0.019969
913,0.098,0.074368,0.151349,0.021918,0.012566,0.012586,0.013137,0.019945
914,0.095,0.074798,0.152067,0.021941,0.012696,0.012416,0.013112,0.020017
915,0.1,0.075409,0.153154,0.021826,0.012759,0.012462,0.013271,0.01998
916,0.099,0.075756,0.153131,0.0218949999999999,0.012735,0.012477,0.013127,0.019968
917,0.101,0.077158,0.152784,0.022004,0.012708,0.012401,0.013354,0.020065
918,0.101,0.074911,0.151464,0.021778,0.012754,0.012665,0.013387,0.020123
919,0.099,0.074926,0.151879,0.021744,0.012737,0.012758,0.013308,0.020109
920,0.102,0.079474,0.152758,0.0221169999999999,0.012724,0.012501,0.013475,0.019962
921,0.101,0.075185,0.152,0.021867,0.012627,0.012519,0.013312,0.020088
922,0.099,0.075263,0.154007,0.021759,0.012882,0.012482,0.013127,0.020072
923,0.101,0.075804,0.152611,0.022092,0.012828,0.012533,0.013191,0.020107
924,0.104,0.079018,0.153298,0.021755,0.01288,0.012707,0.013213,0.020139
925,0.101,0.075615,0.152452,0.022123,0.012749,0.012564,0.013365,0.019994
926,0.099,0.075751,0.152857,0.022169,0.01281,0.01284,0.013553,0.020076
927,0.098,0.076427,0.152537,0.032484,0.012807,0.012527,0.013297,0.020137
928,0.104,0.076158,0.153971,0.0218779999999999,0.012551,0.012496,0.01288,0.02015
929,0.099,0.076299,0.152865,0.022032,0.012899,0.012687,0.013266,0.020287
930,0.104,0.075948,0.153889,0.022328,0.012853,0.012724,0.013518,0.020136
931,0.1,0.076249,0.153687,0.021834,0.012856,0.012729,0.013274,0.020002
932,0.1,0.077968,0.15364,0.022001,0.013331,0.012681,0.013629,0.020143
933,0.102,0.076309,0.154207,0.021741,0.013022,0.012665,0.013386,0.020175
934,0.101,0.076366,0.154136,0.022095,0.013059,0.012834,0.01355,0.020249
935,0.101,0.076339,0.154572,0.022187,0.013255,0.012754,0.013581,0.020281
936,0.105,0.081089,0.154184,0.021775,0.013047,0.012768,0.013714,0.020217
937,0.101,0.077673,0.158437,0.022207,0.013097,0.012988,0.013618,0.020327
938,0.104,0.076541,0.155395,0.02234,0.013128,0.012674,0.013533,0.020292
939,0.1,0.076679,0.154438,0.02217,0.012918,0.012782,0.013424,0.020351
940,0.102,0.077547,0.155222,0.021856,0.012917,0.012837,0.013514,0.020322
941,0.105,0.076858,0.155751,0.021983,0.013002,0.012843,0.01349,0.020184
942,0.104,0.077153,0.154894,0.021871,0.013009,0.012793,0.01337,0.020406
943,0.098,0.077107,0.156124,0.021912,0.013022,0.012922,0.0134,0.020385
944,0.1,0.077497,0.155362,0.02197,0.013171,0.013057,0.013531,0.020445
945,0.102,0.077017,0.155468,0.022212,0.013136,0.012655,0.013514,0.020448
946,0.108,0.078265,0.156517,0.021985,0.013345,0.012709,0.013501,0.020448
947,0.104,0.080579,0.155698,0.0223459999999999,0.013082,0.012718,0.013651,0.020489
948,0.103,0.077873,0.156294,0.02224,0.013017,0.012772,0.013691,0.020351
949,0.101,0.077132,0.156024,0.022521,0.013118,0.012817,0.01374,0.020406
950,0.103,0.076973,0.156555,0.0225329999999999,0.01282,0.012832,0.013219,0.020487
951,0.108,0.07794,0.155506,0.022263,0.01293,0.013136,0.013623,0.020481
952,0.107,0.07839,0.159746,0.022564,0.013221,0.013014,0.013886,0.02052
953,0.105,0.078098,0.157327,0.022079,0.013353,0.013038,0.013701,0.020484
954,0.104,0.08328,0.15754,0.0320929999999999,0.01327,0.012821,0.013589,0.020439
955,0.102,0.080172,0.157216,0.022647,0.013256,0.013146,0.01374,0.020463
956,0.105,0.079823,0.157712,0.022282,0.013295,0.01286,0.013842,0.020655
957,0.106,0.077747,0.157596,0.022372,0.013476,0.012795,0.013797,0.020799
958,0.103,0.078574,0.15722,0.022311,0.013338,0.012882,0.013958,0.020693
959,0.104,0.078422,0.158407,0.022427,0.01331,0.013032,0.013907,0.020735
960,0.107,0.079403,0.158374,0.022413,0.013475,0.01297,0.013769,0.020787
961,0.104,0.079204,0.157493,0.022577,0.013297,0.013275,0.01378,0.020695
962,0.107,0.078572,0.157738,0.022473,0.013405,0.013145,0.013979,0.020997
963,0.107,0.079075,0.15867,0.022321,0.013662,0.01343,0.013978,0.020766
964,0.1,0.079286,0.165755,0.02248,0.013278,0.013187,0.013883,0.02077
965,0.105,0.078997,0.158746,0.022624,0.013229,0.013393,0.014022,0.020813
966,0.105,0.079288,0.159977,0.022219,0.013437,0.0131,0.01389,0.020815
967,0.104,0.078974,0.158402,0.02265,0.013283,0.013128,0.014041,0.020744
968,0.103,0.080131,0.158967,0.022362,0.013365,0.013083,0.013909,0.020964
969,0.101,0.079638,0.158811,0.022779,0.013239,0.013111,0.01403,0.021065
970,0.103,0.078634,0.160156,0.02219,0.013335,0.013158,0.014144,0.021139
971,0.104,0.079406,0.16016,0.022268,0.013353,0.013142,0.013861,0.020937
972,0.103,0.080115,0.160045,0.022642,0.013135,0.013465,0.013469,0.020989
973,0.108,0.079723,0.159498,0.022522,0.013362,0.013241,0.01352,0.020974
974,0.104,0.080502,0.159505,0.02254,0.013284,0.013358,0.013443,0.020893
975,0.107,0.080284,0.160062,0.022412,0.013263,0.013294,0.013591,0.021098
976,0.107,0.08141,0.159182,0.022392,0.013112,0.013173,0.013438,0.021031
977,0.101,0.07947,0.16584,0.022466,0.01311,0.013481,0.013475,0.020869
978,0.108,0.0815,0.161112,0.022518,0.013226,0.013235,0.013549,0.020997
979,0.104,0.080264,0.160351,0.022351,0.013104,0.013328,0.013696,0.020979
980,0.107,0.082011,0.160639,0.033241,0.013152,0.013492,0.013555,0.020984
981,0.106,0.080462,0.161624,0.021543,0.013112,0.0134,0.013701,0.021118
982,0.106,0.080041,0.161936,0.021922,0.013339,0.013391,0.014277,0.021633
983,0.106,0.080478,0.161048,0.022365,0.013117,0.013223,0.013503,0.020999
984,0.107,0.080534,0.161199,0.022535,0.013163,0.013334,0.013469,0.021274
985,0.116,0.083433,0.161958,0.022447,0.013349,0.01352,0.013809,0.021009
986,0.109,0.080246,0.161494,0.033386,0.013164,0.013474,0.013662,0.021057
987,0.108,0.081049,0.161804,0.022654,0.013807,0.013258,0.013824,0.021137
988,0.108,0.081379,0.162248,0.022614,0.013229,0.013221,0.013868,0.020982
989,0.107,0.083048,0.160699,0.02267,0.013219,0.013266,0.013578,0.021218
990,0.112,0.080613,0.163471,0.022575,0.013325,0.013211,0.013555,0.021304
991,0.108,0.08133,0.164667,0.022672,0.013328,0.013374,0.014352,0.021252
992,0.109,0.083046,0.162029,0.022677,0.013443,0.013481,0.014235,0.021191
993,0.11,0.080897,0.1614,0.033303,0.013445,0.013499,0.013891,0.021095
994,0.11,0.080481,0.162071,0.022472,0.01345,0.013534,0.014085,0.021245
995,0.109,0.084476,0.163662,0.022564,0.013544,0.01348,0.014082,0.021185
996,0.11,0.082094,0.163863,0.022661,0.013347,0.013431,0.01397,0.02121
997,0.108,0.087396,0.163212,0.022944,0.013411,0.013492,0.014135,0.021312
998,0.108,0.081236,0.163078,0.023152,0.013557,0.013545,0.014403,0.021307
999,0.11,0.085171,0.162909,0.022048,0.013681,0.013611,0.014205,0.021634
1000,0.109,0.08362,0.162669,0.0225,0.013566,0.013419,0.014043,0.021482
1001,0.109,0.0828,0.169664,0.022727,0.013311,0.013402,0.013887,0.021332
1002,0.107,0.081736,0.162909,0.022594,0.013441,0.013459,0.014106,0.021417
1003,0.109,0.082819,0.163774,0.0226579999999999,0.013488,0.013411,0.014224,0.021438
1004,0.109,0.083316,0.163513,0.022682,0.013464,0.01358,0.014254,0.021447
1005,0.109,0.081524,0.16301,0.022671,0.013588,0.013427,0.014379,0.02164
1006,0.108,0.08169,0.163656,0.022615,0.013588,0.013473,0.014383,0.021394
1007,0.11,0.08177,0.168378,0.022805,0.013467,0.013544,0.01423,0.021452
1008,0.112,0.082992,0.163435,0.022595,0.013815,0.013483,0.014289,0.021338
1009,0.108,0.081223,0.162848,0.022581,0.013454,0.01347,0.014237,0.021343
1010,0.109,0.082197,0.163854,0.033106,0.013574,0.013839,0.014281,0.021341
1011,0.109,0.081989,0.163214,0.022628,0.013587,0.013697,0.014354,0.021382
1012,0.109,0.082297,0.16449,0.022659,0.013496,0.013501,0.014178,0.021399
1013,0.108,0.081311,0.163909,0.022793,0.012526,0.012567,0.013127,0.020592
1014,0.108,0.081944,0.16366,0.032955,0.012674,0.012813,0.013369,0.020623
1015,0.107,0.083476,0.169901,0.029724,0.012673,0.012571,0.013489,0.020533
1016,0.11,0.083311,0.164464,0.022225,0.01271,0.012617,0.013403,0.020625
1017,0.109,0.08145,0.163122,0.02247,0.012714,0.012412,0.013464,0.020604
1018,0.108,0.083426,0.165652,0.022756,0.012589,0.012586,0.013325,0.020553
1019,0.11,0.087679,0.163986,0.0222419999999999,0.012592,0.012663,0.013346,0.020494
1020,0.11,0.084006,0.162713,0.022693,0.012591,0.012562,0.013325,0.020672
1021,0.109,0.084898,0.163383,0.022915,0.012513,0.012553,0.01319,0.020653
1022,0.109,0.08324,0.163487,0.022794,0.012479,0.012539,0.01305,0.020731
1023,0.108,0.085281,0.163501,0.022916,0.01257,0.012569,0.013173,0.020551
1024,0.109,0.08374,0.163062,0.0228169999999999,0.012741,0.012611,0.013667,0.020548
1025,0.108,0.081789,0.163163,0.022833,0.012727,0.012857,0.013264,0.020539
1026,0.108,0.083466,0.163336,0.022731,0.012744,0.012653,0.013528,0.020616
1027,0.108,0.081889,0.16365,0.03301,0.012514,0.01261,0.013278,0.020481
1028,0.11,0.082518,0.163815,0.022531,0.012714,0.012704,0.013545,0.020637
1029,0.109,0.081007,0.163175,0.022578,0.01274,0.012687,0.013468,0.020718
1030,0.109,0.082784,0.162856,0.023155,0.012629,0.012599,0.013393,0.02056
1031,0.109,0.081513,0.1636,0.022736,0.012755,0.012561,0.013415,0.020675
1032,0.108,0.082926,0.163709,0.020967,0.012676,0.012834,0.013313,0.020702
1033,0.115,0.08193,0.166638,0.0220949999999999,0.012646,0.012921,0.013382,0.021109
1034,0.108,0.081795,0.164939,0.022745,0.012693,0.012986,0.013276,0.020649
1035,0.109,0.081942,0.165803,0.022902,0.012846,0.012731,0.013231,0.020739
1036,0.111,0.08341,0.163334,0.022677,0.012954,0.012604,0.013258,0.020805
1037,0.108,0.081444,0.163389,0.022507,0.012782,0.012567,0.013309,0.020628
1038,0.109,0.085131,0.165904,0.022818,0.013129,0.012588,0.013447,0.020559
1039,0.107,0.082007,0.165393,0.022597,0.012781,0.012563,0.013501,0.020612
1040,0.108,0.082113,0.162884,0.022973,0.012886,0.012595,0.013393,0.020593
1041,0.108,0.081813,0.163193,0.022527,0.01298,0.012552,0.013428,0.020596
1042,0.108,0.081685,0.16373,0.022834,0.012689,0.012613,0.013306,0.020918
1043,0.108,0.081702,0.164603,0.022814,0.012612,0.012569,0.013346,0.020568
1044,0.111,0.083323,0.163343,0.03247,0.012681,0.012536,0.013377,0.020826
1045,0.105,0.082288,0.164415,0.022831,0.012711,0.012643,0.013362,0.02071
1046,0.106,0.082213,0.163706,0.0226859999999999,0.012668,0.012687,0.013177,0.020628
1047,0.105,0.081504,0.165275,0.022584,0.012683,0.012814,0.013336,0.020626
1048,0.106,0.082193,0.163672,0.0228109999999999,0.0127,0.012591,0.013193,0.020521
1049,0.108,0.082702,0.163446,0.032533,0.012699,0.012556,0.013445,0.020607
1050,0.105,0.084328,0.164481,0.02283,0.012749,0.012681,0.013431,0.020488
1051,0.104,0.081041,0.162874,0.022555,0.012811,0.012631,0.013616,0.020428
1052,0.105,0.08306,0.163308,0.022678,0.012793,0.012725,0.0135,0.020688
1053,0.106,0.082066,0.163311,0.022665,0.012775,0.012751,0.013417,0.020664
1054,0.108,0.081576,0.163622,0.022724,0.012661,0.012564,0.013337,0.020587
1055,0.109,0.083891,0.164233,0.022705,0.012711,0.012729,0.013198,0.020669
1056,0.109,0.083484,0.163778,0.02263,0.01269,0.012644,0.013423,0.020617
1057,0.109,0.082402,0.163808,0.02284,0.012799,0.012859,0.013478,0.02064
1058,0.108,0.082336,0.163604,0.0226509999999999,0.013007,0.012701,0.013583,0.020593
1059,0.108,0.082814,0.16412,0.022662,0.012769,0.012572,0.013556,0.020601
1060,0.11,0.082756,0.163001,0.022532,0.012967,0.012623,0.013534,0.020537
1061,0.109,0.081719,0.162901,0.022674,0.012839,0.012689,0.013576,0.020518
1062,0.109,0.082243,0.163571,0.022861,0.012735,0.012621,0.013672,0.020487
1063,0.109,0.08178,0.16334,0.022669,0.012876,0.012727,0.013616,0.02059
1064,0.107,0.082397,0.162987,0.022631,0.012839,0.012813,0.01357,0.020804
1065,0.108,0.081206,0.163378,0.0229839999999999,0.012859,0.012683,0.013535,0.020709
1066,0.109,0.081325,0.163566,0.02289,0.012791,0.01272,0.013556,0.020762
1067,0.11,0.081727,0.164442,0.023241,0.013109,0.012699,0.013538,0.020552
1068,0.115,0.082093,0.164125,0.022711,0.012733,0.01266,0.013363,0.020551
1069,0.108,0.081294,0.16318,0.022511,0.012916,0.012723,0.013468,0.020773
1070,0.108,0.082324,0.163694,0.0230569999999999,0.012806,0.012779,0.013292,0.020664
1071,0.106,0.081674,0.16382,0.022581,0.012814,0.012714,0.013488,0.020583
1072,0.103,0.082676,0.164018,0.022639,0.012889,0.012645,0.013962,0.02063
1073,0.109,0.081429,0.164235,0.022719,0.013164,0.01259,0.013526,0.020536
1074,0.105,0.083883,0.163625,0.022738,0.012758,0.012611,0.013516,0.020518
1075,0.111,0.081889,0.165097,0.022861,0.012714,0.012657,0.013623,0.020584
1076,0.109,0.082082,0.162948,0.022608,0.012696,0.012555,0.013561,0.020604
1077,0.109,0.083241,0.163769,0.022636,0.012793,0.012697,0.01356,0.020564
1078,0.108,0.082103,0.16289,0.02284,0.012746,0.01282,0.013466,0.020506
1079,0.109,0.081617,0.163499,0.022665,0.012864,0.012687,0.013518,0.020609
1080,0.107,0.082952,0.164652,0.022622,0.012987,0.01253,0.013472,0.020584
1081,0.108,0.081665,0.1639,0.022624,0.012938,0.01262,0.01358,0.020529
1082,0.107,0.081488,0.164384,0.022919,0.012729,0.0129,0.013492,0.020568
1083,0.109,0.081821,0.163752,0.0227269999999999,0.012787,0.012623,0.014142,0.020748
1084,0.106,0.083173,0.163311,0.022862,0.012752,0.012556,0.013623,0.020571
1085,0.107,0.084231,0.162674,0.022705,0.013059,0.012586,0.013394,0.02089
1086,0.106,0.086296,0.1636,0.022747,0.012732,0.01258,0.013719,0.020626
1087,0.107,0.082292,0.163577,0.022521,0.012717,0.012572,0.013539,0.020662
1088,0.107,0.084221,0.163453,0.022926,0.012729,0.012556,0.013405,0.020749
1089,0.11,0.081653,0.16793,0.02311,0.012865,0.012583,0.013632,0.020693
1090,0.106,0.081757,0.163443,0.022805,0.012913,0.012562,0.013477,0.020553
1091,0.106,0.084092,0.16323,0.022683,0.012766,0.012509,0.013581,0.020673
1092,0.106,0.08263,0.164055,0.022754,0.012779,0.012892,0.013505,0.020627
1093,0.106,0.081559,0.166338,0.0227609999999999,0.012899,0.012752,0.013486,0.020656
1094,0.107,0.08129,0.164075,0.0227069999999999,0.012833,0.012603,0.013538,0.020566
1095,0.107,0.081532,0.164267,0.023105,0.012878,0.012798,0.013559,0.020602
1096,0.111,0.087883,0.163274,0.022796,0.012789,0.012554,0.013476,0.020696
1097,0.11,0.08126,0.162872,0.022694,0.012932,0.012856,0.013637,0.020597
1098,0.103,0.081762,0.167553,0.022907,0.012711,0.012564,0.013416,0.020616
1099,0.106,0.081832,0.163201,0.021931,0.01277,0.01259,0.01351,0.020509
1100,0.106,0.086583,0.1633,0.022733,0.012855,0.012615,0.013525,0.020696
1101,0.104,0.08136,0.165823,0.022741,0.013003,0.012835,0.013517,0.020706
1102,0.106,0.084361,0.163311,0.033182,0.012913,0.012558,0.013359,0.020646
1103,0.107,0.081327,0.163778,0.022577,0.01271,0.012558,0.013507,0.020528
1104,0.106,0.08369,0.163435,0.0228799999999999,0.012795,0.012645,0.01367,0.02053
1105,0.106,0.083079,0.162901,0.022656,0.012834,0.012628,0.013682,0.020485
1106,0.108,0.081733,0.16374,0.02273,0.01278,0.012684,0.013355,0.020553
1107,0.11,0.081962,0.165537,0.02272,0.012742,0.012599,0.013377,0.020632
1108,0.108,0.082809,0.165175,0.022454,0.013027,0.012483,0.0135,0.020403
1109,0.107,0.107149,0.163627,0.0228139999999999,0.013071,0.012536,0.013637,0.020748
1110,0.107,0.081342,0.165936,0.0226849999999999,0.012886,0.012504,0.013568,0.020564
1111,0.107,0.084513,0.164262,0.0229069999999999,0.012882,0.012547,0.013647,0.020657
1112,0.11,0.085359,0.163476,0.022544,0.012857,0.012569,0.013689,0.020571
1113,0.108,0.084025,0.16375,0.032532,0.012864,0.012524,0.013273,0.02073
1114,0.104,0.081626,0.163125,0.022972,0.012966,0.012598,0.013755,0.020702
1115,0.11,0.084795,0.163579,0.021899,0.012915,0.012481,0.013798,0.020594
1116,0.107,0.083281,0.16417,0.022662,0.012807,0.013008,0.013658,0.020705
1117,0.107,0.081839,0.162733,0.022811,0.012732,0.012611,0.013379,0.020469
1118,0.107,0.086157,0.164032,0.022747,0.012867,0.012586,0.013546,0.020613
1119,0.109,0.081422,0.162768,0.022494,0.012796,0.012657,0.013796,0.020403
1120,0.105,0.082974,0.16289,0.023037,0.012895,0.012592,0.013735,0.020589
1121,0.108,0.081599,0.16503,0.022915,0.012765,0.012511,0.013516,0.020583
1122,0.106,0.08161,0.163374,0.022816,0.013034,0.012529,0.013637,0.0207
1123,0.106,0.081505,0.163734,0.033095,0.012768,0.012593,0.013632,0.020583
1124,0.108,0.083355,0.163728,0.0229149999999999,0.013067,0.012615,0.013688,0.020716
1125,0.107,0.081687,0.163654,0.022843,0.012846,0.012698,0.013563,0.020548
1126,0.11,0.081499,0.163466,0.023034,0.012833,0.01257,0.013515,0.020596
1127,0.109,0.081057,0.163162,0.022772,0.012828,0.012725,0.013565,0.020672
1128,0.108,0.082226,0.163021,0.022673,0.01293,0.01275,0.013579,0.020544
1129,0.108,0.082862,0.165247,0.0226539999999999,0.012917,0.012752,0.013675,0.020455
1130,0.107,0.081689,0.163804,0.02258,0.01304,0.01278,0.013737,0.020599
1131,0.109,0.081646,0.163351,0.022741,0.012948,0.012724,0.013797,0.020534
1132,0.108,0.082217,0.163459,0.022701,0.013188,0.012606,0.013681,0.020558
1133,0.108,0.081107,0.163654,0.022814,0.013128,0.012611,0.013684,0.020488
1134,0.108,0.082342,0.165269,0.022593,0.012959,0.012823,0.01367,0.020504
1135,0.107,0.082332,0.164677,0.022678,0.012936,0.01253,0.013808,0.020515
1136,0.108,0.082564,0.163006,0.022993,0.013224,0.012552,0.013753,0.020612
1137,0.109,0.082332,0.16369,0.022693,0.013248,0.012552,0.013675,0.020595
1138,0.107,0.082525,0.163872,0.022954,0.013069,0.012518,0.013715,0.020608
1139,0.109,0.082039,0.164095,0.022636,0.013272,0.012526,0.013748,0.020562
1140,0.108,0.082673,0.162889,0.0228799999999999,0.013009,0.01264,0.013706,0.020575
1141,0.113,0.084017,0.162719,0.022969,0.012932,0.012719,0.013645,0.020672
1142,0.107,0.082687,0.167259,0.022612,0.012921,0.012624,0.01381,0.020579
1143,0.11,0.085225,0.163907,0.022605,0.012965,0.01256,0.013841,0.020641
1144,0.106,0.082378,0.167,0.022902,0.012957,0.01253,0.013659,0.020803
1145,0.105,0.081156,0.163011,0.022756,0.012848,0.012624,0.01365,0.020651
1146,0.105,0.081463,0.164178,0.023001,0.01294,0.012528,0.013788,0.020578
1147,0.107,0.081305,0.163416,0.022877,0.012996,0.012564,0.013529,0.020626
1148,0.108,0.083781,0.163846,0.022649,0.012937,0.012902,0.013684,0.020613
1149,0.106,0.081144,0.163144,0.022821,0.013032,0.012744,0.013728,0.020673
1150,0.108,0.082605,0.163753,0.022696,0.013022,0.012656,0.013793,0.020519
1151,0.105,0.081846,0.163074,0.022363,0.013047,0.012678,0.013852,0.020518
1152,0.108,0.082273,0.163294,0.0226649999999999,0.012912,0.012493,0.013708,0.020664
1153,0.106,0.081562,0.163217,0.02274,0.013006,0.012525,0.013745,0.020607
1154,0.106,0.082286,0.163419,0.022706,0.013175,0.012597,0.014028,0.020684
1155,0.106,0.081517,0.163651,0.022983,0.01321,0.012531,0.013926,0.020599
1156,0.106,0.08331,0.163892,0.023029,0.01295,0.012517,0.013644,0.020554
1157,0.109,0.082649,0.163038,0.033145,0.012935,0.012472,0.013683,0.02056
1158,0.103,0.082234,0.163646,0.023064,0.013145,0.012657,0.013832,0.020596
1159,0.106,0.081791,0.162563,0.0225299999999999,0.012923,0.012519,0.013801,0.020706
1160,0.106,0.083268,0.163208,0.0229,0.012913,0.012564,0.013681,0.020755
1161,0.106,0.081828,0.163369,0.032891,0.013174,0.012535,0.013854,0.020634
1162,0.105,0.081776,0.163974,0.0227409999999999,0.013035,0.012493,0.013681,0.020682
1163,0.103,0.082659,0.16373,0.02271,0.013107,0.012519,0.013932,0.020684
1164,0.107,0.089073,0.165152,0.022754,0.01303,0.012573,0.013435,0.020614
1165,0.108,0.081994,0.164022,0.022844,0.012992,0.012709,0.01373,0.02047
1166,0.106,0.081696,0.16395,0.02269,0.012965,0.012646,0.013489,0.020522
1167,0.106,0.083273,0.163936,0.022669,0.013268,0.012697,0.013734,0.020538
1168,0.106,0.082521,0.163303,0.022736,0.013112,0.012637,0.013725,0.020581
1169,0.108,0.081117,0.163606,0.022938,0.012955,0.012635,0.013767,0.020659
1170,0.107,0.081514,0.163672,0.021059,0.0132,0.012633,0.013862,0.020606
1171,0.109,0.081577,0.169801,0.0225739999999999,0.012918,0.012605,0.013746,0.020806
1172,0.106,0.082797,0.166178,0.0224839999999999,0.013114,0.012603,0.013949,0.020773
1173,0.104,0.081576,0.162572,0.022861,0.013141,0.012619,0.013967,0.021138
1174,0.102,0.082646,0.164079,0.022589,0.013014,0.012546,0.013856,0.020873
1175,0.104,0.082253,0.166843,0.022848,0.013245,0.012529,0.013774,0.020743
1176,0.109,0.082886,0.163514,0.023018,0.012952,0.012612,0.013889,0.020688
1177,0.108,0.081624,0.162808,0.022886,0.012994,0.012576,0.013874,0.020699
1178,0.108,0.082902,0.163743,0.022632,0.013036,0.012516,0.013741,0.020578
1179,0.108,0.081785,0.162991,0.023255,0.012981,0.012561,0.013752,0.020602
1180,0.109,0.082514,0.16352,0.022687,0.013044,0.012549,0.013757,0.020659
1181,0.109,0.081725,0.164171,0.022597,0.012988,0.01267,0.013686,0.020729
1182,0.109,0.081163,0.163901,0.022735,0.013241,0.012576,0.013637,0.020697
1183,0.123,0.081791,0.164203,0.022622,0.012953,0.012696,0.01354,0.020596
1184,0.108,0.082461,0.163579,0.022713,0.012998,0.012762,0.013668,0.02095
1185,0.106,0.082155,0.163528,0.022643,0.012903,0.012678,0.013714,0.020567
1186,0.106,0.081569,0.163166,0.02311,0.012982,0.012709,0.013632,0.020961
1187,0.106,0.084624,0.163224,0.033851,0.013105,0.012847,0.013784,0.020468
1188,0.103,0.082297,0.163563,0.022604,0.013101,0.012915,0.013596,0.020527
1189,0.105,0.083189,0.163307,0.0237089999999999,0.013067,0.012821,0.013558,0.020699
1190,0.103,0.083339,0.165296,0.02291,0.012878,0.012945,0.013261,0.020558
1191,0.106,0.084338,0.163042,0.0318689999999999,0.012867,0.013013,0.013486,0.020647
1192,0.108,0.082916,0.163715,0.022428,0.012924,0.012689,0.013707,0.020628
1193,0.11,0.08208,0.164344,0.022503,0.01285,0.012656,0.013404,0.020945
1194,0.108,0.081324,0.163045,0.021814,0.012901,0.012763,0.013708,0.020516
1195,0.108,0.082596,0.163068,0.022466,0.012963,0.012874,0.013894,0.020968
1196,0.109,0.08214,0.16338,0.022502,0.012715,0.012906,0.01318,0.020971
1197,0.11,0.081823,0.163312,0.022599,0.01329,0.012714,0.013727,0.020642
1198,0.107,0.081748,0.163402,0.033058,0.01292,0.012685,0.013675,0.020684
1199,0.109,0.081924,0.164014,0.0228449999999999,0.012706,0.012764,0.013408,0.020577
1200,0.109,0.082575,0.163497,0.022709,0.012934,0.012636,0.013689,0.020606
1201,0.109,0.081757,0.162949,0.0331329999999999,0.012975,0.012745,0.013769,0.020769
1202,0.109,0.081781,0.163075,0.02273,0.012957,0.012576,0.013895,0.020925
1203,0.109,0.081787,0.163598,0.022686,0.012949,0.012402,0.013771,0.020391
1204,0.109,0.083824,0.16477,0.022933,0.012974,0.012356,0.013885,0.02106
1205,0.11,0.081352,0.164923,0.022776,0.013064,0.012735,0.014008,0.02063
1206,0.111,0.082066,0.166456,0.022681,0.012935,0.012745,0.013786,0.020974
1207,0.108,0.081433,0.163193,0.022666,0.012916,0.012792,0.013737,0.020668
1208,0.106,0.0823,0.162676,0.0226199999999999,0.012697,0.013009,0.013102,0.020599
1209,0.109,0.084878,0.164677,0.022753,0.012871,0.013008,0.013706,0.020645
1210,0.109,0.082131,0.163491,0.023027,0.012966,0.012731,0.013659,0.020879
1211,0.108,0.081754,0.163542,0.022989,0.012727,0.012727,0.01335,0.020649
1212,0.108,0.0825,0.164207,0.022791,0.012971,0.012648,0.013549,0.020556
1213,0.109,0.082805,0.163233,0.022992,0.012857,0.012761,0.013852,0.020953
1214,0.109,0.081521,0.164114,0.022682,0.013015,0.01289,0.013849,0.021067
1215,0.108,0.081434,0.164526,0.033072,0.012994,0.012811,0.013828,0.021027
1216,0.106,0.085182,0.163814,0.022746,0.013001,0.012751,0.01369,0.020701
1217,0.107,0.081646,0.162751,0.022777,0.013049,0.012733,0.013506,0.020974
1218,0.109,0.081268,0.164056,0.033064,0.01301,0.012619,0.013514,0.020949
1219,0.108,0.081474,0.163022,0.023024,0.01295,0.012686,0.013654,0.020746
1220,0.109,0.083005,0.163493,0.021102,0.013017,0.012786,0.013681,0.020798
1221,0.11,0.083472,0.163418,0.022119,0.012955,0.0127,0.01375,0.021223
1222,0.121,0.084041,0.164074,0.022623,0.012975,0.012785,0.013873,0.021106
1223,0.104,0.084252,0.166275,0.022541,0.013006,0.012731,0.013794,0.021056
1224,0.108,0.082753,0.163351,0.022491,0.012971,0.012985,0.013868,0.02075
1225,0.108,0.082707,0.163343,0.022342,0.013024,0.01285,0.01384,0.020661
1226,0.108,0.083931,0.163867,0.022476,0.013081,0.01292,0.013689,0.020784
1227,0.108,0.08169,0.164042,0.022613,0.012971,0.012941,0.013314,0.020803
1228,0.109,0.082425,0.164147,0.033594,0.01309,0.012775,0.013584,0.021007
1229,0.108,0.083325,0.163342,0.022682,0.013185,0.01276,0.013613,0.020822
1230,0.108,0.081782,0.163896,0.022607,0.013106,0.012674,0.013763,0.021042
1231,0.108,0.081748,0.164114,0.02282,0.013068,0.012772,0.013899,0.020984
1232,0.11,0.084419,0.165549,0.0334309999999999,0.013068,0.012809,0.013879,0.020918
1233,0.109,0.081012,0.163471,0.022844,0.013187,0.012962,0.01385,0.021073
1234,0.108,0.082377,0.163419,0.022796,0.013163,0.012866,0.013922,0.020768
1235,0.105,0.081831,0.166872,0.022654,0.01332,0.01272,0.013698,0.021004
1236,0.108,0.081849,0.163501,0.022683,0.012992,0.012875,0.013884,0.020789
1237,0.105,0.082101,0.163017,0.022157,0.012984,0.0126,0.013575,0.020715
1238,0.106,0.082172,0.164086,0.022663,0.012833,0.012827,0.013623,0.020899
1239,0.106,0.082485,0.164787,0.022517,0.01302,0.012603,0.013628,0.021062
1240,0.109,0.082956,0.164955,0.0229389999999999,0.013028,0.012782,0.013797,0.020921
1241,0.109,0.091254,0.163226,0.0229149999999999,0.012896,0.01272,0.013589,0.020975
1242,0.106,0.08381,0.163251,0.023105,0.012882,0.012821,0.013624,0.020817
1243,0.107,0.083419,0.163731,0.022553,0.012824,0.012798,0.013434,0.021106
1244,0.113,0.082149,0.163102,0.022738,0.012998,0.012796,0.013681,0.021059
1245,0.107,0.081375,0.163588,0.022529,0.012964,0.012763,0.013634,0.020846
1246,0.109,0.091482,0.163428,0.0226849999999999,0.012902,0.012777,0.01368,0.0211
1247,0.106,0.083111,0.163229,0.022715,0.012964,0.013012,0.013569,0.020892
1248,0.109,0.082303,0.164966,0.0225849999999999,0.01284,0.012756,0.013583,0.021067
1249,0.106,0.081626,0.164055,0.03244,0.013035,0.012739,0.013538,0.021007
1250,0.105,0.082241,0.163174,0.022694,0.012893,0.012936,0.013718,0.021165
1251,0.105,0.082083,0.16353,0.022758,0.012946,0.012765,0.013494,0.020891
1252,0.105,0.083002,0.16352,0.022606,0.012894,0.012728,0.013261,0.020761
1253,0.106,0.081907,0.163665,0.033194,0.012879,0.012683,0.013274,0.020874
1254,0.108,0.082331,0.163399,0.022554,0.012984,0.01284,0.013428,0.021035
1255,0.107,0.082289,0.163241,0.02279,0.012851,0.012842,0.013364,0.020981
1256,0.107,0.082521,0.163412,0.0226479999999999,0.012812,0.012725,0.013358,0.021075
1257,0.113,0.0817,0.164118,0.022727,0.012971,0.012599,0.013562,0.020844
1258,0.106,0.082386,0.163651,0.0229559999999999,0.012974,0.012605,0.01353,0.020991
1259,0.108,0.081429,0.163756,0.022708,0.012875,0.012396,0.01378,0.020666
1260,0.106,0.082366,0.16687,0.023013,0.012875,0.012695,0.013703,0.020689
1261,0.107,0.080875,0.163485,0.022949,0.013103,0.012836,0.013631,0.021071
1262,0.109,0.08159,0.16412,0.022872,0.013045,0.012799,0.013494,0.020713
1263,0.106,0.082113,0.163821,0.022725,0.013042,0.012839,0.01368,0.020837
1264,0.109,0.083025,0.163708,0.02277,0.012952,0.012878,0.013577,0.021087
1265,0.108,0.081199,0.166216,0.022635,0.013057,0.012768,0.01385,0.020874
1266,0.108,0.088452,0.166649,0.02273,0.01291,0.012762,0.013471,0.020961
1267,0.104,0.082192,0.163307,0.023325,0.012857,0.012745,0.013324,0.021066
1268,0.109,0.082714,0.163785,0.022799,0.013073,0.012776,0.013441,0.020808
1269,0.11,0.082167,0.16334,0.022231,0.012902,0.012759,0.013512,0.02106
1270,0.111,0.081243,0.163936,0.02308,0.012876,0.012751,0.013392,0.020741
1271,0.11,0.084195,0.163229,0.022904,0.012907,0.012762,0.013298,0.020754
1272,0.112,0.082305,0.163405,0.0225059999999999,0.01299,0.013001,0.013465,0.020776
1273,0.109,0.081804,0.164087,0.023011,0.012907,0.01268,0.01359,0.020848
1274,0.109,0.082389,0.163258,0.022684,0.012945,0.012717,0.013324,0.021168
1275,0.109,0.08197,0.163974,0.032624,0.012898,0.012707,0.013312,0.020901
1276,0.109,0.084349,0.163425,0.022671,0.012875,0.012724,0.013282,0.020989
1277,0.109,0.081936,0.164057,0.022713,0.012893,0.0128,0.013384,0.02094
1278,0.109,0.081205,0.163649,0.022883,0.012871,0.012847,0.013284,0.020967
1279,0.108,0.081785,0.163852,0.022739,0.013072,0.012801,0.013368,0.020802
1280,0.109,0.082835,0.163296,0.022939,0.012932,0.012818,0.013309,0.021018
1281,0.109,0.081511,0.162881,0.022583,0.012928,0.01274,0.013447,0.020815
1282,0.11,0.084777,0.163316,0.022628,0.013127,0.012755,0.013352,0.020691
1283,0.109,0.08156,0.163894,0.022612,0.012966,0.012811,0.013298,0.020787
1284,0.105,0.082897,0.163456,0.022683,0.012911,0.012801,0.013266,0.020802
1285,0.108,0.081613,0.162647,0.033171,0.012872,0.012763,0.013436,0.020874
1286,0.109,0.084124,0.163301,0.0224839999999999,0.013011,0.012775,0.013426,0.020839
1287,0.109,0.084601,0.169222,0.033095,0.012933,0.012798,0.013295,0.020914
1288,0.108,0.083018,0.164012,0.023374,0.012926,0.012825,0.013362,0.020944
1289,0.108,0.081799,0.164363,0.022755,0.012903,0.01279,0.0133,0.020855
1290,0.11,0.084504,0.165005,0.023083,0.013049,0.012814,0.013301,0.021029
1291,0.109,0.081496,0.163739,0.033497,0.012887,0.0127,0.013249,0.020862
1292,0.109,0.082443,0.164017,0.0227759999999999,0.012877,0.012694,0.013333,0.021139
1293,0.108,0.082172,0.163747,0.02257,0.012939,0.012691,0.013377,0.021204
1294,0.107,0.081687,0.163221,0.022671,0.012866,0.01268,0.013294,0.021179
1295,0.109,0.082366,0.165439,0.032987,0.012967,0.012664,0.013247,0.020979
1296,0.111,0.082788,0.163468,0.022731,0.012972,0.012723,0.013264,0.021049
1297,0.108,0.081629,0.163793,0.022615,0.01292,0.012865,0.013562,0.020904
1298,0.107,0.081725,0.16441,0.022726,0.013017,0.01285,0.0138,0.021028
1299,0.107,0.083149,0.16304,0.02267,0.012853,0.012772,0.013401,0.020588
1300,0.107,0.082016,0.16608,0.022917,0.012921,0.012766,0.013392,0.020756
1301,0.111,0.0814,0.163534,0.022444,0.012866,0.012807,0.013354,0.020869
1302,0.108,0.081192,0.162903,0.022946,0.012879,0.012789,0.013284,0.02104
1303,0.108,0.083524,0.167572,0.023044,0.012905,0.012771,0.013223,0.021038
1304,0.11,0.083347,0.163351,0.022794,0.012918,0.012993,0.013349,0.021212
1305,0.106,0.081323,0.163683,0.022763,0.012872,0.013193,0.013411,0.021181
1306,0.107,0.081833,0.16874,0.022683,0.012862,0.012864,0.013279,0.020858
1307,0.113,0.081614,0.166942,0.0233349999999999,0.013029,0.01298,0.013191,0.021069
1308,0.107,0.082096,0.164363,0.022925,0.012933,0.01287,0.013265,0.021168
1309,0.108,0.081725,0.162912,0.022839,0.012994,0.012778,0.013203,0.020978
1310,0.11,0.081214,0.16353,0.022771,0.013052,0.012796,0.01334,0.020826
1311,0.105,0.082325,0.162938,0.022843,0.013034,0.012884,0.013252,0.021058
1312,0.106,0.083798,0.166014,0.023086,0.012912,0.012876,0.013234,0.021031
1313,0.106,0.081386,0.163162,0.022801,0.012974,0.012727,0.013314,0.020813
1314,0.106,0.081373,0.164044,0.022781,0.012977,0.012938,0.013302,0.020945
1315,0.109,0.081409,0.163118,0.022602,0.013039,0.012848,0.013427,0.021049
1316,0.11,0.082443,0.163542,0.022901,0.013093,0.012875,0.013434,0.0224
1317,0.11,0.081381,0.162313,0.023144,0.012872,0.012849,0.013306,0.021071
1318,0.11,0.085141,0.163404,0.023194,0.013208,0.012663,0.01344,0.020814
1319,0.108,0.081641,0.163212,0.02303,0.013049,0.012753,0.013326,0.020824
1320,0.109,0.082421,0.164554,0.032819,0.013006,0.012961,0.013334,0.020711
1321,0.11,0.081563,0.1645,0.033238,0.013047,0.012859,0.013256,0.020889
1322,0.109,0.081757,0.16405,0.022932,0.013103,0.012899,0.013449,0.020765
1323,0.108,0.081317,0.163538,0.023156,0.013285,0.012888,0.013331,0.020985
1324,0.109,0.08267,0.162761,0.023155,0.013009,0.013306,0.013419,0.020939
1325,0.109,0.081209,0.162947,0.0227539999999999,0.013125,0.013268,0.013815,0.021075
1326,0.108,0.082825,0.164005,0.022964,0.012994,0.013048,0.013967,0.021039
1327,0.102,0.081691,0.163395,0.02308,0.013012,0.012707,0.013651,0.020793
1328,0.109,0.090317,0.163379,0.022717,0.012931,0.012681,0.01374,0.020799
1329,0.108,0.081649,0.163994,0.022664,0.013466,0.012756,0.013808,0.021049
1330,0.108,0.080924,0.164145,0.0230169999999999,0.01299,0.012784,0.013699,0.020856
1331,0.108,0.081336,0.163733,0.022813,0.012909,0.012839,0.013533,0.021186
1332,0.108,0.082815,0.163191,0.0230809999999999,0.012916,0.013085,0.013838,0.020981
1333,0.103,0.081649,0.163773,0.022882,0.013033,0.013085,0.013654,0.020761
1334,0.107,0.081926,0.163601,0.022624,0.012986,0.012891,0.013703,0.021147
1335,0.112,0.082505,0.163492,0.023187,0.012963,0.012815,0.013769,0.021009
1336,0.107,0.082229,0.164138,0.022132,0.013164,0.012869,0.013838,0.020901
1337,0.108,0.081211,0.163855,0.022962,0.013027,0.01298,0.013777,0.021019
1338,0.104,0.081432,0.164049,0.02292,0.012921,0.013143,0.013728,0.020919
1339,0.109,0.082621,0.164315,0.022539,0.012992,0.013006,0.013624,0.021137
1340,0.109,0.084193,0.165275,0.022761,0.013062,0.013047,0.013898,0.021238
1341,0.105,0.083447,0.1698,0.022758,0.013021,0.01291,0.013893,0.021068
1342,0.108,0.081355,0.165004,0.02277,0.012965,0.01293,0.014009,0.020927
1343,0.106,0.082175,0.163451,0.02283,0.013016,0.012867,0.01363,0.021168
1344,0.111,0.082837,0.164086,0.02264,0.013059,0.013127,0.013882,0.021089
1345,0.106,0.081593,0.164,0.022719,0.012953,0.012713,0.013798,0.021164
1346,0.105,0.081254,0.163679,0.022877,0.012992,0.012736,0.01368,0.021048
1347,0.106,0.081485,0.163683,0.0231649999999999,0.012986,0.012698,0.013613,0.020995
1348,0.103,0.082582,0.165546,0.022863,0.01296,0.012683,0.013633,0.021058
1349,0.108,0.086858,0.165142,0.023228,0.012896,0.012769,0.013678,0.020812
1350,0.104,0.083848,0.163893,0.02292,0.013062,0.012705,0.013758,0.020976
1351,0.106,0.081859,0.164835,0.023129,0.013126,0.012803,0.013869,0.021249
1352,0.106,0.083208,0.166919,0.022716,0.013061,0.012876,0.01374,0.021184
1353,0.11,0.081718,0.164834,0.022712,0.013014,0.012797,0.013703,0.020792
1354,0.107,0.081696,0.169391,0.033038,0.013113,0.012741,0.013749,0.021376
1355,0.107,0.084112,0.163409,0.02983,0.013013,0.013023,0.013783,0.021013
1356,0.109,0.082728,0.163528,0.0227649999999999,0.01305,0.012653,0.013824,0.020999
1357,0.107,0.081331,0.163557,0.022924,0.013098,0.012764,0.01367,0.021046
1358,0.106,0.08217,0.163987,0.0227069999999999,0.013213,0.012787,0.013795,0.02086
1359,0.107,0.091928,0.16531,0.022986,0.013115,0.012651,0.013803,0.020995
1360,0.105,0.08594,0.16431,0.022435,0.013022,0.012689,0.013674,0.020827
1361,0.103,0.081693,0.163829,0.032951,0.01311,0.012809,0.01382,0.021073
1362,0.108,0.08214,0.16415,0.0226789999999999,0.013113,0.012569,0.013834,0.021127
1363,0.107,0.081758,0.169886,0.023102,0.013068,0.012786,0.013958,0.021072
1364,0.106,0.082337,0.164772,0.022775,0.013022,0.012697,0.013953,0.020965
1365,0.108,0.082096,0.164872,0.032909,0.012998,0.012616,0.013896,0.021328
1366,0.106,0.08291,0.164632,0.0229499999999999,0.013,0.01247,0.013788,0.021143
1367,0.107,0.082649,0.164594,0.022585,0.013041,0.012838,0.013784,0.020818
1368,0.106,0.082127,0.164769,0.03288,0.013024,0.012755,0.013753,0.020803
1369,0.11,0.081984,0.165307,0.02308,0.012973,0.012611,0.013716,0.021166
1370,0.107,0.082171,0.16447,0.02281,0.013157,0.012602,0.014078,0.021036
1371,0.108,0.08228,0.163787,0.033149,0.012988,0.012694,0.013688,0.02086
1372,0.103,0.082733,0.163769,0.022826,0.013122,0.01302,0.013893,0.021113
1373,0.104,0.082228,0.167449,0.022587,0.013011,0.012814,0.013777,0.021001
1374,0.104,0.083048,0.16486,0.022827,0.013061,0.012613,0.013834,0.020793
1375,0.106,0.081346,0.163309,0.02292,0.013007,0.012749,0.014072,0.02084
1376,0.109,0.091809,0.164636,0.022549,0.013048,0.012837,0.013844,0.021031
1377,0.113,0.082174,0.164508,0.022781,0.01304,0.012651,0.013697,0.021222
1378,0.108,0.082896,0.164623,0.0229319999999999,0.013096,0.012915,0.013762,0.021137
1379,0.111,0.081777,0.164032,0.022631,0.013129,0.012933,0.014015,0.021039
1380,0.113,0.08238,0.165305,0.023018,0.013037,0.012578,0.013759,0.02076
1381,0.11,0.081608,0.171161,0.0228939999999999,0.013064,0.012756,0.013934,0.020885
1382,0.108,0.081739,0.164898,0.022977,0.013094,0.012741,0.013996,0.021008
1383,0.108,0.082,0.163768,0.022717,0.012986,0.012564,0.01376,0.020876
1384,0.109,0.082281,0.164381,0.023071,0.013024,0.012462,0.013818,0.020942
1385,0.109,0.081833,0.163458,0.033096,0.013117,0.01286,0.013754,0.020982
1386,0.107,0.084502,0.16431,0.033204,0.01314,0.013184,0.013935,0.021005
1387,0.109,0.081616,0.164245,0.0227609999999999,0.012966,0.012849,0.014365,0.02087
1388,0.11,0.088877,0.165276,0.022986,0.013125,0.012983,0.014234,0.02108
1389,0.111,0.082897,0.162357,0.022748,0.013062,0.012701,0.0139,0.020845
1390,0.109,0.081001,0.163843,0.022774,0.013075,0.013118,0.013899,0.021201
1391,0.108,0.081699,0.163789,0.022934,0.013181,0.013073,0.014038,0.020974
1392,0.109,0.083308,0.163682,0.022691,0.013041,0.01286,0.013943,0.020854
1393,0.109,0.081435,0.163358,0.022679,0.013014,0.012682,0.013865,0.021086
1394,0.108,0.081529,0.164036,0.022863,0.013065,0.012845,0.013885,0.020849
1395,0.108,0.082284,0.163793,0.022555,0.013194,0.012919,0.013944,0.021167
1396,0.108,0.082973,0.163942,0.023161,0.013011,0.012754,0.013861,0.021223
1397,0.115,0.081104,0.163882,0.022717,0.012986,0.012803,0.013879,0.021187
1398,0.107,0.081824,0.16444,0.022529,0.013002,0.012886,0.013851,0.021048
1399,0.11,0.082417,0.164483,0.03342,0.013035,0.012918,0.01402,0.020963
1400,0.108,0.082364,0.164241,0.03321,0.013103,0.012792,0.013818,0.021006
1401,0.108,0.081563,0.16336,0.023,0.013013,0.012834,0.013983,0.020924
1402,0.108,0.081558,0.163854,0.022572,0.013077,0.012827,0.014112,0.021024
1403,0.109,0.081794,0.164368,0.0224919999999999,0.013092,0.012968,0.013791,0.02098
1404,0.108,0.082857,0.163506,0.023001,0.013109,0.013104,0.014065,0.020932
1405,0.108,0.082226,0.165078,0.0227479999999999,0.013104,0.012831,0.014101,0.021056
1406,0.11,0.081764,0.164831,0.022707,0.013032,0.012865,0.013885,0.021345
1407,0.109,0.081444,0.164136,0.022856,0.013072,0.012704,0.013849,0.020862
1408,0.109,0.082206,0.165424,0.022764,0.013023,0.012731,0.013774,0.021184
1409,0.106,0.081589,0.163713,0.022748,0.013055,0.012937,0.013838,0.021098
1410,0.104,0.081784,0.164788,0.023142,0.013002,0.012878,0.013789,0.020818
1411,0.107,0.082473,0.16436,0.0226579999999999,0.013259,0.012763,0.013766,0.020914
1412,0.102,0.083172,0.164381,0.023111,0.013036,0.012859,0.013883,0.021096
1413,0.114,0.081405,0.163253,0.022918,0.013066,0.012913,0.013841,0.020867
1414,0.109,0.081487,0.165116,0.022716,0.012994,0.013066,0.013617,0.02115
1415,0.106,0.082211,0.166969,0.022618,0.013066,0.012903,0.013762,0.021141
1416,0.106,0.082091,0.163609,0.022615,0.013035,0.012997,0.013959,0.021077
1417,0.111,0.081604,0.16293,0.022985,0.01304,0.012864,0.013862,0.020938
1418,0.109,0.087054,0.16751,0.022704,0.013017,0.012803,0.013987,0.021091
1419,0.109,0.08217,0.164378,0.022935,0.013176,0.012829,0.01384,0.020747
1420,0.111,0.082166,0.17201,0.022762,0.015597,0.012833,0.014036,0.020864
1421,0.111,0.082595,0.16361,0.022694,0.014671,0.013105,0.01385,0.021074
1422,0.116,0.082246,0.163767,0.023106,0.013975,0.013034,0.014048,0.021102
1423,0.11,0.081532,0.166248,0.022698,0.013446,0.012806,0.013847,0.0208
1424,0.102,0.083164,0.164485,0.0226359999999999,0.013125,0.012859,0.01398,0.021142
1425,0.11,0.088801,0.164013,0.03312,0.013361,0.012938,0.014058,0.020988
1426,0.111,0.081816,0.164675,0.022621,0.013082,0.012862,0.013779,0.020814
1427,0.1,0.081097,0.163852,0.022784,0.013153,0.012818,0.014009,0.021056
1428,0.105,0.084631,0.163351,0.022673,0.013109,0.012855,0.013596,0.021188
1429,0.101,0.081285,0.165296,0.022584,0.013104,0.012826,0.013606,0.020877
1430,0.109,0.081237,0.165161,0.022651,0.013026,0.012945,0.01355,0.021166
1431,0.109,0.081157,0.163532,0.022744,0.013278,0.013157,0.013755,0.020749
1432,0.113,0.081603,0.166529,0.022658,0.013209,0.0131,0.013644,0.020823
1433,0.109,0.08208,0.164582,0.033239,0.01308,0.012939,0.01365,0.021224
1434,0.1,0.081438,0.163005,0.022844,0.013109,0.013136,0.013624,0.02111
1435,0.107,0.083607,0.164386,0.022517,0.013103,0.013009,0.013701,0.021105
1436,0.102,0.082447,0.164664,0.022821,0.013082,0.012838,0.013759,0.020838
1437,0.108,0.084326,0.164222,0.023181,0.013256,0.012869,0.014308,0.021109
1438,0.109,0.08215,0.164489,0.022625,0.013215,0.012918,0.014215,0.021162
1439,0.101,0.081509,0.16418,0.02272,0.01315,0.012806,0.014197,0.021038
1440,0.1,0.082654,0.163366,0.022692,0.013171,0.012899,0.014005,0.020937
1441,0.105,0.081995,0.166434,0.022885,0.013252,0.012862,0.014034,0.020996
1442,0.108,0.081363,0.166327,0.02269,0.013403,0.012875,0.014119,0.020895
1443,0.109,0.082574,0.163389,0.023088,0.013253,0.012896,0.013975,0.021122
1444,0.11,0.082723,0.164264,0.023246,0.013322,0.012902,0.014029,0.021159
1445,0.11,0.081925,0.163451,0.022629,0.013347,0.012934,0.01407,0.020903
1446,0.109,0.082269,0.164938,0.0334,0.013216,0.012922,0.014025,0.020968
1447,0.1,0.083733,0.16283,0.022947,0.013222,0.01288,0.014016,0.021169
1448,0.101,0.082583,0.163881,0.022633,0.013442,0.012839,0.014162,0.020937
1449,0.111,0.081778,0.1643,0.033354,0.013243,0.012842,0.014153,0.02111
1450,0.109,0.0865,0.163508,0.022688,0.013277,0.013092,0.014078,0.020856
1451,0.101,0.087534,0.166733,0.033169,0.013229,0.01294,0.014121,0.021102
1452,0.109,0.082302,0.163751,0.022716,0.013441,0.012902,0.014155,0.020873
1453,0.11,0.081084,0.163225,0.0227899999999999,0.013224,0.01306,0.014033,0.021028
1454,0.11,0.08462,0.165591,0.022666,0.013173,0.012847,0.014228,0.020937
1455,0.111,0.082064,0.163629,0.022588,0.013309,0.012861,0.01396,0.020937
1456,0.101,0.082934,0.164564,0.0226219999999999,0.013375,0.012905,0.014125,0.021127
1457,0.109,0.081149,0.16503,0.022774,0.013229,0.012812,0.014064,0.020897
1458,0.109,0.082004,0.164811,0.020175,0.013083,0.012854,0.013941,0.021058
1459,0.107,0.083949,0.163412,0.0226989999999999,0.013133,0.012804,0.014124,0.0208
1460,0.11,0.087363,0.163367,0.022624,0.013223,0.012786,0.013953,0.02115
1461,0.108,0.082117,0.166673,0.0225919999999999,0.013336,0.012956,0.014174,0.021056
1462,0.116,0.081525,0.163973,0.022772,0.012976,0.012904,0.013861,0.020773
1463,0.11,0.081777,0.164242,0.022891,0.012902,0.012904,0.013543,0.021336
1464,0.11,0.082963,0.163647,0.02274,0.013462,0.012865,0.013818,0.021109
1465,0.109,0.082367,0.163964,0.022597,0.013145,0.012949,0.013691,0.02095
1466,0.105,0.081957,0.163928,0.0329179999999999,0.013207,0.013003,0.014603,0.020961
1467,0.11,0.081856,0.163259,0.023038,0.013077,0.012954,0.013854,0.020849
1468,0.115,0.082819,0.16402,0.02186,0.013306,0.012916,0.014385,0.021067
1469,0.109,0.081365,0.163474,0.022276,0.012984,0.012909,0.014442,0.020789
1470,0.109,0.08167,0.163625,0.022688,0.013253,0.012915,0.014149,0.021095
1471,0.109,0.08195,0.164975,0.022677,0.012949,0.01299,0.014186,0.021047
1472,0.109,0.082249,0.163532,0.022899,0.01324,0.013057,0.014262,0.021108
1473,0.109,0.081709,0.164088,0.022812,0.012941,0.013007,0.013572,0.021115
1474,0.109,0.081343,0.167957,0.022747,0.013063,0.012838,0.013945,0.020939
1475,0.11,0.081435,0.165349,0.02266,0.013071,0.013135,0.013862,0.021014
1476,0.109,0.082441,0.163922,0.022971,0.013004,0.012876,0.013924,0.021248
1477,0.1,0.091409,0.163848,0.022681,0.013215,0.013072,0.013817,0.021099
1478,0.109,0.081757,0.164439,0.022632,0.013053,0.013064,0.013822,0.020879
1479,0.109,0.084936,0.164573,0.02282,0.013092,0.012911,0.013936,0.021187
1480,0.101,0.082566,0.165342,0.022696,0.013058,0.012844,0.013767,0.021106
1481,0.105,0.08112,0.164239,0.022519,0.013102,0.012876,0.013764,0.021098
1482,0.108,0.091372,0.163329,0.022586,0.013153,0.01293,0.01386,0.021371
1483,0.11,0.081521,0.165234,0.022915,0.013132,0.0129,0.013644,0.021154
1484,0.11,0.082736,0.164284,0.022539,0.01312,0.012916,0.013815,0.020955
1485,0.109,0.081918,0.164107,0.022625,0.013243,0.013155,0.01394,0.021054
1486,0.108,0.081801,0.165476,0.021474,0.013098,0.012961,0.013928,0.020932
1487,0.109,0.082509,0.165199,0.022257,0.013061,0.013005,0.013896,0.021112
1488,0.109,0.082419,0.164067,0.022986,0.013189,0.01292,0.013977,0.020759
1489,0.11,0.082357,0.166392,0.022918,0.013208,0.01292,0.014008,0.020915
1490,0.11,0.082884,0.164719,0.022656,0.013203,0.012904,0.014019,0.021233
1491,0.111,0.081897,0.165575,0.022538,0.013063,0.01281,0.014081,0.021272
1492,0.11,0.082805,0.164183,0.022618,0.013115,0.012926,0.014022,0.021103
1493,0.101,0.082171,0.165228,0.022944,0.013026,0.012916,0.013815,0.020918
1494,0.109,0.081525,0.164927,0.022955,0.013143,0.012838,0.014,0.021108
1495,0.11,0.081859,0.165339,0.02285,0.013018,0.012851,0.01377,0.020909
1496,0.109,0.082138,0.165259,0.0229499999999999,0.013107,0.012864,0.013817,0.021069
1497,0.109,0.081118,0.165833,0.0218029999999999,0.013189,0.012912,0.013963,0.020796
1498,0.108,0.082164,0.163859,0.022044,0.013082,0.01287,0.014208,0.020832
1499,0.102,0.08176,0.163636,0.022389,0.013244,0.013039,0.013948,0.021065
1500,0.11,0.082696,0.180628,0.022527,0.013112,0.013013,0.014098,0.021025
1501,0.109,0.084448,0.163673,0.033534,0.013119,0.012952,0.013976,0.021167
1502,0.1,0.081542,0.170861,0.02277,0.013117,0.013139,0.013889,0.021002
1503,0.101,0.082515,0.16499,0.032929,0.013028,0.013066,0.013842,0.020983
1504,0.11,0.082647,0.165818,0.023124,0.013232,0.013044,0.013973,0.020994
1505,0.111,0.081854,0.163365,0.022886,0.013169,0.012897,0.014049,0.020932
1506,0.108,0.082265,0.163167,0.02266,0.013203,0.013032,0.01407,0.021027
1507,0.109,0.081839,0.164394,0.022669,0.013182,0.012996,0.014062,0.02103
1508,0.108,0.09711,0.163186,0.0227379999999999,0.013116,0.012967,0.014161,0.021377
1509,0.109,0.081583,0.163984,0.022741,0.013066,0.012864,0.013978,0.021047
1510,0.111,0.083354,0.163748,0.022477,0.013105,0.012942,0.013837,0.020903
1511,0.109,0.081426,0.164032,0.023103,0.013261,0.012946,0.013862,0.021197
1512,0.1,0.081989,0.163333,0.022656,0.013068,0.012884,0.013909,0.021044
1513,0.109,0.081427,0.16363,0.022993,0.013136,0.012946,0.013781,0.020966
1514,0.099,0.08277,0.164225,0.022655,0.013118,0.012848,0.014067,0.021194
1515,0.101,0.082804,0.16442,0.023034,0.013336,0.013156,0.014254,0.021135
1516,0.111,0.08299,0.164911,0.02255,0.013298,0.012698,0.014111,0.020955
1517,0.11,0.081384,0.164826,0.022878,0.013143,0.012842,0.013934,0.02073
1518,0.108,0.081087,0.165917,0.032897,0.013393,0.01284,0.014051,0.020993
1519,0.109,0.083696,0.163788,0.0227069999999999,0.013675,0.012972,0.013949,0.021119
1520,0.109,0.082025,0.164449,0.02158,0.013151,0.012843,0.013912,0.021055
1521,0.11,0.081456,0.164209,0.02267,0.013219,0.012853,0.014003,0.020891
1522,0.109,0.082637,0.165237,0.033223,0.01324,0.012839,0.013994,0.021107
1523,0.109,0.081786,0.164052,0.022618,0.013171,0.013044,0.013729,0.020852
1524,0.099,0.084719,0.164818,0.022829,0.013187,0.012671,0.013948,0.02112
1525,0.101,0.083037,0.162705,0.022796,0.013214,0.012807,0.013918,0.020979
1526,0.109,0.082158,0.164036,0.022754,0.013294,0.013023,0.013948,0.021276
1527,0.111,0.08239,0.165139,0.02286,0.013215,0.012572,0.013787,0.021141
1528,0.109,0.082526,0.163745,0.022654,0.013166,0.012885,0.013655,0.021106
1529,0.109,0.081078,0.16368,0.0226,0.013199,0.012742,0.01374,0.021075
1530,0.109,0.081492,0.164718,0.022587,0.013463,0.012643,0.014116,0.021123
1531,0.11,0.081967,0.16341,0.022593,0.013138,0.01273,0.013857,0.021067
1532,0.11,0.085368,0.172781,0.022544,0.013154,0.012581,0.013823,0.02096
1533,0.11,0.08315,0.169174,0.022681,0.013341,0.01259,0.013956,0.021174
1534,0.106,0.081653,0.164,0.033475,0.013088,0.012871,0.013875,0.020872
1535,0.102,0.081994,0.163761,0.033323,0.013222,0.012669,0.013875,0.021266
1536,0.114,0.082588,0.165518,0.022784,0.013224,0.012585,0.014034,0.021334
1537,0.109,0.081519,0.163468,0.0229489999999999,0.013116,0.012604,0.014329,0.02124
1538,0.109,0.081227,0.164117,0.022831,0.013135,0.012853,0.014012,0.021053
1539,0.11,0.081816,0.163345,0.022827,0.013066,0.012589,0.013883,0.020922
1540,0.111,0.083063,0.164081,0.022503,0.013144,0.01263,0.013906,0.021104
1541,0.11,0.081949,0.164419,0.022626,0.013134,0.012629,0.013995,0.021236
1542,0.109,0.081897,0.163567,0.02275,0.013209,0.012615,0.013902,0.021095
1543,0.109,0.082464,0.167105,0.022843,0.013173,0.012583,0.014027,0.020917
1544,0.109,0.083857,0.164497,0.022988,0.013115,0.012605,0.014065,0.021047
1545,0.109,0.081129,0.162735,0.022656,0.013206,0.012507,0.014121,0.020948
1546,0.109,0.091189,0.165775,0.022675,0.013332,0.012506,0.014062,0.021181
1547,0.109,0.081303,0.164889,0.023148,0.013262,0.012521,0.014112,0.021043
1548,0.109,0.082245,0.163509,0.023105,0.013485,0.012573,0.014165,0.021014
1549,0.102,0.081988,0.164729,0.022605,0.013261,0.012527,0.013994,0.021075
1550,0.109,0.081121,0.16458,0.022913,0.0134,0.012525,0.014168,0.020921
1551,0.109,0.081924,0.16443,0.033327,0.01339,0.012615,0.01415,0.0211
1552,0.109,0.082705,0.164379,0.023011,0.013217,0.012747,0.01408,0.020988
1553,0.099,0.081756,0.164455,0.033402,0.013373,0.012657,0.013915,0.021332
1554,0.109,0.081885,0.163853,0.022918,0.013343,0.012901,0.01416,0.021234
1555,0.1,0.083057,0.163457,0.0299639999999999,0.01318,0.012809,0.013968,0.021198
1556,0.109,0.082711,0.164274,0.022333,0.013206,0.012572,0.014106,0.020981
1557,0.11,0.081756,0.164095,0.022796,0.013173,0.01261,0.013889,0.021296
1558,0.109,0.081803,0.165565,0.022698,0.013349,0.012656,0.014089,0.021027
1559,0.111,0.081417,0.164336,0.022624,0.013155,0.0126,0.013825,0.020977
1560,0.108,0.08274,0.16374,0.022604,0.013154,0.01293,0.0141,0.021116
1561,0.109,0.081389,0.164626,0.022871,0.013214,0.012619,0.013974,0.020938
1562,0.109,0.081289,0.163539,0.02264,0.013225,0.012594,0.014015,0.021212
1563,0.111,0.082378,0.164472,0.0226779999999999,0.013161,0.012618,0.014093,0.021138
1564,0.111,0.081997,0.16413,0.033636,0.013165,0.012513,0.014142,0.020951
1565,0.107,0.082019,0.164323,0.022528,0.013191,0.01253,0.013888,0.02099
1566,0.101,0.081549,0.164243,0.0231369999999999,0.013241,0.012512,0.013918,0.021001
1567,0.11,0.081876,0.164459,0.022822,0.013199,0.012551,0.014001,0.020982
1568,0.107,0.083887,0.171105,0.0229239999999999,0.013464,0.012959,0.014021,0.020838
1569,0.11,0.082871,0.163994,0.033325,0.01327,0.012552,0.013873,0.021091
1570,0.112,0.081036,0.164809,0.032995,0.013273,0.012576,0.013938,0.020958
1571,0.113,0.081242,0.163535,0.022964,0.013224,0.012594,0.013932,0.021127
1572,0.101,0.081969,0.164184,0.033201,0.013026,0.012555,0.013602,0.021015
1573,0.109,0.081128,0.163774,0.022913,0.013339,0.012619,0.013847,0.02098
1574,0.11,0.082,0.163677,0.0230429999999999,0.013312,0.012752,0.01369,0.02112
1575,0.1,0.081487,0.164106,0.022566,0.013196,0.012949,0.013813,0.021159
1576,0.108,0.082319,0.164008,0.022568,0.013323,0.012616,0.013811,0.021172
1577,0.1,0.081635,0.164265,0.022879,0.013192,0.012611,0.013752,0.021237
1578,0.111,0.093203,0.167419,0.022815,0.013225,0.012597,0.013749,0.021224
1579,0.11,0.082078,0.16441,0.022976,0.013193,0.012631,0.013763,0.021097
1580,0.108,0.082648,0.163298,0.019891,0.013272,0.012886,0.013766,0.020947
1581,0.109,0.0813,0.165117,0.023051,0.013529,0.012552,0.013838,0.021117
1582,0.111,0.082085,0.164349,0.022828,0.013346,0.012652,0.013871,0.020851
1583,0.109,0.082123,0.164414,0.022591,0.013327,0.012587,0.013952,0.021069
1584,0.1,0.082168,0.164185,0.023099,0.013335,0.01256,0.013915,0.020919
1585,0.109,0.081635,0.163905,0.022707,0.013359,0.01251,0.013991,0.021207
1586,0.101,0.084494,0.16437,0.0228649999999999,0.013346,0.012789,0.013873,0.02098
1587,0.1,0.08269,0.163365,0.022592,0.013308,0.012582,0.013807,0.020947
1588,0.106,0.082726,0.165482,0.022677,0.013343,0.012753,0.013961,0.021124
1589,0.109,0.084196,0.163569,0.022915,0.013223,0.01261,0.013776,0.020923
1590,0.109,0.088591,0.16485,0.023052,0.013318,0.012613,0.013918,0.02125
1591,0.1,0.081484,0.163837,0.022671,0.013372,0.012574,0.013911,0.021137
1592,0.109,0.082851,0.164352,0.022445,0.013344,0.012597,0.013918,0.021
1593,0.11,0.081769,0.163246,0.022955,0.013371,0.012843,0.013766,0.021164
1594,0.109,0.081552,0.164717,0.022732,0.013207,0.012775,0.013804,0.021266
1595,0.103,0.081631,0.163782,0.0230739999999999,0.013396,0.012612,0.013996,0.021179
1596,0.109,0.08295,0.165445,0.022495,0.013444,0.012863,0.013841,0.020964
1597,0.109,0.08378,0.163262,0.022792,0.013353,0.012575,0.014095,0.021103
1598,0.106,0.083487,0.164929,0.022675,0.013293,0.012763,0.013815,0.021061
1599,0.11,0.081474,0.163424,0.022961,0.013196,0.012662,0.013936,0.021049
1600,0.109,0.082406,0.164338,0.022733,0.013287,0.012527,0.013882,0.021059
1601,0.109,0.081323,0.167662,0.022802,0.013289,0.012592,0.013836,0.021225
1602,0.109,0.081841,0.165495,0.0331,0.013356,0.012878,0.013951,0.021181
1603,0.11,0.08162,0.163301,0.022689,0.013435,0.012555,0.014006,0.020997
1604,0.109,0.082846,0.162992,0.022645,0.013184,0.012806,0.013813,0.021088
1605,0.101,0.085003,0.163854,0.022828,0.013172,0.012528,0.013769,0.020966
1606,0.11,0.084479,0.163679,0.022446,0.013314,0.012621,0.013917,0.021085
1607,0.109,0.081625,0.163586,0.022501,0.013295,0.012739,0.013944,0.020899
1608,0.101,0.082181,0.166234,0.022705,0.013248,0.012614,0.013834,0.021164
1609,0.11,0.08124,0.166737,0.02282,0.013515,0.012675,0.013866,0.021211
1610,0.101,0.082447,0.163363,0.022749,0.013354,0.012571,0.013969,0.021115
1611,0.11,0.083825,0.163703,0.022952,0.013373,0.012552,0.013808,0.020977
1612,0.109,0.082811,0.163805,0.022667,0.013314,0.012576,0.013798,0.02105
1613,0.099,0.081431,0.166604,0.022919,0.013373,0.012624,0.013913,0.020861
1614,0.109,0.081372,0.164231,0.022682,0.013368,0.012622,0.013838,0.021188
1615,0.109,0.085722,0.162911,0.022688,0.013316,0.01285,0.013812,0.021079
1616,0.101,0.083384,0.165029,0.022958,0.013177,0.012708,0.013807,0.020893
1617,0.115,0.082169,0.165556,0.022691,0.013406,0.012766,0.013833,0.021365
1618,0.1,0.08131,0.163286,0.022923,0.013394,0.012523,0.013981,0.020942
1619,0.108,0.082317,0.164984,0.022909,0.013337,0.012569,0.014012,0.020892
1620,0.109,0.082325,0.164998,0.02293,0.01334,0.012562,0.013963,0.021157
1621,0.111,0.081999,0.163901,0.022964,0.013444,0.012558,0.014047,0.021293
1622,0.109,0.081494,0.163045,0.022471,0.013232,0.012549,0.013818,0.021148
1623,0.111,0.082894,0.164448,0.022656,0.013198,0.012514,0.013743,0.020821
1624,0.11,0.084526,0.164186,0.022613,0.013479,0.012596,0.013993,0.021188
1625,0.109,0.083651,0.163611,0.023,0.013401,0.012703,0.013859,0.021196
1626,0.11,0.081562,0.164004,0.022691,0.013253,0.012837,0.013993,0.021077
1627,0.109,0.082084,0.163302,0.022913,0.013339,0.012612,0.014184,0.021137
1628,0.106,0.082072,0.16416,0.022566,0.013439,0.0126,0.01423,0.020944
1629,0.109,0.089484,0.16321,0.022918,0.013373,0.012573,0.014424,0.021175
1630,0.109,0.083865,0.165355,0.022652,0.013223,0.012519,0.014041,0.021076
1631,0.11,0.081716,0.163931,0.022935,0.013337,0.012636,0.013968,0.020887
1632,0.11,0.082581,0.163707,0.023063,0.01328,0.012785,0.013921,0.021143
1633,0.109,0.081567,0.164322,0.0226369999999999,0.01344,0.012693,0.014045,0.020925
1634,0.1,0.082516,0.163604,0.022878,0.013369,0.012547,0.013964,0.020897
1635,0.1,0.081419,0.162986,0.022762,0.013226,0.012647,0.01396,0.020773
1636,0.11,0.084486,0.164041,0.022789,0.01339,0.012662,0.014157,0.020917
1637,0.109,0.082228,0.164519,0.028594,0.013439,0.012492,0.01416,0.021207
1638,0.109,0.08128,0.164615,0.033093,0.013266,0.012631,0.013959,0.021087
1639,0.109,0.081596,0.163423,0.022644,0.013328,0.012544,0.014118,0.02093
1640,0.111,0.083526,0.164065,0.033204,0.013332,0.012749,0.014016,0.021099
1641,0.112,0.081156,0.163705,0.022742,0.01341,0.012827,0.014305,0.020956
1642,0.112,0.08478,0.163819,0.023006,0.01332,0.012561,0.014215,0.021228
1643,0.109,0.081522,0.167109,0.022932,0.013072,0.012611,0.013608,0.021096
1644,0.109,0.087417,0.166199,0.022778,0.013315,0.012618,0.014013,0.02122
1645,0.11,0.08138,0.163274,0.022861,0.013377,0.012592,0.014217,0.021211
1646,0.109,0.081544,0.164795,0.032798,0.013267,0.012698,0.013895,0.020912
1647,0.11,0.082241,0.163652,0.022857,0.013399,0.012556,0.014203,0.021311
1648,0.101,0.082565,0.167739,0.022776,0.013316,0.012526,0.014181,0.021161
1649,0.109,0.081057,0.163381,0.023029,0.013269,0.012683,0.013918,0.021223
1650,0.109,0.081124,0.163813,0.022631,0.013231,0.012649,0.013987,0.020953
1651,0.109,0.083352,0.166146,0.022514,0.013317,0.012736,0.014023,0.021104
1652,0.109,0.08222,0.164006,0.0228909999999999,0.013281,0.012708,0.014261,0.021367
1653,0.111,0.086403,0.163933,0.022781,0.013292,0.012633,0.014147,0.021165
1654,0.11,0.081505,0.16376,0.032718,0.013301,0.012543,0.014138,0.020977
1655,0.109,0.080995,0.163771,0.023143,0.013381,0.012596,0.014129,0.02132
1656,0.109,0.082556,0.164292,0.022738,0.013262,0.012835,0.014201,0.021145
1657,0.112,0.081662,0.163343,0.022655,0.013291,0.012588,0.014148,0.021209
1658,0.109,0.083581,0.165259,0.022857,0.013194,0.012554,0.014199,0.021439
1659,0.11,0.081918,0.163783,0.022826,0.013397,0.012719,0.014169,0.021204
1660,0.109,0.083126,0.162999,0.02291,0.013431,0.01258,0.01445,0.021114
1661,0.11,0.081499,0.163136,0.022619,0.013446,0.012596,0.014369,0.021129
1662,0.108,0.082724,0.163344,0.022571,0.013291,0.012751,0.014255,0.020946
1663,0.111,0.082238,0.163403,0.022567,0.013333,0.01253,0.014065,0.021157
1664,0.109,0.083271,0.164016,0.0228349999999999,0.013417,0.012674,0.014363,0.02095
1665,0.109,0.084581,0.163743,0.0228619999999999,0.013445,0.012666,0.014019,0.021224
1666,0.111,0.081303,0.163494,0.022987,0.013311,0.012556,0.014116,0.021023
1667,0.11,0.082329,0.163268,0.02252,0.013218,0.012584,0.014083,0.020976
1668,0.109,0.083373,0.163263,0.023,0.013376,0.012599,0.014171,0.02105
1669,0.109,0.082661,0.164075,0.022654,0.013351,0.012561,0.014007,0.02101
1670,0.1,0.081312,0.163327,0.022875,0.013293,0.012604,0.013937,0.021052
1671,0.11,0.081779,0.164074,0.022946,0.013372,0.012524,0.014003,0.020988
1672,0.109,0.082976,0.166169,0.033364,0.013357,0.012581,0.014226,0.021291
1673,0.109,0.090749,0.163907,0.022674,0.01342,0.012608,0.014241,0.021127
1674,0.11,0.083415,0.164019,0.022604,0.013465,0.012659,0.014355,0.021064
1675,0.105,0.083252,0.162785,0.022973,0.013312,0.012612,0.014073,0.02114
1676,0.1,0.082124,0.165504,0.022597,0.013477,0.012616,0.014501,0.020959
1677,0.111,0.081788,0.163362,0.022965,0.01335,0.012654,0.014607,0.021139
1678,0.111,0.081968,0.164181,0.022566,0.013365,0.012555,0.014278,0.021174
1679,0.109,0.081709,0.164702,0.02293,0.013323,0.012559,0.014259,0.021192
1680,0.111,0.082468,0.163342,0.022611,0.013291,0.012505,0.01424,0.021108
1681,0.109,0.082492,0.162838,0.032765,0.013129,0.012569,0.013875,0.020876
1682,0.1,0.081876,0.166157,0.022496,0.013332,0.012578,0.013885,0.021024
1683,0.109,0.081166,0.163536,0.02244,0.013287,0.012624,0.014085,0.021148
1684,0.113,0.082131,0.163957,0.0225649999999999,0.013291,0.012533,0.014274,0.021168
1685,0.11,0.084429,0.163228,0.0227409999999999,0.013261,0.012624,0.014042,0.021216
1686,0.109,0.081732,0.163419,0.033398,0.013359,0.012551,0.014235,0.021054
1687,0.099,0.082698,0.162886,0.0229079999999999,0.01332,0.012583,0.01404,0.021015
1688,0.109,0.082487,0.163049,0.022559,0.013277,0.012547,0.014299,0.02109
1689,0.11,0.081734,0.163419,0.032797,0.013265,0.012574,0.014041,0.020872
1690,0.109,0.082171,0.163547,0.0229179999999999,0.0133,0.012639,0.014259,0.021301
1691,0.109,0.083242,0.163446,0.0230839999999999,0.013369,0.012627,0.014164,0.020831
1692,0.1,0.082542,0.164347,0.022719,0.013454,0.012667,0.014377,0.020968
1693,0.109,0.081617,0.163746,0.022652,0.013521,0.012547,0.014378,0.02122
1694,0.11,0.081482,0.164144,0.023108,0.013593,0.012563,0.014492,0.021092
1695,0.108,0.082444,0.16277,0.022355,0.013438,0.012613,0.01442,0.020962
1696,0.111,0.091778,0.163383,0.022571,0.013415,0.012579,0.014476,0.02087
1697,0.112,0.081302,0.163226,0.022778,0.013464,0.012618,0.014404,0.021092
1698,0.109,0.081718,0.164662,0.032859,0.013247,0.012751,0.014124,0.021075
1699,0.1,0.081597,0.190172,0.023001,0.013411,0.012666,0.014194,0.021142
1700,0.109,0.083215,0.163806,0.022478,0.01336,0.012632,0.014229,0.021099
1701,0.112,0.081948,0.163419,0.02299,0.013279,0.012584,0.014156,0.021117
1702,0.109,0.081207,0.163304,0.022765,0.013348,0.01252,0.014039,0.021206
1703,0.11,0.082032,0.164975,0.0222129999999999,0.01334,0.012741,0.0143,0.021247
1704,0.109,0.082051,0.163372,0.022854,0.013389,0.012579,0.014249,0.021304
1705,0.109,0.081024,0.163987,0.0227519999999999,0.013708,0.012588,0.014384,0.021072
1706,0.111,0.081594,0.16321,0.0226,0.013674,0.012557,0.014372,0.021183
1707,0.109,0.081956,0.163155,0.022833,0.013461,0.012687,0.014493,0.021269
1708,0.11,0.084521,0.1633,0.022479,0.013504,0.012681,0.014267,0.021274
1709,0.102,0.081631,0.163775,0.0227899999999999,0.013444,0.012643,0.014124,0.020961
1710,0.109,0.081413,0.163358,0.022538,0.013496,0.012642,0.014416,0.021053
1711,0.11,0.084568,0.163353,0.022562,0.013561,0.012617,0.014426,0.020948
1712,0.11,0.082428,0.16374,0.022531,0.013569,0.012889,0.014315,0.021148
1713,0.109,0.081799,0.163557,0.022469,0.013412,0.012878,0.014465,0.020915
1714,0.108,0.081989,0.163251,0.0330499999999999,0.013351,0.012723,0.014238,0.021178
1715,0.109,0.081695,0.164334,0.023059,0.013359,0.012687,0.01415,0.021106
1716,0.112,0.081789,0.163558,0.022292,0.013465,0.012633,0.014281,0.02096
1717,0.112,0.08257,0.164974,0.023286,0.013394,0.012609,0.014051,0.021291
1718,0.11,0.081679,0.164752,0.0224399999999999,0.013127,0.012768,0.014106,0.021256
1719,0.098,0.081583,0.163493,0.032535,0.013129,0.012582,0.013772,0.021166
1720,0.109,0.083271,0.164327,0.022666,0.012969,0.012536,0.0137,0.02108
1721,0.109,0.081755,0.163045,0.033082,0.013194,0.012557,0.013818,0.021159
1722,0.109,0.081691,0.164757,0.0224839999999999,0.013026,0.012662,0.013764,0.021128
1723,0.105,0.081598,0.163815,0.022591,0.013037,0.012741,0.013825,0.020927
1724,0.1,0.083136,0.164722,0.02284,0.013206,0.01258,0.013757,0.021139
1725,0.109,0.08293,0.163232,0.023166,0.01293,0.012575,0.013742,0.021081
1726,0.109,0.084824,0.163167,0.022546,0.013092,0.012584,0.013768,0.021258
1727,0.109,0.08206,0.163363,0.0227859999999999,0.013087,0.012553,0.013702,0.021031
1728,0.11,0.082273,0.164857,0.022584,0.013141,0.012638,0.013968,0.021217
1729,0.109,0.081301,0.163447,0.022869,0.013051,0.012884,0.013726,0.021141
1730,0.113,0.083508,0.163712,0.022708,0.013104,0.012604,0.013817,0.020933
1731,0.109,0.082324,0.1631,0.022664,0.013206,0.012666,0.013768,0.021257
1732,0.115,0.082035,0.165286,0.022643,0.013043,0.012602,0.013574,0.021265
1733,0.106,0.082189,0.163802,0.022472,0.013021,0.012677,0.013706,0.021186
1734,0.1,0.081806,0.163582,0.022668,0.013085,0.012728,0.013668,0.02101
1735,0.109,0.081915,0.1642,0.022537,0.012962,0.012724,0.013726,0.021114
1736,0.109,0.084478,0.163272,0.022785,0.012968,0.01259,0.013612,0.021138
1737,0.111,0.081612,0.163186,0.0229949999999999,0.0131,0.012646,0.01357,0.020938
1738,0.11,0.081569,0.163445,0.0225329999999999,0.01298,0.012665,0.013731,0.020991
1739,0.109,0.08339,0.162915,0.033192,0.013098,0.012557,0.013597,0.021203
1740,0.108,0.082973,0.162612,0.033369,0.012984,0.012592,0.013797,0.021145
1741,0.11,0.083792,0.171501,0.022782,0.013098,0.012586,0.013928,0.020792
1742,0.109,0.082126,0.162952,0.022593,0.013044,0.012595,0.013589,0.020994
1743,0.1,0.08164,0.163426,0.0226989999999999,0.013021,0.012809,0.013662,0.021191
1744,0.11,0.082509,0.167189,0.0226689999999999,0.012993,0.012639,0.013604,0.021011
1745,0.109,0.083476,0.163521,0.022634,0.013007,0.012649,0.013928,0.021127
1746,0.108,0.087689,0.16596,0.022593,0.013138,0.012676,0.013854,0.020852
1747,0.109,0.081834,0.163991,0.022759,0.013157,0.012893,0.013904,0.021016
1748,0.109,0.082262,0.163778,0.022612,0.013041,0.012969,0.013839,0.021224
1749,0.112,0.081308,0.162996,0.022565,0.013125,0.013037,0.013697,0.020936
1750,0.109,0.082909,0.163893,0.022689,0.013313,0.012817,0.013972,0.021418
1751,0.11,0.08187,0.163293,0.022488,0.013329,0.012879,0.013883,0.02129
1752,0.113,0.081682,0.16389,0.022638,0.013094,0.012746,0.013929,0.021288
1753,0.109,0.081001,0.163,0.022579,0.013254,0.012597,0.013967,0.021145
1754,0.109,0.081873,0.163362,0.02272,0.01322,0.012835,0.014051,0.021281
1755,0.109,0.082667,0.163445,0.02269,0.013261,0.012719,0.013978,0.021068
1756,0.108,0.082204,0.163608,0.022532,0.013459,0.012617,0.014196,0.020951
1757,0.109,0.081313,0.163701,0.022856,0.013291,0.012822,0.014285,0.020966
1758,0.109,0.080895,0.163437,0.02278,0.013322,0.012561,0.014218,0.021129
1759,0.109,0.083051,0.163186,0.022701,0.013625,0.012721,0.014131,0.020981
1760,0.109,0.082614,0.164047,0.022767,0.013344,0.012575,0.014365,0.021243
1761,0.11,0.081786,0.164,0.0224709999999999,0.013276,0.012571,0.014192,0.021161
1762,0.109,0.086199,0.164375,0.0226399999999999,0.013456,0.012604,0.014313,0.02101
1763,0.109,0.081701,0.163435,0.0337009999999999,0.013374,0.012811,0.01439,0.021264
1764,0.108,0.083514,0.163256,0.023294,0.013323,0.012739,0.014213,0.021094
1765,0.099,0.081352,0.163247,0.022465,0.013458,0.012789,0.01415,0.021059
1766,0.108,0.080895,0.164315,0.0252799999999999,0.013461,0.012812,0.014244,0.021315
1767,0.112,0.08186,0.173043,0.025529,0.013334,0.013111,0.014258,0.02124
1768,0.11,0.081846,0.16362,0.022764,0.013291,0.012799,0.014211,0.021068
1769,0.108,0.081644,0.166308,0.02262,0.013471,0.013039,0.014232,0.021078
1770,0.1,0.081411,0.163667,0.022572,0.013342,0.012869,0.014582,0.021232
1771,0.108,0.08173,0.163176,0.022487,0.013439,0.01267,0.014538,0.021081
1772,0.109,0.085023,0.163522,0.022743,0.01334,0.012649,0.01412,0.020918
1773,0.109,0.081363,0.164091,0.022591,0.013429,0.012634,0.014186,0.020934
1774,0.109,0.081345,0.162985,0.0226479999999999,0.01333,0.012658,0.014295,0.021227
1775,0.1,0.08156,0.163773,0.022191,0.013298,0.012549,0.014286,0.020987
1776,0.11,0.082189,0.163982,0.0226289999999999,0.01329,0.012734,0.014422,0.021214
1777,0.114,0.081329,0.163109,0.022672,0.01345,0.012657,0.01431,0.021127
1778,0.109,0.082067,0.163492,0.0228839999999999,0.013435,0.012552,0.014219,0.021046
1779,0.108,0.081365,0.163083,0.022718,0.013372,0.012576,0.014321,0.021156
1780,0.1,0.081886,0.164778,0.022843,0.013427,0.012793,0.014264,0.021013
1781,0.111,0.081468,0.16362,0.022869,0.013344,0.012771,0.014158,0.021313
1782,0.112,0.081254,0.163457,0.02274,0.013355,0.012722,0.014242,0.021201
1783,0.11,0.081434,0.163083,0.023148,0.013321,0.013131,0.01421,0.021085
1784,0.109,0.082749,0.163259,0.032878,0.013448,0.012804,0.01423,0.020839
1785,0.101,0.081431,0.178842,0.022562,0.013346,0.012813,0.01422,0.021033
1786,0.109,0.081933,0.164082,0.022668,0.013355,0.012774,0.014314,0.021313
1787,0.109,0.081343,0.164532,0.022542,0.013319,0.012828,0.01429,0.021142
1788,0.109,0.0823,0.163808,0.0226569999999999,0.013365,0.012926,0.014237,0.020873
1789,0.1,0.081208,0.163874,0.0228519999999999,0.013385,0.012858,0.014169,0.020984
1790,0.109,0.08217,0.163253,0.0230879999999999,0.013416,0.012937,0.014272,0.021302
1791,0.11,0.081352,0.163253,0.033101,0.013402,0.012938,0.014168,0.020934
1792,0.11,0.082022,0.163516,0.023849,0.013328,0.012892,0.014122,0.021143
1793,0.11,0.081368,0.163899,0.022894,0.013319,0.012949,0.014266,0.020955
1794,0.11,0.081525,0.16248,0.022742,0.013484,0.01336,0.014379,0.021124
1795,0.11,0.08362,0.169007,0.022497,0.0134,0.012937,0.014193,0.020987
1796,0.109,0.082202,0.164533,0.022626,0.013335,0.013007,0.014099,0.021075
1797,0.1,0.081151,0.16441,0.0228169999999999,0.013352,0.013299,0.014473,0.020945
1798,0.107,0.081836,0.16434,0.022573,0.013361,0.013006,0.014264,0.021095
1799,0.103,0.081487,0.163736,0.022765,0.013327,0.012976,0.014218,0.021165
1800,0.108,0.082127,0.166304,0.0228449999999999,0.01342,0.012824,0.01409,0.021157
1801,0.1,0.081864,0.163668,0.022601,0.013381,0.012853,0.013971,0.021065
1802,0.11,0.081762,0.163058,0.022699,0.013299,0.012804,0.014273,0.021334
1803,0.109,0.081867,0.164217,0.022745,0.013516,0.012888,0.014124,0.021176
1804,0.11,0.084099,0.163704,0.0227279999999999,0.01348,0.012843,0.014141,0.020949
1805,0.109,0.082365,0.16345,0.0226689999999999,0.013348,0.012834,0.014341,0.021149
1806,0.109,0.081489,0.163661,0.033247,0.013371,0.012989,0.014306,0.021125
1807,0.111,0.08147,0.163808,0.0226099999999999,0.013393,0.012921,0.014222,0.020978
1808,0.109,0.082441,0.162928,0.025114,0.013479,0.01287,0.014143,0.021226
1809,0.109,0.084228,0.162775,0.025829,0.013375,0.013207,0.014208,0.021389
1810,0.11,0.081527,0.162912,0.0229569999999999,0.013392,0.013071,0.014087,0.021125
1811,0.1,0.081481,0.166512,0.022688,0.013411,0.01306,0.014034,0.020999
1812,0.109,0.088371,0.168764,0.022868,0.013267,0.013065,0.01412,0.021172
1813,0.112,0.082688,0.163475,0.022637,0.013442,0.01288,0.014241,0.021117
1814,0.109,0.081326,0.164053,0.0225889999999999,0.013377,0.012862,0.01408,0.021204
1815,0.111,0.081488,0.16567,0.0225329999999999,0.013254,0.012884,0.014029,0.021045
1816,0.1,0.082121,0.163382,0.0227339999999999,0.013204,0.012884,0.014107,0.021022
1817,0.103,0.081304,0.16336,0.032882,0.013328,0.012963,0.014052,0.021375
1818,0.109,0.082789,0.163687,0.0226,0.013431,0.012908,0.014142,0.021291
1819,0.109,0.081667,0.163767,0.0224829999999999,0.013316,0.012875,0.014113,0.021167
1820,0.11,0.090037,0.162982,0.022708,0.013281,0.012831,0.014241,0.021113
1821,0.109,0.081369,0.163405,0.022541,0.013361,0.012933,0.014256,0.021323
1822,0.1,0.081494,0.163612,0.022775,0.013307,0.012844,0.014295,0.021173
1823,0.101,0.081302,0.163215,0.02277,0.013462,0.01286,0.014054,0.021083
1824,0.108,0.090966,0.162911,0.0225819999999999,0.013423,0.012839,0.014033,0.021124
1825,0.1,0.081397,0.162862,0.022771,0.013289,0.013071,0.014044,0.020933
1826,0.1,0.08138,0.163422,0.022677,0.01328,0.01292,0.014056,0.020898
1827,0.1,0.081278,0.164603,0.022759,0.01328,0.012964,0.01409,0.021278
1828,0.108,0.082058,0.163596,0.0228549999999999,0.013299,0.012877,0.014089,0.021074
1829,0.112,0.081912,0.16876,0.022545,0.013309,0.012826,0.01412,0.02095
1830,0.113,0.08174,0.163505,0.022535,0.013412,0.013164,0.014045,0.021174
1831,0.102,0.081241,0.163287,0.033253,0.013534,0.012898,0.014082,0.021159
1832,0.109,0.082089,0.163964,0.022709,0.013487,0.012984,0.014239,0.021277
1833,0.109,0.08114,0.162886,0.022555,0.013596,0.012847,0.014254,0.021188
1834,0.113,0.081273,0.163476,0.033102,0.013318,0.013104,0.014102,0.02125
1835,0.11,0.082837,0.163728,0.0226,0.013222,0.013009,0.014272,0.021159
1836,0.109,0.082273,0.163331,0.022693,0.013395,0.012922,0.014173,0.021008
1837,0.1,0.081667,0.163351,0.022723,0.013459,0.013116,0.014311,0.021125
1838,0.1,0.080798,0.164171,0.0228169999999999,0.013374,0.012907,0.0142,0.020999
1839,0.11,0.08242,0.168723,0.033163,0.013368,0.013006,0.014313,0.021364
1840,0.098,0.08197,0.163985,0.022908,0.01341,0.012877,0.014214,0.021224
1841,0.111,0.081775,0.163743,0.0228319999999999,0.013545,0.012921,0.014091,0.021193
1842,0.1,0.082473,0.163076,0.033301,0.013357,0.01298,0.014241,0.020881
1843,0.109,0.08255,0.171245,0.022729,0.013341,0.012904,0.014239,0.020753
1844,0.11,0.083151,0.164253,0.02273,0.013377,0.01294,0.014255,0.021017
1845,0.11,0.084293,0.163924,0.022654,0.013297,0.012969,0.014333,0.021084
1846,0.106,0.081397,0.164069,0.022671,0.013306,0.012934,0.014093,0.021006
1847,0.109,0.081377,0.163012,0.022604,0.013251,0.01295,0.014185,0.021246
1848,0.1,0.082139,0.163777,0.02259,0.013646,0.013274,0.014113,0.021083
1849,0.109,0.081664,0.163192,0.022524,0.013267,0.012948,0.014122,0.021152
1850,0.103,0.081256,0.163491,0.0229359999999999,0.013278,0.012885,0.014165,0.021226
1851,0.099,0.084112,0.163544,0.022694,0.013441,0.013081,0.014114,0.021002
1852,0.109,0.08213,0.163453,0.022688,0.013332,0.012839,0.014169,0.021302
1853,0.1,0.081127,0.169246,0.02262,0.013316,0.013198,0.014241,0.021339
1854,0.109,0.081582,0.165142,0.0226779999999999,0.013295,0.012974,0.014163,0.021191
1855,0.1,0.091327,0.163859,0.022623,0.013349,0.012818,0.014332,0.021269
1856,0.109,0.085505,0.163954,0.0225159999999999,0.013353,0.012854,0.014174,0.021246
1857,0.108,0.081774,0.163313,0.022636,0.013404,0.012922,0.01418,0.021199
1858,0.109,0.081126,0.163462,0.022598,0.013565,0.012903,0.014363,0.021055
1859,0.109,0.08256,0.162106,0.022658,0.01341,0.01288,0.01428,0.021264
1860,0.11,0.082031,0.164287,0.022567,0.013448,0.012879,0.014221,0.02122
1861,0.108,0.0814,0.163343,0.022516,0.013396,0.01303,0.014138,0.021113
1862,0.109,0.08349,0.163147,0.022521,0.013613,0.013143,0.014331,0.02103
1863,0.109,0.082548,0.162655,0.022389,0.013353,0.013006,0.014017,0.021302
1864,0.1,0.084448,0.163211,0.0228109999999999,0.013405,0.012926,0.014138,0.021282
1865,0.101,0.080982,0.163352,0.022764,0.013337,0.013211,0.014021,0.021123
1866,0.1,0.082306,0.172153,0.022501,0.01331,0.012901,0.014209,0.020864
1867,0.109,0.08172,0.162728,0.022751,0.013557,0.012939,0.013958,0.021112
1868,0.113,0.084246,0.165929,0.022706,0.013289,0.012942,0.013892,0.021087
1869,0.1,0.081705,0.163327,0.022624,0.013492,0.01293,0.013946,0.021206
1870,0.109,0.081546,0.162525,0.022669,0.01353,0.012898,0.013949,0.020936
1871,0.109,0.081462,0.163199,0.022784,0.013346,0.013263,0.014156,0.021228
1872,0.11,0.082166,0.163522,0.022473,0.013359,0.01291,0.0139,0.021031
1873,0.11,0.0816,0.163559,0.022456,0.013426,0.012854,0.014226,0.021284
1874,0.101,0.081324,0.163487,0.022378,0.013661,0.013154,0.01407,0.021134
1875,0.108,0.081345,0.16292,0.022691,0.013643,0.012836,0.014084,0.021259
1876,0.109,0.082255,0.163936,0.022737,0.013451,0.012886,0.014093,0.021083
1877,0.113,0.081288,0.162994,0.033093,0.013645,0.012829,0.014065,0.021431
1878,0.11,0.081418,0.165087,0.022823,0.013403,0.012936,0.014064,0.021146
1879,0.109,0.081748,0.163319,0.0227279999999999,0.013652,0.013056,0.014247,0.021076
1880,0.106,0.08233,0.162698,0.0226989999999999,0.013381,0.013158,0.014068,0.02136
1881,0.11,0.083859,0.163567,0.0228519999999999,0.013353,0.013006,0.014423,0.021294
1882,0.109,0.080854,0.164301,0.022924,0.013368,0.012951,0.014041,0.021144
1883,0.111,0.081211,0.163403,0.022496,0.013516,0.012992,0.01398,0.020985
1884,0.1,0.082314,0.164078,0.022517,0.013264,0.012945,0.013957,0.021202
1885,0.109,0.081892,0.163299,0.0229079999999999,0.013556,0.012938,0.013971,0.021109
1886,0.109,0.081577,0.162958,0.022645,0.013408,0.012962,0.01394,0.021131
1887,0.102,0.081721,0.16295,0.022699,0.013381,0.013046,0.014026,0.021311
1888,0.102,0.08214,0.163804,0.022828,0.013559,0.012952,0.014064,0.021137
1889,0.111,0.081324,0.163286,0.022841,0.013488,0.013006,0.01414,0.021006
1890,0.11,0.081281,0.163046,0.022503,0.013457,0.012935,0.014122,0.021297
1891,0.11,0.081677,0.163814,0.02274,0.013449,0.012922,0.014232,0.021186
1892,0.109,0.083002,0.165959,0.022719,0.013541,0.012903,0.014085,0.021064
1893,0.104,0.080854,0.164336,0.0228869999999999,0.013701,0.013135,0.014201,0.0216
1894,0.1,0.082043,0.162841,0.02273,0.013566,0.013052,0.014141,0.021191
1895,0.11,0.081733,0.163258,0.022744,0.013561,0.012917,0.014298,0.021071
1896,0.11,0.08241,0.164165,0.022515,0.013676,0.012932,0.014228,0.021184
1897,0.105,0.081427,0.164365,0.022829,0.013671,0.01295,0.01413,0.021122
1898,0.109,0.081456,0.163559,0.022666,0.013512,0.013041,0.014188,0.021132
1899,0.102,0.081187,0.164898,0.022829,0.01339,0.01314,0.014074,0.021216
1900,0.109,0.081952,0.16328,0.022569,0.013437,0.013031,0.01414,0.021064
1901,0.101,0.081704,0.162991,0.0227129999999999,0.013591,0.01307,0.014249,0.021018
1902,0.108,0.081703,0.163785,0.033092,0.013416,0.013259,0.014163,0.021193
1903,0.099,0.082132,0.162871,0.022755,0.013549,0.012935,0.01422,0.021122
1904,0.103,0.083533,0.164103,0.022791,0.01353,0.0131,0.014199,0.020916
1905,0.102,0.081181,0.163883,0.022833,0.013508,0.013278,0.014155,0.020982
1906,0.11,0.081033,0.163591,0.022688,0.013539,0.013008,0.014287,0.020974
1907,0.109,0.081502,0.168646,0.023016,0.013512,0.013257,0.014278,0.021071
1908,0.109,0.083407,0.16343,0.0229979999999999,0.013515,0.012848,0.014203,0.021167
1909,0.11,0.081461,0.162845,0.023064,0.013456,0.012896,0.014141,0.020987
1910,0.109,0.081511,0.163441,0.02258,0.013608,0.012917,0.014144,0.021237
1911,0.108,0.082404,0.164315,0.0225889999999999,0.013449,0.012926,0.014148,0.021131
1912,0.109,0.082094,0.163182,0.023028,0.013454,0.013186,0.014245,0.021098
1913,0.11,0.082067,0.164117,0.0226789999999999,0.013431,0.012877,0.014164,0.020971
1914,0.109,0.081578,0.163252,0.022978,0.013478,0.012842,0.014131,0.02113
1915,0.101,0.082092,0.163019,0.022541,0.013445,0.012867,0.014131,0.021168
1916,0.108,0.082062,0.162934,0.022744,0.013388,0.01299,0.01414,0.021123
1917,0.11,0.08576,0.165271,0.02257,0.01353,0.012802,0.014229,0.021195
1918,0.1,0.08138,0.163105,0.022527,0.013441,0.012933,0.014183,0.021329
1919,0.109,0.081558,0.168324,0.022875,0.01357,0.012843,0.014298,0.02115
1920,0.109,0.082929,0.163646,0.022637,0.013677,0.013247,0.01423,0.021127
1921,0.109,0.081351,0.163166,0.02262,0.013556,0.012808,0.014453,0.021065
1922,0.109,0.081343,0.165869,0.022656,0.013519,0.012969,0.014456,0.021094
1923,0.11,0.081477,0.163827,0.022586,0.013551,0.013086,0.014371,0.02133
1924,0.11,0.081919,0.16356,0.022542,0.013497,0.012927,0.014447,0.021436
1925,0.109,0.082005,0.164733,0.023086,0.013452,0.012834,0.014364,0.021139
1926,0.111,0.082904,0.162699,0.022721,0.013596,0.012915,0.014527,0.020926
1927,0.108,0.081453,0.164591,0.022597,0.013561,0.01285,0.014472,0.020901
1928,0.114,0.08237,0.16389,0.0229149999999999,0.01342,0.012965,0.014521,0.020805
1929,0.11,0.080709,0.167788,0.022572,0.013429,0.013114,0.014268,0.020997
1930,0.11,0.081414,0.163815,0.022969,0.013496,0.012831,0.01444,0.021294
1931,0.109,0.081449,0.163551,0.023076,0.013592,0.012894,0.014465,0.021189
1932,0.11,0.082428,0.166606,0.022852,0.013505,0.012917,0.014435,0.021079
1933,0.109,0.084361,0.164095,0.022632,0.013655,0.012728,0.014442,0.021314
1934,0.109,0.081377,0.163147,0.022815,0.013524,0.013106,0.014316,0.02118
1935,0.11,0.081235,0.163809,0.022611,0.013472,0.012921,0.014287,0.021002
1936,0.103,0.082048,0.163867,0.0228719999999999,0.013461,0.012936,0.014363,0.021347
1937,0.108,0.080971,0.163412,0.022908,0.01353,0.012953,0.01453,0.020993
1938,0.106,0.08125,0.164046,0.0228689999999999,0.013415,0.012947,0.014503,0.020916
1939,0.109,0.087491,0.162537,0.022613,0.013375,0.012802,0.014446,0.021057
1940,0.1,0.082527,0.163728,0.02258,0.013479,0.013161,0.014499,0.021158
1941,0.101,0.081648,0.163941,0.022808,0.013612,0.012927,0.014173,0.02099
1942,0.11,0.081406,0.163229,0.022829,0.013566,0.01286,0.014127,0.021558
1943,0.11,0.081429,0.164751,0.0230329999999999,0.01344,0.013158,0.014408,0.02119
1944,0.109,0.082845,0.163387,0.022583,0.013429,0.012871,0.014383,0.021084
1945,0.111,0.082351,0.163611,0.022667,0.013581,0.013029,0.014422,0.021361
1946,0.11,0.081956,0.163293,0.030968,0.013528,0.01281,0.014406,0.021295
1947,0.109,0.081694,0.164043,0.022665,0.013508,0.012963,0.014519,0.02113
1948,0.11,0.082897,0.163434,0.022583,0.013604,0.012778,0.014382,0.021159
1949,0.111,0.081807,0.162851,0.0227869999999999,0.013534,0.013006,0.014434,0.021001
1950,0.109,0.08095,0.163633,0.033353,0.013511,0.012791,0.014564,0.02114
1951,0.109,0.081335,0.167584,0.02262,0.01354,0.012749,0.01464,0.020955
1952,0.1,0.085556,0.163573,0.022659,0.013626,0.012935,0.014444,0.020995
1953,0.109,0.081214,0.163437,0.022617,0.013736,0.012867,0.014537,0.021282
1954,0.106,0.084783,0.164046,0.022768,0.013574,0.013036,0.01456,0.02116
1955,0.109,0.088403,0.163405,0.022654,0.013639,0.012761,0.014755,0.021046
1956,0.1,0.082594,0.164469,0.0226549999999999,0.013616,0.013044,0.014523,0.020875
1957,0.11,0.08118,0.163594,0.022905,0.013557,0.012995,0.014594,0.020934
1958,0.11,0.081447,0.163995,0.023025,0.013564,0.01305,0.014602,0.02116
1959,0.109,0.081122,0.163078,0.0327159999999999,0.013552,0.01298,0.014619,0.021265
1960,0.11,0.082688,0.164804,0.022761,0.013699,0.0131,0.014415,0.021318
1961,0.109,0.081138,0.163349,0.022624,0.013411,0.012971,0.01437,0.021096
1962,0.108,0.084476,0.163305,0.022811,0.013768,0.012953,0.014388,0.020915
1963,0.109,0.081303,0.163095,0.022352,0.013541,0.01295,0.014665,0.021266
1964,0.105,0.082102,0.163377,0.022638,0.013532,0.01284,0.01468,0.021017
1965,0.109,0.081856,0.164187,0.022734,0.013572,0.012939,0.014547,0.021134
1966,0.101,0.081958,0.164341,0.022527,0.013628,0.01315,0.014471,0.020876
1967,0.109,0.082239,0.165003,0.022961,0.013555,0.012922,0.014647,0.020871
1968,0.11,0.082369,0.163435,0.022709,0.013578,0.012947,0.01465,0.02103
1969,0.109,0.08145,0.163599,0.022794,0.013559,0.013006,0.014629,0.021239
1970,0.109,0.081462,0.163876,0.022784,0.013479,0.013028,0.014558,0.021245
1971,0.099,0.081857,0.163188,0.033345,0.013467,0.013234,0.014484,0.021255
1972,0.109,0.083622,0.16368,0.0224,0.013717,0.012894,0.014476,0.021033
1973,0.109,0.082401,0.163749,0.022681,0.013594,0.013132,0.014593,0.021352
1974,0.11,0.081787,0.164652,0.022992,0.013446,0.013285,0.014586,0.021209
1975,0.109,0.081481,0.162483,0.022992,0.013437,0.013128,0.014495,0.020995
1976,0.105,0.082219,0.163871,0.022541,0.013522,0.01317,0.014474,0.021221
1977,0.11,0.081632,0.163708,0.022637,0.013482,0.013034,0.014445,0.021003
1978,0.11,0.081241,0.162847,0.022644,0.013475,0.013113,0.014383,0.021184
1979,0.1,0.081367,0.163409,0.0228039999999999,0.013483,0.012925,0.014557,0.021188
1980,0.113,0.082713,0.163276,0.0227209999999999,0.013589,0.01305,0.014641,0.021242
1981,0.1,0.081331,0.16359,0.022587,0.0136,0.013054,0.0144,0.020954
1982,0.108,0.081336,0.163837,0.022644,0.01357,0.013019,0.014623,0.021124
1983,0.109,0.082467,0.16393,0.022674,0.013694,0.012871,0.01454,0.021334
1984,0.111,0.083287,0.170419,0.022655,0.013573,0.013032,0.01463,0.021216
1985,0.109,0.081082,0.163615,0.022793,0.013586,0.012915,0.014567,0.021047
1986,0.109,0.081926,0.163364,0.022581,0.013717,0.012965,0.014578,0.021265
1987,0.1,0.081959,0.162669,0.022721,0.014007,0.012905,0.014908,0.021368
1988,0.11,0.082108,0.163563,0.022409,0.013551,0.013008,0.014689,0.021168
1989,0.109,0.081834,0.165974,0.022688,0.013533,0.013082,0.014464,0.021152
1990,0.109,0.084164,0.164855,0.023024,0.013505,0.013171,0.01451,0.021139
1991,0.109,0.081161,0.163385,0.022779,0.013498,0.013183,0.01469,0.02124
1992,0.109,0.082082,0.16278,0.022526,0.01357,0.013071,0.014514,0.021239
1993,0.112,0.080959,0.163399,0.0224499999999999,0.013496,0.013092,0.014384,0.021275
1994,0.111,0.081699,0.164805,0.022719,0.013588,0.012993,0.014597,0.021146
1995,0.109,0.081527,0.16688,0.022531,0.013535,0.013049,0.014469,0.021285
1996,0.109,0.082142,0.163031,0.022742,0.013471,0.013006,0.014524,0.021164
1997,0.109,0.081976,0.163352,0.022208,0.013516,0.013186,0.014405,0.021065
1998,0.11,0.083966,0.164683,0.022492,0.013478,0.012917,0.014477,0.021202
1999,0.11,0.081742,0.163266,0.022631,0.013568,0.01296,0.014381,0.021198
2000,0.1,0.082461,0.162872,0.022925,0.013577,0.013038,0.014454,0.021249
2001,0.11,0.082398,0.163595,0.02278,0.013591,0.012846,0.014589,0.020983
2002,0.111,0.082003,0.163121,0.022788,0.013633,0.013019,0.014585,0.021096
2003,0.109,0.081776,0.163833,0.022803,0.013578,0.012995,0.014661,0.021246
2004,0.102,0.082,0.163337,0.0227129999999999,0.013735,0.012987,0.014491,0.020902
2005,0.1,0.081052,0.164069,0.022893,0.01368,0.013004,0.014638,0.020999
2006,0.108,0.081203,0.163604,0.022824,0.013649,0.012954,0.014688,0.021352
2007,0.109,0.082055,0.163309,0.0231009999999999,0.01364,0.013067,0.014605,0.020984
2008,0.11,0.085137,0.163658,0.022861,0.013592,0.012993,0.014478,0.021205
2009,0.108,0.082727,0.163371,0.023113,0.013608,0.013163,0.014466,0.020993
2010,0.101,0.087879,0.163833,0.022768,0.013636,0.013151,0.014398,0.021272
2011,0.11,0.081345,0.165598,0.022659,0.013559,0.013019,0.014356,0.021188
2012,0.11,0.083658,0.162992,0.022701,0.013559,0.012983,0.0147,0.021198
2013,0.11,0.081566,0.162798,0.022795,0.013694,0.013002,0.014508,0.020958
2014,0.109,0.081467,0.168041,0.02266,0.013515,0.013028,0.014703,0.02106
2015,0.109,0.081009,0.16342,0.022671,0.013629,0.013086,0.014599,0.021276
2016,0.101,0.082107,0.163821,0.032866,0.013635,0.012954,0.014564,0.021154
2017,0.1,0.081475,0.162822,0.0226789999999999,0.01381,0.012979,0.014782,0.020995
2018,0.11,0.081407,0.165224,0.023041,0.01398,0.013001,0.014822,0.021254
2019,0.11,0.081507,0.163902,0.033075,0.013902,0.01312,0.014886,0.021106
2020,0.113,0.082207,0.163807,0.022985,0.013912,0.013143,0.014832,0.021193
